ISO-10303-21;
HEADER;
FILE_DESCRIPTION (( 'STEP AP214' ),
    '1' );
FILE_NAME ('RxxCTxxS_3D_20201005.step',
    '2020-10-05T07:21:24',
    ( '' ),
    ( '' ),
    'SwSTEP 2.0',
    'SolidWorks 2019',
    '' );
FILE_SCHEMA (( 'AUTOMOTIVE_DESIGN' ));
ENDSEC;

DATA;
#1 = CARTESIAN_POINT ( 'NONE',  ( 4.538000000000000256, -0.3810000000000000053, 0.3770000000000000018 ) ) ;
#2 = ORIENTED_EDGE ( 'NONE', *, *, #1617, .T. ) ;
#3 = ORIENTED_EDGE ( 'NONE', *, *, #176, .T. ) ;
#4 = CARTESIAN_POINT ( 'NONE',  ( -3.797000000000000153, -5.244999999999999218, 1.306000000000000050 ) ) ;
#5 = CARTESIAN_POINT ( 'NONE',  ( 4.538169246415237446, 1.989666666666666472, 0.3770451553572226611 ) ) ;
#6 = LINE ( 'NONE', #5277, #5752 ) ;
#7 = EDGE_CURVE ( 'NONE', #7034, #2429, #5539, .T. ) ;
#8 = ORIENTED_EDGE ( 'NONE', *, *, #4653, .T. ) ;
#9 = CIRCLE ( 'NONE', #1348, 0.5080000000000001181 ) ;
#10 = CYLINDRICAL_SURFACE ( 'NONE', #3026, 0.2540000000000000036 ) ;
#11 = ORIENTED_EDGE ( 'NONE', *, *, #1213, .T. ) ;
#12 = CARTESIAN_POINT ( 'NONE',  ( -5.028999999999999915, -4.191000000000000725, 0.5080000000000000071 ) ) ;
#13 = DIRECTION ( 'NONE',  ( 0.000000000000000000, -1.000000000000000000, 0.000000000000000000 ) ) ;
#14 = AXIS2_PLACEMENT_3D ( 'NONE', #3856, #3398, #6349 ) ;
#15 = ORIENTED_EDGE ( 'NONE', *, *, #1555, .T. ) ;
#16 = ORIENTED_EDGE ( 'NONE', *, *, #4860, .F. ) ;
#17 = EDGE_CURVE ( 'NONE', #5130, #5357, #7255, .T. ) ;
#18 = VECTOR ( 'NONE', #6519, 1000.000000000000000 ) ;
#19 = ORIENTED_EDGE ( 'NONE', *, *, #3421, .F. ) ;
#20 = ORIENTED_EDGE ( 'NONE', *, *, #3274, .T. ) ;
#21 = AXIS2_PLACEMENT_3D ( 'NONE', #6750, #3749, #4406 ) ;
#22 = DIRECTION ( 'NONE',  ( -1.000000000000000000, 0.000000000000000000, 0.000000000000000000 ) ) ;
#23 = DIRECTION ( 'NONE',  ( 0.9658855493432024764, 0.000000000000000000, -0.2589693139543370881 ) ) ;
#24 = CARTESIAN_POINT ( 'NONE',  ( -4.783000000000000362, 0.8890000000000000124, 0.4420000000000000040 ) ) ;
#25 = LINE ( 'NONE', #5935, #4507 ) ;
#26 = CARTESIAN_POINT ( 'NONE',  ( -5.321000000000000618, -0.3810000000000000053, 0.000000000000000000 ) ) ;
#27 = VERTEX_POINT ( 'NONE', #3834 ) ;
#28 = DIRECTION ( 'NONE',  ( 0.7931070766835157659, 0.000000000000000000, 0.6090822316522848112 ) ) ;
#29 = EDGE_LOOP ( 'NONE', ( #3756, #1345, #7565, #4717 ) ) ;
#30 = LINE ( 'NONE', #717, #2253 ) ;
#31 = FACE_OUTER_BOUND ( 'NONE', #2533, .T. ) ;
#32 = EDGE_CURVE ( 'NONE', #6589, #3029, #7280, .T. ) ;
#33 = LINE ( 'NONE', #7094, #5014 ) ;
#34 = DIRECTION ( 'NONE',  ( -1.000000000000000000, 0.000000000000000000, 0.000000000000000000 ) ) ;
#35 = DIRECTION ( 'NONE',  ( 0.9859580976712545297, 0.000000000000000000, -0.1669929029524335751 ) ) ;
#36 = PRESENTATION_STYLE_ASSIGNMENT (( #3502 ) ) ;
#37 = ORIENTED_EDGE ( 'NONE', *, *, #7364, .F. ) ;
#38 = ORIENTED_EDGE ( 'NONE', *, *, #6038, .F. ) ;
#39 = DIRECTION ( 'NONE',  ( 0.000000000000000000, 1.000000000000000000, 0.000000000000000000 ) ) ;
#40 = DIRECTION ( 'NONE',  ( -0.7931070766835153218, 0.000000000000000000, -0.6090822316522856994 ) ) ;
#41 = ORIENTED_EDGE ( 'NONE', *, *, #222, .T. ) ;
#42 = CARTESIAN_POINT ( 'NONE',  ( -5.321000000000000618, 2.158999999999999808, 0.2540000000000000036 ) ) ;
#43 = EDGE_CURVE ( 'NONE', #702, #2104, #5071, .T. ) ;
#44 = AXIS2_PLACEMENT_3D ( 'NONE', #2866, #4555, #490 ) ;
#46 = VERTEX_POINT ( 'NONE', #3875 ) ;
#45 = CLOSED_SHELL ( 'NONE', ( #3800, #3038, #3312, #6739, #2378, #7545, #2464, #1282, #2937, #4017, #6248, #5805, #5496, #461 ) ) ;
#47 = LINE ( 'NONE', #7430, #3890 ) ;
#48 = AXIS2_PLACEMENT_3D ( 'NONE', #6717, #875, #4331 ) ;
#49 = DIRECTION ( 'NONE',  ( 1.000000000000000000, 0.000000000000000000, 0.000000000000000000 ) ) ;
#50 = EDGE_LOOP ( 'NONE', ( #1863, #4751, #2862, #1241 ) ) ;
#51 = VECTOR ( 'NONE', #2751, 1000.000000000000000 ) ;
#52 = VECTOR ( 'NONE', #2161, 1000.000000000000000 ) ;
#53 = EDGE_LOOP ( 'NONE', ( #7496, #960, #122, #2485 ) ) ;
#54 = ORIENTED_EDGE ( 'NONE', *, *, #76, .F. ) ;
#55 = ORIENTED_EDGE ( 'NONE', *, *, #3182, .T. ) ;
#56 = CARTESIAN_POINT ( 'NONE',  ( -3.797000000000000153, -5.244999999999999218, 1.590000000000000080 ) ) ;
#57 = DIRECTION ( 'NONE',  ( 0.000000000000000000, 0.000000000000000000, 1.000000000000000000 ) ) ;
#58 = CARTESIAN_POINT ( 'NONE',  ( 4.538000000000000256, -0.8890000000000000124, 0.3770000000000000018 ) ) ;
#59 = CARTESIAN_POINT ( 'NONE',  ( -2.586999999999999744, 4.270000000000000462, 2.644000000000000128 ) ) ;
#60 = ORIENTED_EDGE ( 'NONE', *, *, #5766, .T. ) ;
#61 = FACE_OUTER_BOUND ( 'NONE', #2500, .T. ) ;
#62 = EDGE_LOOP ( 'NONE', ( #1011, #5664, #140, #3288 ) ) ;
#63 = CARTESIAN_POINT ( 'NONE',  ( -4.089999999999999858, -3.429000000000000270, 1.320999999999999952 ) ) ;
#64 = CARTESIAN_POINT ( 'NONE',  ( -3.797000000000000153, -5.244999999999999218, 1.306000000000000050 ) ) ;
#65 = DIRECTION ( 'NONE',  ( 0.000000000000000000, 0.000000000000000000, -1.000000000000000000 ) ) ;
#66 = EDGE_CURVE ( 'NONE', #619, #4575, #3305, .T. ) ;
#67 = CARTESIAN_POINT ( 'NONE',  ( 4.538000000000000256, -0.3810000000000000053, 0.3770000000000000018 ) ) ;
#68 = CARTESIAN_POINT ( 'NONE',  ( 5.028999999999999915, -4.698999999999999844, 0.5080000000000000071 ) ) ;
#69 = DIRECTION ( 'NONE',  ( 0.000000000000000000, -1.000000000000000000, 0.000000000000000000 ) ) ;
#70 = VERTEX_POINT ( 'NONE', #7372 ) ;
#71 = ORIENTED_EDGE ( 'NONE', *, *, #2688, .F. ) ;
#72 = LINE ( 'NONE', #689, #2118 ) ;
#73 = AXIS2_PLACEMENT_3D ( 'NONE', #3712, #3131, #253 ) ;
#74 = DIRECTION ( 'NONE',  ( 0.000000000000000000, 1.000000000000000000, 0.000000000000000000 ) ) ;
#75 = EDGE_LOOP ( 'NONE', ( #625, #468, #7370, #5779 ) ) ;
#76 = EDGE_CURVE ( 'NONE', #3162, #5880, #2137, .T. ) ;
#77 = ADVANCED_FACE ( 'NONE', ( #951 ), #302, .T. ) ;
#78 = DIRECTION ( 'NONE',  ( 1.000000000000000000, 0.000000000000000000, 0.000000000000000000 ) ) ;
#79 = EDGE_CURVE ( 'NONE', #3354, #5156, #6065, .T. ) ;
#80 = MECHANICAL_DESIGN_GEOMETRIC_PRESENTATION_REPRESENTATION (  '', ( #451 ), #2406 ) ;
#81 = VERTEX_POINT ( 'NONE', #5648 ) ;
#82 = DIRECTION ( 'NONE',  ( 0.7931070766835157659, 0.000000000000000000, 0.6090822316522848112 ) ) ;
#83 = VECTOR ( 'NONE', #3405, 1000.000000000000000 ) ;
#84 = CARTESIAN_POINT ( 'NONE',  ( -4.089999999999999858, -4.698999999999999844, 1.066999999999999948 ) ) ;
#85 = B_SPLINE_CURVE_WITH_KNOTS ( 'NONE', 3,
 ( #1941, #6095, #6023, #2553 ),
 .UNSPECIFIED., .F., .F.,
 ( 4, 4 ),
 ( 0.000000000000000000, 1.000000000000000000 ),
 .UNSPECIFIED. ) ;
#86 = ADVANCED_FACE ( 'NONE', ( #2635 ), #4982, .T. ) ;
#87 = ORIENTED_EDGE ( 'NONE', *, *, #1573, .F. ) ;
#88 = MANIFOLD_SOLID_BREP ( 'RxxCTxxS_3D_20201005_Pin4', #4500 ) ;
#89 = AXIS2_PLACEMENT_3D ( 'NONE', #575, #2290, #2879 ) ;
#90 = ORIENTED_EDGE ( 'NONE', *, *, #5432, .T. ) ;
#91 = ORIENTED_EDGE ( 'NONE', *, *, #5751, .T. ) ;
#92 = VERTEX_POINT ( 'NONE', #6257 ) ;
#93 = DIRECTION ( 'NONE',  ( 0.7931070766835153218, 0.000000000000000000, 0.6090822316522856994 ) ) ;
#94 = PLANE ( 'NONE',  #6386 ) ;
#95 = AXIS2_PLACEMENT_3D ( 'NONE', #4054, #557, #4087 ) ;
#96 = UNCERTAINTY_MEASURE_WITH_UNIT (LENGTH_MEASURE( 1.000000000000000082E-05 ), #3389, 'distance_accuracy_value', 'NONE');
#97 = CIRCLE ( 'NONE', #6233, 0.2539999999999996705 ) ;
#98 = FACE_OUTER_BOUND ( 'NONE', #1319, .T. ) ;
#99 = EDGE_CURVE ( 'NONE', #101, #2890, #4942, .T. ) ;
#100 = DIRECTION ( 'NONE',  ( 1.000000000000000000, 0.000000000000000000, 0.000000000000000000 ) ) ;
#101 = VERTEX_POINT ( 'NONE', #5829 ) ;
#102 = VECTOR ( 'NONE', #1831, 1000.000000000000000 ) ;
#103 = MANIFOLD_SOLID_BREP ( 'RxxCTxxS_3D_20201005_Pin2', #7440 ) ;
#104 = CARTESIAN_POINT ( 'NONE',  ( -4.538000000000000256, -0.3810000000000000053, 0.3770000000000000018 ) ) ;
#105 = ORIENTED_EDGE ( 'NONE', *, *, #7178, .F. ) ;
#106 = DIRECTION ( 'NONE',  ( 0.000000000000000000, 0.000000000000000000, -1.000000000000000000 ) ) ;
#107 = DIRECTION ( 'NONE',  ( 1.000000000000000000, 0.000000000000000000, 0.000000000000000000 ) ) ;
#108 = CARTESIAN_POINT ( 'NONE',  ( -5.028999999999999915, 3.429000000000000270, 0.5080000000000000071 ) ) ;
#109 = CIRCLE ( 'NONE', #1932, 0.2539999999999996705 ) ;
#110 = AXIS2_PLACEMENT_3D ( 'NONE', #3991, #3453, #3342 ) ;
#111 = EDGE_CURVE ( 'NONE', #4464, #558, #6983, .T. ) ;
#112 = PLANE ( 'NONE',  #1630 ) ;
#113 = VERTEX_POINT ( 'NONE', #5685 ) ;
#114 = DIRECTION ( 'NONE',  ( 1.000000000000000000, 0.000000000000000000, 0.000000000000000000 ) ) ;
#115 = EDGE_CURVE ( 'NONE', #5132, #2285, #1598, .T. ) ;
#116 = EDGE_LOOP ( 'NONE', ( #2379, #991, #1951, #246 ) ) ;
#117 = ORIENTED_EDGE ( 'NONE', *, *, #414, .F. ) ;
#118 = CARTESIAN_POINT ( 'NONE',  ( -4.470144042195333789, -4.191000000000000725, 0.6289492480282171671 ) ) ;
#119 = CARTESIAN_POINT ( 'NONE',  ( 4.335256734746894658, -1.989666666666666472, 1.133069161197122865 ) ) ;
#120 = VERTEX_POINT ( 'NONE', #3384 ) ;
#121 = CARTESIAN_POINT ( 'NONE',  ( -5.028999999999999915, 1.650999999999999801, 0.2540000000000000036 ) ) ;
#122 = ORIENTED_EDGE ( 'NONE', *, *, #4201, .F. ) ;
#123 = CARTESIAN_POINT ( 'NONE',  ( 5.321000000000000618, 2.158999999999999808, 0.000000000000000000 ) ) ;
#124 = EDGE_CURVE ( 'NONE', #4692, #552, #7558, .T. ) ;
#125 = EDGE_CURVE ( 'NONE', #908, #5738, #3435, .T. ) ;
#126 = CYLINDRICAL_SURFACE ( 'NONE', #7124, 0.5080000000000000071 ) ;
#127 = ADVANCED_FACE ( 'NONE', ( #573 ), #5723, .T. ) ;
#128 = AXIS2_PLACEMENT_3D ( 'NONE', #6511, #23, #6437 ) ;
#129 = ORIENTED_EDGE ( 'NONE', *, *, #6373, .F. ) ;
#130 = ORIENTED_EDGE ( 'NONE', *, *, #3479, .F. ) ;
#131 = ORIENTED_EDGE ( 'NONE', *, *, #4922, .T. ) ;
#132 = ORIENTED_EDGE ( 'NONE', *, *, #7463, .F. ) ;
#133 = LINE ( 'NONE', #5818, #1273 ) ;
#134 = CARTESIAN_POINT ( 'NONE',  ( -4.581000000000000405, 4.698999999999999844, 1.197999999999999954 ) ) ;
#135 = CARTESIAN_POINT ( 'NONE',  ( 4.538000000000000256, 3.429000000000000270, 0.3770000000000000018 ) ) ;
#136 = LINE ( 'NONE', #6584, #6458 ) ;
#137 = VERTEX_POINT ( 'NONE', #2916 ) ;
#138 = EDGE_CURVE ( 'NONE', #3351, #7223, #1001, .T. ) ;
#139 = CARTESIAN_POINT ( 'NONE',  ( -4.335256734746894658, 1.989666666666666472, 1.133069161197122865 ) ) ;
#140 = ORIENTED_EDGE ( 'NONE', *, *, #7275, .T. ) ;
#141 = FACE_OUTER_BOUND ( 'NONE', #6298, .T. ) ;
#142 = CARTESIAN_POINT ( 'NONE',  ( -3.797000000000000153, -0.8890000000000000124, 1.574999999999999956 ) ) ;
#143 = B_SPLINE_CURVE_WITH_KNOTS ( 'NONE', 3,
 ( #4245, #6019, #1256, #758 ),
 .UNSPECIFIED., .F., .F.,
 ( 4, 4 ),
 ( 0.000000000000000000, 1.000000000000000000 ),
 .UNSPECIFIED. ) ;
#144 = DIRECTION ( 'NONE',  ( 0.000000000000000000, -1.000000000000000000, 0.000000000000000000 ) ) ;
#145 = DIRECTION ( 'NONE',  ( -1.000000000000000000, 0.000000000000000000, 0.000000000000000000 ) ) ;
#146 = DIRECTION ( 'NONE',  ( 0.000000000000000000, 0.000000000000000000, -1.000000000000000000 ) ) ;
#147 = ORIENTED_EDGE ( 'NONE', *, *, #3363, .F. ) ;
#148 = DIRECTION ( 'NONE',  ( -0.2589693139543370881, 0.000000000000000000, 0.9658855493432024764 ) ) ;
#149 = LINE ( 'NONE', #1862, #1203 ) ;
#150 = VERTEX_POINT ( 'NONE', #2288 ) ;
#151 = CARTESIAN_POINT ( 'NONE',  ( -4.538000000000000256, 2.158999999999999808, 0.3770000000000000018 ) ) ;
#152 = CARTESIAN_POINT ( 'NONE',  ( 4.334999999999999964, -2.158999999999999808, 1.132999999999999785 ) ) ;
#153 = DIRECTION ( 'NONE',  ( 0.000000000000000000, -1.000000000000000000, 0.000000000000000000 ) ) ;
#154 = EDGE_CURVE ( 'NONE', #6930, #4579, #5181, .T. ) ;
#155 = ORIENTED_EDGE ( 'NONE', *, *, #4632, .T. ) ;
#156 = ORIENTED_EDGE ( 'NONE', *, *, #17, .F. ) ;
#157 = LINE ( 'NONE', #3698, #5487 ) ;
#158 = DIRECTION ( 'NONE',  ( 0.000000000000000000, 0.000000000000000000, 1.000000000000000000 ) ) ;
#159 = AXIS2_PLACEMENT_3D ( 'NONE', #5083, #3855, #480 ) ;
#160 = EDGE_CURVE ( 'NONE', #5729, #4966, #1710, .T. ) ;
#161 = ORIENTED_EDGE ( 'NONE', *, *, #900, .T. ) ;
#162 = VECTOR ( 'NONE', #6557, 1000.000000000000000 ) ;
#163 = ORIENTED_EDGE ( 'NONE', *, *, #221, .F. ) ;
#164 = EDGE_CURVE ( 'NONE', #4418, #727, #4034, .T. ) ;
#165 = ORIENTED_EDGE ( 'NONE', *, *, #6082, .T. ) ;
#166 = AXIS2_PLACEMENT_3D ( 'NONE', #6329, #5828, #5180 ) ;
#167 = ORIENTED_EDGE ( 'NONE', *, *, #1117, .T. ) ;
#168 = CARTESIAN_POINT ( 'NONE',  ( 5.028999999999999915, 1.650999999999999801, 0.5080000000000000071 ) ) ;
#169 = CARTESIAN_POINT ( 'NONE',  ( -4.334999999999999964, -4.698999999999999844, 1.132999999999999785 ) ) ;
#170 = CIRCLE ( 'NONE', #3485, 0.2540000000000000591 ) ;
#171 = DIRECTION ( 'NONE',  ( -0.7931070766835157659, 0.000000000000000000, 0.6090822316522848112 ) ) ;
#172 = AXIS2_PLACEMENT_3D ( 'NONE', #1812, #4093, #2357 ) ;
#173 = ADVANCED_FACE ( 'NONE', ( #1106 ), #3457, .T. ) ;
#174 = CARTESIAN_POINT ( 'NONE',  ( 4.538000000000000256, 0.3810000000000000053, 0.3770000000000000018 ) ) ;
#175 = EDGE_LOOP ( 'NONE', ( #1453, #1116, #6758, #5688, #7518, #6527, #2807, #5408, #3851, #1227, #6537, #3873 ) ) ;
#176 = EDGE_CURVE ( 'NONE', #4057, #1759, #3337, .T. ) ;
#177 = ADVANCED_FACE ( 'NONE', ( #1255 ), #4106, .T. ) ;
#178 = DIRECTION ( 'NONE',  ( 0.000000000000000000, 1.000000000000000000, 0.000000000000000000 ) ) ;
#179 = ORIENTED_EDGE ( 'NONE', *, *, #6429, .F. ) ;
#180 = AXIS2_PLACEMENT_3D ( 'NONE', #2915, #498, #2757 ) ;
#181 = CARTESIAN_POINT ( 'NONE',  ( 5.321000000000000618, 3.429000000000000270, 0.2540000000000000036 ) ) ;
#182 = FACE_OUTER_BOUND ( 'NONE', #692, .T. ) ;
#183 = CARTESIAN_POINT ( 'NONE',  ( 5.028999999999999915, 4.191000000000000725, 0.000000000000000000 ) ) ;
#184 = DIRECTION ( 'NONE',  ( 1.000000000000000000, 0.000000000000000000, 0.000000000000000000 ) ) ;
#185 = B_SPLINE_CURVE_WITH_KNOTS ( 'NONE', 3,
 ( #4605, #1110, #1562, #5690 ),
 .UNSPECIFIED., .F., .F.,
 ( 4, 4 ),
 ( 0.000000000000000000, 1.000000000000000000 ),
 .UNSPECIFIED. ) ;
#186 = EDGE_CURVE ( 'NONE', #3920, #3441, #2502, .T. ) ;
#187 = DIRECTION ( 'NONE',  ( 0.000000000000000000, 0.000000000000000000, -1.000000000000000000 ) ) ;
#188 = ORIENTED_EDGE ( 'NONE', *, *, #1904, .T. ) ;
#189 = CARTESIAN_POINT ( 'NONE',  ( -3.797000000000000153, -2.920999999999999819, 1.574999999999999956 ) ) ;
#190 = CARTESIAN_POINT ( 'NONE',  ( -4.089999999999999858, -3.429000000000000270, 1.574999999999999956 ) ) ;
#191 = ORIENTED_EDGE ( 'NONE', *, *, #6168, .T. ) ;
#192 = CARTESIAN_POINT ( 'NONE',  ( 4.538000000000000256, 1.650999999999999801, 0.3770000000000000018 ) ) ;
#193 = DIRECTION ( 'NONE',  ( 1.000000000000000000, 0.000000000000000000, 0.000000000000000000 ) ) ;
#194 = DIRECTION ( 'NONE',  ( -0.000000000000000000, 1.000000000000000000, 0.000000000000000000 ) ) ;
#195 = VERTEX_POINT ( 'NONE', #6142 ) ;
#196 = DIRECTION ( 'NONE',  ( 0.000000000000000000, 0.000000000000000000, 1.000000000000000000 ) ) ;
#197 = PRESENTATION_STYLE_ASSIGNMENT (( #3114 ) ) ;
#198 = VERTEX_POINT ( 'NONE', #4706 ) ;
#199 = CARTESIAN_POINT ( 'NONE',  ( -4.648549666062477215, 1.650999999999999801, 0.9460580022534657019 ) ) ;
#200 = CYLINDRICAL_SURFACE ( 'NONE', #391, 0.2540000000000000036 ) ;
#201 = ORIENTED_EDGE ( 'NONE', *, *, #2950, .F. ) ;
#202 = CLOSED_SHELL ( 'NONE', ( #5530, #4812, #2951, #4641, #1340, #748, #6411, #822, #6353, #1412, #596, #1350, #1162, #5220 ) ) ;
#203 = ORIENTED_EDGE ( 'NONE', *, *, #6480, .T. ) ;
#204 = VERTEX_POINT ( 'NONE', #611 ) ;
#205 = ADVANCED_FACE ( 'NONE', ( #31 ), #4138, .T. ) ;
#206 = DIRECTION ( 'NONE',  ( 0.000000000000000000, 0.000000000000000000, 1.000000000000000000 ) ) ;
#207 = CARTESIAN_POINT ( 'NONE',  ( -5.321000000000000618, -2.920999999999999819, 0.2540000000000000036 ) ) ;
#208 = EDGE_CURVE ( 'NONE', #3268, #5313, #3572, .T. ) ;
#209 = CARTESIAN_POINT ( 'NONE',  ( -4.783000000000000362, -2.158999999999999808, 0.4420000000000000040 ) ) ;
#210 = AXIS2_PLACEMENT_3D ( 'NONE', #6769, #2686, #7417 ) ;
#211 = CARTESIAN_POINT ( 'NONE',  ( 4.538169246415237446, 0.7196666666666667878, 0.3770451553572226611 ) ) ;
#212 = ORIENTED_EDGE ( 'NONE', *, *, #3731, .F. ) ;
#213 = AXIS2_PLACEMENT_3D ( 'NONE', #7590, #674, #5823 ) ;
#214 = CARTESIAN_POINT ( 'NONE',  ( -3.797000000000000153, 5.244999999999999218, 1.590000000000000080 ) ) ;
#215 = VECTOR ( 'NONE', #2332, 1000.000000000000000 ) ;
#216 = CARTESIAN_POINT ( 'NONE',  ( 5.028999999999999915, -0.8890000000000000124, 0.000000000000000000 ) ) ;
#217 = CARTESIAN_POINT ( 'NONE',  ( -3.797000000000000153, 4.191000000000000725, 1.574999999999999956 ) ) ;
#218 = ADVANCED_FACE ( 'NONE', ( #7131 ), #5410, .T. ) ;
#219 = LINE ( 'NONE', #1432, #7037 ) ;
#220 = DIRECTION ( 'NONE',  ( -0.7931070766835157659, 0.000000000000000000, 0.6090822316522848112 ) ) ;
#221 = EDGE_CURVE ( 'NONE', #3328, #2642, #7057, .T. ) ;
#222 = EDGE_CURVE ( 'NONE', #5542, #3557, #1584, .T. ) ;
#223 = AXIS2_PLACEMENT_3D ( 'NONE', #7542, #441, #3364 ) ;
#224 = VECTOR ( 'NONE', #5221, 1000.000000000000000 ) ;
#225 = FACE_OUTER_BOUND ( 'NONE', #4874, .T. ) ;
#226 = ORIENTED_EDGE ( 'NONE', *, *, #5775, .F. ) ;
#227 = DIRECTION ( 'NONE',  ( -0.7931070766835157659, 0.000000000000000000, 0.6090822316522848112 ) ) ;
#228 = PLANE ( 'NONE',  #1926 ) ;
#229 = VERTEX_POINT ( 'NONE', #3679 ) ;
#230 = DIRECTION ( 'NONE',  ( -0.7931070766835157659, 0.000000000000000000, -0.6090822316522849222 ) ) ;
#231 = ORIENTED_EDGE ( 'NONE', *, *, #3140, .F. ) ;
#232 = VECTOR ( 'NONE', #2718, 1000.000000000000000 ) ;
#233 = AXIS2_PLACEMENT_3D ( 'NONE', #453, #2794, #5144 ) ;
#234 = DIRECTION ( 'NONE',  ( -0.7931070766835157659, 0.000000000000000000, -0.6090822316522848112 ) ) ;
#235 = CARTESIAN_POINT ( 'NONE',  ( 4.783675919342393890, -1.820333333333333359, 0.4421813442138124439 ) ) ;
#236 = ORIENTED_EDGE ( 'NONE', *, *, #2749, .F. ) ;
#237 = DIRECTION ( 'NONE',  ( 0.000000000000000000, -1.000000000000000000, 0.000000000000000000 ) ) ;
#238 = CARTESIAN_POINT ( 'NONE',  ( -4.538169246415237446, 1.820333333333333359, 0.3770451553572226611 ) ) ;
#239 = ORIENTED_EDGE ( 'NONE', *, *, #3124, .F. ) ;
#240 = CARTESIAN_POINT ( 'NONE',  ( -4.538169246415237446, -3.090333333333333599, 0.3770451553572226611 ) ) ;
#241 = ADVANCED_FACE ( 'NONE', ( #646 ), #4207, .T. ) ;
#242 = DIRECTION ( 'NONE',  ( 0.000000000000000000, 1.000000000000000000, 0.000000000000000000 ) ) ;
#243 =( LENGTH_UNIT ( ) NAMED_UNIT ( * ) SI_UNIT ( .MILLI., .METRE. ) );
#244 = ORIENTED_EDGE ( 'NONE', *, *, #7500, .T. ) ;
#245 = ORIENTED_EDGE ( 'NONE', *, *, #222, .F. ) ;
#246 = ORIENTED_EDGE ( 'NONE', *, *, #4161, .T. ) ;
#247 = DIRECTION ( 'NONE',  ( -0.2589693139543370881, 0.000000000000000000, 0.9658855493432024764 ) ) ;
#248 = DIRECTION ( 'NONE',  ( 0.000000000000000000, -1.000000000000000000, 0.000000000000000000 ) ) ;
#249 = AXIS2_PLACEMENT_3D ( 'NONE', #2666, #3788, #3716 ) ;
#250 = DIRECTION ( 'NONE',  ( 0.000000000000000000, -1.000000000000000000, 0.000000000000000000 ) ) ;
#251 = ADVANCED_BREP_SHAPE_REPRESENTATION ( 'RxxCTxxS_3D_20201005', ( #360, #5318, #5002, #103, #2776, #88, #2468, #2859, #5183, #2725, #2627, #5290, #5226, #2808, #2617, #2735, #2604, #2454, #5692 ), #539 ) ;
#252 = EDGE_CURVE ( 'NONE', #2629, #740, #3527, .T. ) ;
#253 = DIRECTION ( 'NONE',  ( 0.7931070766835166541, 0.000000000000000000, -0.6090822316522841451 ) ) ;
#254 = ORIENTED_EDGE ( 'NONE', *, *, #4817, .T. ) ;
#255 = CARTESIAN_POINT ( 'NONE',  ( -3.560048139997407546, 5.194224678657412220, 2.291229410695172053 ) ) ;
#256 = FACE_OUTER_BOUND ( 'NONE', #4456, .T. ) ;
#257 = LINE ( 'NONE', #791, #1830 ) ;
#258 = DIRECTION ( 'NONE',  ( -1.000000000000000000, 0.000000000000000000, 0.000000000000000000 ) ) ;
#259 = DIRECTION ( 'NONE',  ( 0.000000000000000000, 0.000000000000000000, -1.000000000000000000 ) ) ;
#260 = AXIS2_PLACEMENT_3D ( 'NONE', #2268, #3362, #6196 ) ;
#261 = DIRECTION ( 'NONE',  ( 0.000000000000000000, 0.000000000000000000, 1.000000000000000000 ) ) ;
#262 = ORIENTED_EDGE ( 'NONE', *, *, #5350, .T. ) ;
#263 = CARTESIAN_POINT ( 'NONE',  ( -3.797000000000000153, -2.920999999999999819, 1.320999999999999952 ) ) ;
#264 = CARTESIAN_POINT ( 'NONE',  ( -3.797000000000000153, 3.429000000000000270, 1.574999999999999956 ) ) ;
#265 = AXIS2_PLACEMENT_3D ( 'NONE', #4439, #3293, #4932 ) ;
#266 = ORIENTED_EDGE ( 'NONE', *, *, #1344, .F. ) ;
#267 = EDGE_CURVE ( 'NONE', #1216, #1522, #7168, .T. ) ;
#268 = DIRECTION ( 'NONE',  ( -0.7931070766835153218, 0.000000000000000000, -0.6090822316522856994 ) ) ;
#269 = SURFACE_SIDE_STYLE ('',( #2596 ) ) ;
#270 = VECTOR ( 'NONE', #5976, 1000.000000000000000 ) ;
#271 = LINE ( 'NONE', #6143, #3552 ) ;
#272 = PLANE ( 'NONE',  #4512 ) ;
#273 = ORIENTED_EDGE ( 'NONE', *, *, #3680, .T. ) ;
#274 = CARTESIAN_POINT ( 'NONE',  ( 3.797000000000000153, 0.3810000000000000053, 1.320999999999999952 ) ) ;
#275 = VERTEX_POINT ( 'NONE', #7093 ) ;
#276 = CYLINDRICAL_SURFACE ( 'NONE', #4015, 0.5080000000000000071 ) ;
#277 = FACE_OUTER_BOUND ( 'NONE', #4727, .T. ) ;
#278 = CARTESIAN_POINT ( 'NONE',  ( -4.538000000000000256, 3.429000000000000270, 0.3770000000000000018 ) ) ;
#279 = ORIENTED_EDGE ( 'NONE', *, *, #6892, .T. ) ;
#280 = EDGE_CURVE ( 'NONE', #2104, #5894, #6017, .T. ) ;
#281 = EDGE_LOOP ( 'NONE', ( #2638, #5179, #1311, #5208 ) ) ;
#282 = CARTESIAN_POINT ( 'NONE',  ( -3.797000000000000153, 4.191000000000000725, 1.320999999999999952 ) ) ;
#283 = DIRECTION ( 'NONE',  ( 1.000000000000000000, 0.000000000000000000, 0.000000000000000000 ) ) ;
#284 = DIRECTION ( 'NONE',  ( 0.000000000000000000, 0.000000000000000000, -1.000000000000000000 ) ) ;
#285 = EDGE_LOOP ( 'NONE', ( #4790, #1194, #5887, #5278 ) ) ;
#286 = PRESENTATION_STYLE_ASSIGNMENT (( #1930 ) ) ;
#287 = ORIENTED_EDGE ( 'NONE', *, *, #1434, .T. ) ;
#288 = DIRECTION ( 'NONE',  ( 0.000000000000000000, -1.000000000000000000, 0.000000000000000000 ) ) ;
#289 = AXIS2_PLACEMENT_3D ( 'NONE', #3947, #3409, #7589 ) ;
#290 = CARTESIAN_POINT ( 'NONE',  ( -5.028999999999999915, -1.650999999999999801, 0.000000000000000000 ) ) ;
#291 = CARTESIAN_POINT ( 'NONE',  ( -4.783000000000000362, -4.191000000000000725, 0.4420000000000000040 ) ) ;
#292 = DIRECTION ( 'NONE',  ( 0.000000000000000000, 1.000000000000000000, 0.000000000000000000 ) ) ;
#293 = AXIS2_PLACEMENT_3D ( 'NONE', #2634, #2136, #6175 ) ;
#294 = CARTESIAN_POINT ( 'NONE',  ( 3.797000000000000153, -5.244999999999999218, 1.590000000000000080 ) ) ;
#295 = CARTESIAN_POINT ( 'NONE',  ( 3.797000000000000153, 2.920999999999999819, 1.320999999999999952 ) ) ;
#296 = EDGE_LOOP ( 'NONE', ( #969, #1017, #3234, #1510 ) ) ;
#297 = CARTESIAN_POINT ( 'NONE',  ( -4.538000000000000256, -0.8890000000000000124, 0.3770000000000000018 ) ) ;
#298 = AXIS2_PLACEMENT_3D ( 'NONE', #1363, #864, #6747 ) ;
#299 = DIRECTION ( 'NONE',  ( 0.7931070766835153218, 0.000000000000000000, -0.6090822316522856994 ) ) ;
#300 = ORIENTED_EDGE ( 'NONE', *, *, #2151, .T. ) ;
#301 = CARTESIAN_POINT ( 'NONE',  ( -5.028999999999999915, 4.191000000000000725, 0.2540000000000000036 ) ) ;
#302 = PLANE ( 'NONE',  #888 ) ;
#303 = ADVANCED_FACE ( 'NONE', ( #182 ), #4743, .T. ) ;
#304 = FACE_OUTER_BOUND ( 'NONE', #4413, .T. ) ;
#305 = CYLINDRICAL_SURFACE ( 'NONE', #2800, 0.2540000000000000036 ) ;
#306 = VERTEX_POINT ( 'NONE', #4782 ) ;
#307 = CARTESIAN_POINT ( 'NONE',  ( -5.321000000000000618, -3.429000000000000270, 0.000000000000000000 ) ) ;
#308 = CARTESIAN_POINT ( 'NONE',  ( -4.538000000000000256, 2.158999999999999808, 0.3770000000000000018 ) ) ;
#309 = VERTEX_POINT ( 'NONE', #1854 ) ;
#310 = ORIENTED_EDGE ( 'NONE', *, *, #2690, .F. ) ;
#311 = DIRECTION ( 'NONE',  ( 0.000000000000000000, -1.000000000000000000, 0.000000000000000000 ) ) ;
#312 = LINE ( 'NONE', #1957, #3814 ) ;
#313 = CARTESIAN_POINT ( 'NONE',  ( -3.797000000000000153, -2.920999999999999819, 1.320999999999999952 ) ) ;
#314 = ADVANCED_FACE ( 'NONE', ( #3640 ), #4242, .T. ) ;
#315 = ORIENTED_EDGE ( 'NONE', *, *, #4943, .T. ) ;
#316 = EDGE_CURVE ( 'NONE', #5346, #4232, #2512, .T. ) ;
#317 = EDGE_CURVE ( 'NONE', #3774, #5508, #6135, .T. ) ;
#318 = ORIENTED_EDGE ( 'NONE', *, *, #5733, .F. ) ;
#319 = CARTESIAN_POINT ( 'NONE',  ( -5.321000000000000618, 4.698999999999999844, 0.2540000000000000036 ) ) ;
#320 = CARTESIAN_POINT ( 'NONE',  ( -5.028999999999999915, 1.650999999999999801, 0.000000000000000000 ) ) ;
#321 = ADVANCED_FACE ( 'NONE', ( #6129 ), #7243, .T. ) ;
#322 = DIRECTION ( 'NONE',  ( 0.000000000000000000, 0.000000000000000000, -1.000000000000000000 ) ) ;
#323 = EDGE_CURVE ( 'NONE', #7504, #2150, #4896, .T. ) ;
#324 = ORIENTED_EDGE ( 'NONE', *, *, #650, .F. ) ;
#325 =( NAMED_UNIT ( * ) SI_UNIT ( $, .STERADIAN. ) SOLID_ANGLE_UNIT ( ) );
#326 = ORIENTED_EDGE ( 'NONE', *, *, #4287, .T. ) ;
#327 = VECTOR ( 'NONE', #1990, 1000.000000000000000 ) ;
#328 = PLANE ( 'NONE',  #2409 ) ;
#329 = CARTESIAN_POINT ( 'NONE',  ( -4.402572021097666877, 3.429000000000000270, 0.8809746240141085316 ) ) ;
#330 = DIRECTION ( 'NONE',  ( 0.000000000000000000, 0.000000000000000000, -1.000000000000000000 ) ) ;
#331 = EDGE_CURVE ( 'NONE', #4113, #571, #3823, .T. ) ;
#332 = CIRCLE ( 'NONE', #6582, 0.5080000000000001181 ) ;
#333 = CARTESIAN_POINT ( 'NONE',  ( -4.335256734746894658, -4.529666666666667396, 1.133069161197122865 ) ) ;
#334 = CARTESIAN_POINT ( 'NONE',  ( -3.797000000000000153, -4.698999999999999844, 1.574999999999999956 ) ) ;
#335 = DIRECTION ( 'NONE',  ( -1.000000000000000000, 0.000000000000000000, 0.000000000000000000 ) ) ;
#336 = VECTOR ( 'NONE', #4139, 1000.000000000000000 ) ;
#337 = ORIENTED_EDGE ( 'NONE', *, *, #444, .F. ) ;
#338 = VECTOR ( 'NONE', #5311, 1000.000000000000000 ) ;
#339 = DIRECTION ( 'NONE',  ( 0.000000000000000000, 1.000000000000000000, 0.000000000000000000 ) ) ;
#340 = DIRECTION ( 'NONE',  ( 1.000000000000000000, 0.000000000000000000, 0.000000000000000000 ) ) ;
#341 = EDGE_LOOP ( 'NONE', ( #3625, #3442, #659, #7585 ) ) ;
#342 = FACE_OUTER_BOUND ( 'NONE', #4434, .T. ) ;
#343 = DIRECTION ( 'NONE',  ( -0.000000000000000000, 1.000000000000000000, 0.000000000000000000 ) ) ;
#344 = CARTESIAN_POINT ( 'NONE',  ( 5.028999999999999915, -0.8890000000000000124, 0.5080000000000000071 ) ) ;
#345 = AXIS2_PLACEMENT_3D ( 'NONE', #6962, #1300, #3478 ) ;
#346 = AXIS2_PLACEMENT_3D ( 'NONE', #2673, #1473, #5489 ) ;
#347 = CARTESIAN_POINT ( 'NONE',  ( -3.797000000000000153, 4.191000000000000725, 1.574999999999999956 ) ) ;
#348 = VERTEX_POINT ( 'NONE', #5482 ) ;
#349 = CARTESIAN_POINT ( 'NONE',  ( -3.797000000000000153, -0.3810000000000000053, 1.320999999999999952 ) ) ;
#350 = EDGE_CURVE ( 'NONE', #6925, #5313, #3443, .T. ) ;
#351 = SURFACE_STYLE_USAGE ( .BOTH. , #4421 ) ;
#352 = VECTOR ( 'NONE', #1480, 1000.000000000000000 ) ;
#353 = EDGE_LOOP ( 'NONE', ( #2460, #671, #6048, #4251 ) ) ;
#354 = EDGE_LOOP ( 'NONE', ( #6242, #3661, #6993, #1770 ) ) ;
#355 = CARTESIAN_POINT ( 'NONE',  ( 4.089999999999999858, -3.429000000000000270, 1.066999999999999948 ) ) ;
#356 = FACE_OUTER_BOUND ( 'NONE', #2096, .T. ) ;
#357 = SURFACE_STYLE_FILL_AREA ( #6688 ) ;
#358 = VECTOR ( 'NONE', #1672, 1000.000000000000000 ) ;
#359 = EDGE_LOOP ( 'NONE', ( #1482, #3430, #6451, #5581 ) ) ;
#360 = MANIFOLD_SOLID_BREP ( 'RxxCTxxS_3D_20201005.step', #6210 ) ;
#361 = CIRCLE ( 'NONE', #5629, 0.2539999999999996705 ) ;
#362 = EDGE_CURVE ( 'NONE', #1007, #2765, #2568, .T. ) ;
#363 = EDGE_CURVE ( 'NONE', #6915, #2323, #257, .T. ) ;
#364 = VERTEX_POINT ( 'NONE', #2088 ) ;
#365 = EDGE_CURVE ( 'NONE', #3441, #1391, #2216, .T. ) ;
#366 = FACE_OUTER_BOUND ( 'NONE', #4853, .T. ) ;
#367 = LINE ( 'NONE', #5706, #7010 ) ;
#368 = CARTESIAN_POINT ( 'NONE',  ( 4.580830753584762327, 1.989666666666666472, 1.197954844642777461 ) ) ;
#369 = VERTEX_POINT ( 'NONE', #2586 ) ;
#370 = CARTESIAN_POINT ( 'NONE',  ( -3.678520633902747416, -5.219775321342586594, 1.940624874044057036 ) ) ;
#371 = ORIENTED_EDGE ( 'NONE', *, *, #5394, .T. ) ;
#372 = DIRECTION ( 'NONE',  ( 1.000000000000000000, 0.000000000000000000, 0.000000000000000000 ) ) ;
#373 = FACE_OUTER_BOUND ( 'NONE', #6850, .T. ) ;
#374 = FACE_OUTER_BOUND ( 'NONE', #1931, .T. ) ;
#375 = FACE_OUTER_BOUND ( 'NONE', #4068, .T. ) ;
#376 = CARTESIAN_POINT ( 'NONE',  ( -4.089999999999999858, -4.191000000000000725, 1.066999999999999948 ) ) ;
#377 = AXIS2_PLACEMENT_3D ( 'NONE', #7394, #7432, #2396 ) ;
#378 = CARTESIAN_POINT ( 'NONE',  ( 4.783000000000000362, -0.8890000000000000124, 0.4420000000000000040 ) ) ;
#379 = EDGE_LOOP ( 'NONE', ( #7100, #5176, #8, #5503 ) ) ;
#380 = EDGE_CURVE ( 'NONE', #2428, #3471, #1229, .T. ) ;
#381 = CARTESIAN_POINT ( 'NONE',  ( -3.797000000000000153, -0.8890000000000000124, 1.320999999999999952 ) ) ;
#382 = DIRECTION ( 'NONE',  ( 0.2589693139543370881, 0.000000000000000000, 0.9658855493432024764 ) ) ;
#383 = ORIENTED_EDGE ( 'NONE', *, *, #5541, .F. ) ;
#384 = CARTESIAN_POINT ( 'NONE',  ( -4.783000000000000362, 4.698999999999999844, 0.4420000000000000040 ) ) ;
#385 = CARTESIAN_POINT ( 'NONE',  ( -3.797000000000000153, -5.244999999999999218, 1.306000000000000050 ) ) ;
#386 = DIRECTION ( 'NONE',  ( 0.000000000000000000, 1.000000000000000000, 0.000000000000000000 ) ) ;
#387 = SURFACE_SIDE_STYLE ('',( #1515 ) ) ;
#388 = VERTEX_POINT ( 'NONE', #217 ) ;
#389 = DIRECTION ( 'NONE',  ( 0.000000000000000000, 0.000000000000000000, 1.000000000000000000 ) ) ;
#390 = DIRECTION ( 'NONE',  ( 0.000000000000000000, 0.000000000000000000, -1.000000000000000000 ) ) ;
#391 = AXIS2_PLACEMENT_3D ( 'NONE', #6651, #3737, #2495 ) ;
#392 = ORIENTED_EDGE ( 'NONE', *, *, #614, .F. ) ;
#393 = ORIENTED_EDGE ( 'NONE', *, *, #1275, .F. ) ;
#394 = CARTESIAN_POINT ( 'NONE',  ( 4.470144042195333789, 0.3810000000000000053, 0.6289492480282171671 ) ) ;
#395 = DIRECTION ( 'NONE',  ( 1.000000000000000000, 0.000000000000000000, 0.000000000000000000 ) ) ;
#396 = DIRECTION ( 'NONE',  ( 0.000000000000000000, -1.000000000000000000, 0.000000000000000000 ) ) ;
#397 = B_SPLINE_CURVE_WITH_KNOTS ( 'NONE', 3,
 ( #6463, #7040, #1200, #2423 ),
 .UNSPECIFIED., .F., .F.,
 ( 4, 4 ),
 ( 0.000000000000000000, 1.000000000000000000 ),
 .UNSPECIFIED. ) ;
#398 = VERTEX_POINT ( 'NONE', #1500 ) ;
#399 = EDGE_LOOP ( 'NONE', ( #2823, #7069, #2536, #2390 ) ) ;
#400 = FACE_OUTER_BOUND ( 'NONE', #3200, .T. ) ;
#401 = EDGE_CURVE ( 'NONE', #6963, #1628, #5889, .T. ) ;
#402 = CARTESIAN_POINT ( 'NONE',  ( -4.335256734746894658, 3.259666666666666934, 1.133069161197122865 ) ) ;
#403 = ORIENTED_EDGE ( 'NONE', *, *, #614, .T. ) ;
#404 = ADVANCED_FACE ( 'NONE', ( #374 ), #6705, .T. ) ;
#405 = ORIENTED_EDGE ( 'NONE', *, *, #7487, .T. ) ;
#406 = DIRECTION ( 'NONE',  ( -1.000000000000000000, 0.000000000000000000, 0.000000000000000000 ) ) ;
#407 = PLANE ( 'NONE',  #3500 ) ;
#408 = DIRECTION ( 'NONE',  ( 0.000000000000000000, 0.000000000000000000, -1.000000000000000000 ) ) ;
#409 = FACE_OUTER_BOUND ( 'NONE', #7447, .T. ) ;
#410 = CARTESIAN_POINT ( 'NONE',  ( -3.797000000000000153, -1.650999999999999801, 1.320999999999999952 ) ) ;
#411 = ADVANCED_FACE ( 'NONE', ( #4971 ), #7319, .T. ) ;
#412 = EDGE_CURVE ( 'NONE', #195, #1614, #1699, .T. ) ;
#413 = CARTESIAN_POINT ( 'NONE',  ( 4.089999999999999858, 1.650999999999999801, 1.066999999999999948 ) ) ;
#414 = EDGE_CURVE ( 'NONE', #5461, #4780, #7259, .T. ) ;
#415 = VERTEX_POINT ( 'NONE', #4591 ) ;
#416 = AXIS2_PLACEMENT_3D ( 'NONE', #7515, #7433, #3335 ) ;
#417 = CYLINDRICAL_SURFACE ( 'NONE', #2546, 0.2540000000000000036 ) ;
#418 = CARTESIAN_POINT ( 'NONE',  ( 4.538000000000000256, 0.8890000000000000124, 0.3770000000000000018 ) ) ;
#419 = ORIENTED_EDGE ( 'NONE', *, *, #2949, .T. ) ;
#420 = CIRCLE ( 'NONE', #4587, 0.2540000000000003366 ) ;
#421 = DIRECTION ( 'NONE',  ( 0.000000000000000000, -1.000000000000000000, 0.000000000000000000 ) ) ;
#422 = LINE ( 'NONE', #2759, #6855 ) ;
#423 = ADVANCED_FACE ( 'NONE', ( #5137 ), #4020, .T. ) ;
#424 = VECTOR ( 'NONE', #261, 1000.000000000000000 ) ;
#425 = CARTESIAN_POINT ( 'NONE',  ( 4.089999999999999858, 3.429000000000000270, 1.066999999999999948 ) ) ;
#426 = ORIENTED_EDGE ( 'NONE', *, *, #4765, .F. ) ;
#427 = AXIS2_PLACEMENT_3D ( 'NONE', #2902, #7119, #93 ) ;
#428 = CARTESIAN_POINT ( 'NONE',  ( 5.028999999999999915, 2.158999999999999808, 0.5080000000000000071 ) ) ;
#429 = CARTESIAN_POINT ( 'NONE',  ( 4.402572021097666877, -2.158999999999999808, 0.8809746240141085316 ) ) ;
#430 = DIRECTION ( 'NONE',  ( 0.000000000000000000, -1.000000000000000000, 0.000000000000000000 ) ) ;
#431 = ORIENTED_EDGE ( 'NONE', *, *, #2950, .T. ) ;
#432 = ORIENTED_EDGE ( 'NONE', *, *, #1236, .F. ) ;
#433 = CARTESIAN_POINT ( 'NONE',  ( -5.028999999999999915, 2.920999999999999819, 0.5080000000000000071 ) ) ;
#434 = ORIENTED_EDGE ( 'NONE', *, *, #1673, .F. ) ;
#435 = CARTESIAN_POINT ( 'NONE',  ( 3.797000000000000153, 4.191000000000000725, 1.320999999999999952 ) ) ;
#436 = CARTESIAN_POINT ( 'NONE',  ( -2.397135000000000016, 4.270000000000000462, 2.641999999999999904 ) ) ;
#437 = ORIENTED_EDGE ( 'NONE', *, *, #2589, .F. ) ;
#438 = B_SPLINE_CURVE_WITH_KNOTS ( 'NONE', 3,
 ( #6829, #3380, #4029, #495 ),
 .UNSPECIFIED., .F., .F.,
 ( 4, 4 ),
 ( 0.000000000000000000, 1.000000000000000000 ),
 .UNSPECIFIED. ) ;
#439 = ORIENTED_EDGE ( 'NONE', *, *, #6792, .T. ) ;
#440 = DIRECTION ( 'NONE',  ( 0.000000000000000000, -1.000000000000000000, 0.000000000000000000 ) ) ;
#441 = DIRECTION ( 'NONE',  ( 0.000000000000000000, 1.000000000000000000, 0.000000000000000000 ) ) ;
#442 = ORIENTED_EDGE ( 'NONE', *, *, #4660, .T. ) ;
#443 = VERTEX_POINT ( 'NONE', #6318 ) ;
#444 = EDGE_CURVE ( 'NONE', #1719, #5060, #489, .T. ) ;
#445 = CARTESIAN_POINT ( 'NONE',  ( 4.089999999999999858, 4.698999999999999844, 1.320999999999999952 ) ) ;
#446 = CARTESIAN_POINT ( 'NONE',  ( -4.783000000000000362, -4.191000000000000725, 0.4420000000000000040 ) ) ;
#447 = LINE ( 'NONE', #3334, #632 ) ;
#448 = PLANE ( 'NONE',  #4586 ) ;
#449 = DIRECTION ( 'NONE',  ( -1.000000000000000000, 0.000000000000000000, 0.000000000000000000 ) ) ;
#450 = CARTESIAN_POINT ( 'NONE',  ( 5.321000000000000618, -0.8890000000000000124, 0.000000000000000000 ) ) ;
#451 = STYLED_ITEM ( 'NONE', ( #286 ), #2468 ) ;
#452 = VERTEX_POINT ( 'NONE', #6970 ) ;
#453 = CARTESIAN_POINT ( 'NONE',  ( 3.797000000000000153, -4.698999999999999844, 1.320999999999999952 ) ) ;
#454 = ADVANCED_FACE ( 'NONE', ( #4060 ), #4515, .T. ) ;
#455 = CARTESIAN_POINT ( 'NONE',  ( -3.797000000000000153, -4.698999999999999844, 1.320999999999999952 ) ) ;
#456 = ORIENTED_EDGE ( 'NONE', *, *, #2139, .F. ) ;
#457 = ADVANCED_FACE ( 'NONE', ( #1022 ), #1057, .T. ) ;
#458 = CIRCLE ( 'NONE', #4865, 0.2540000000000003366 ) ;
#459 = LINE ( 'NONE', #7522, #1758 ) ;
#460 = DIRECTION ( 'NONE',  ( 1.000000000000000000, 0.000000000000000000, 0.000000000000000000 ) ) ;
#461 = ADVANCED_FACE ( 'NONE', ( #5171 ), #7477, .T. ) ;
#462 = CARTESIAN_POINT ( 'NONE',  ( 3.797000000000000153, -4.698999999999999844, 1.320999999999999952 ) ) ;
#463 = B_SPLINE_CURVE_WITH_KNOTS ( 'NONE', 3,
 ( #4142, #5269, #4072, #6523 ),
 .UNSPECIFIED., .F., .F.,
 ( 4, 4 ),
 ( 0.000000000000000000, 1.000000000000000000 ),
 .UNSPECIFIED. ) ;
#464 = EDGE_CURVE ( 'NONE', #2861, #6814, #1954, .T. ) ;
#465 = LINE ( 'NONE', #4568, #215 ) ;
#466 = VECTOR ( 'NONE', #4604, 1000.000000000000000 ) ;
#467 = DIRECTION ( 'NONE',  ( 0.000000000000000000, -1.000000000000000000, 0.000000000000000000 ) ) ;
#468 = ORIENTED_EDGE ( 'NONE', *, *, #6026, .F. ) ;
#469 = ORIENTED_EDGE ( 'NONE', *, *, #7463, .T. ) ;
#470 = LINE ( 'NONE', #5192, #4828 ) ;
#471 =( GEOMETRIC_REPRESENTATION_CONTEXT ( 3 ) GLOBAL_UNCERTAINTY_ASSIGNED_CONTEXT ( ( #4317 ) ) GLOBAL_UNIT_ASSIGNED_CONTEXT ( ( #617, #1259, #1752 ) ) REPRESENTATION_CONTEXT ( 'NONE', 'WORKASPACE' ) );
#472 = ORIENTED_EDGE ( 'NONE', *, *, #6454, .F. ) ;
#473 = DIRECTION ( 'NONE',  ( 0.000000000000000000, 0.000000000000000000, 1.000000000000000000 ) ) ;
#474 = CARTESIAN_POINT ( 'NONE',  ( 3.797000000000000153, -4.191000000000000725, 1.320999999999999952 ) ) ;
#475 = ORIENTED_EDGE ( 'NONE', *, *, #5775, .T. ) ;
#476 = AXIS2_PLACEMENT_3D ( 'NONE', #1405, #7374, #6106 ) ;
#477 = VECTOR ( 'NONE', #3714, 1000.000000000000000 ) ;
#478 = EDGE_CURVE ( 'NONE', #2188, #2034, #6714, .T. ) ;
#479 = ORIENTED_EDGE ( 'NONE', *, *, #4495, .T. ) ;
#480 = DIRECTION ( 'NONE',  ( 0.000000000000000000, -1.000000000000000000, 0.000000000000000000 ) ) ;
#481 = LINE ( 'NONE', #2821, #1468 ) ;
#482 = VECTOR ( 'NONE', #3434, 1000.000000000000000 ) ;
#483 = CARTESIAN_POINT ( 'NONE',  ( 5.321000000000000618, -4.698999999999999844, 0.000000000000000000 ) ) ;
#484 = ORIENTED_EDGE ( 'NONE', *, *, #4675, .F. ) ;
#485 = ORIENTED_EDGE ( 'NONE', *, *, #729, .T. ) ;
#486 = CIRCLE ( 'NONE', #970, 0.5080000000000001181 ) ;
#487 = CARTESIAN_POINT ( 'NONE',  ( -5.321000000000000618, 2.920999999999999819, 0.2540000000000000036 ) ) ;
#488 = CARTESIAN_POINT ( 'NONE',  ( -4.089999999999999858, -2.920999999999999819, 1.574999999999999956 ) ) ;
#489 = LINE ( 'NONE', #5212, #5302 ) ;
#490 = DIRECTION ( 'NONE',  ( 1.000000000000000000, 0.000000000000000000, 0.000000000000000000 ) ) ;
#491 = CARTESIAN_POINT ( 'NONE',  ( -5.028999999999999915, 0.3810000000000000053, 0.2540000000000000036 ) ) ;
#492 = EDGE_CURVE ( 'NONE', #634, #6159, #3371, .T. ) ;
#493 = LINE ( 'NONE', #1505, #4951 ) ;
#494 = ORIENTED_EDGE ( 'NONE', *, *, #2522, .T. ) ;
#495 = CARTESIAN_POINT ( 'NONE',  ( 4.538000000000000256, 4.191000000000000725, 0.3770000000000000018 ) ) ;
#496 = CARTESIAN_POINT ( 'NONE',  ( 4.334999999999999964, 0.8890000000000000124, 1.132999999999999785 ) ) ;
#497 = ORIENTED_EDGE ( 'NONE', *, *, #4816, .T. ) ;
#498 = DIRECTION ( 'NONE',  ( 0.000000000000000000, 0.000000000000000000, 1.000000000000000000 ) ) ;
#499 =( NAMED_UNIT ( * ) PLANE_ANGLE_UNIT ( ) SI_UNIT ( $, .RADIAN. ) );
#500 = CARTESIAN_POINT ( 'NONE',  ( 4.335256734746894658, -4.529666666666667396, 1.133069161197122865 ) ) ;
#501 = VECTOR ( 'NONE', #4602, 1000.000000000000000 ) ;
#502 = EDGE_CURVE ( 'NONE', #1694, #2134, #5712, .T. ) ;
#503 = CARTESIAN_POINT ( 'NONE',  ( 4.334999999999999964, -0.8890000000000000124, 1.132999999999999785 ) ) ;
#504 = CARTESIAN_POINT ( 'NONE',  ( 5.028999999999999915, 4.698999999999999844, 0.000000000000000000 ) ) ;
#505 = EDGE_CURVE ( 'NONE', #2854, #6645, #447, .T. ) ;
#506 = DIRECTION ( 'NONE',  ( 0.000000000000000000, 1.000000000000000000, 0.000000000000000000 ) ) ;
#507 = VERTEX_POINT ( 'NONE', #524 ) ;
#508 = EDGE_LOOP ( 'NONE', ( #7028, #2242, #4915, #1276 ) ) ;
#509 = DIRECTION ( 'NONE',  ( 0.000000000000000000, 1.000000000000000000, 0.000000000000000000 ) ) ;
#510 = LINE ( 'NONE', #1526, #5546 ) ;
#511 = EDGE_CURVE ( 'NONE', #137, #5941, #2864, .T. ) ;
#512 = CARTESIAN_POINT ( 'NONE',  ( -3.797000000000000153, -0.8890000000000000124, 1.574999999999999956 ) ) ;
#513 = ORIENTED_EDGE ( 'NONE', *, *, #2057, .T. ) ;
#514 = EDGE_CURVE ( 'NONE', #571, #2772, #6896, .T. ) ;
#515 = VECTOR ( 'NONE', #1993, 1000.000000000000000 ) ;
#516 = ORIENTED_EDGE ( 'NONE', *, *, #2229, .F. ) ;
#517 = SURFACE_SIDE_STYLE ('',( #2114 ) ) ;
#518 = FACE_OUTER_BOUND ( 'NONE', #1797, .T. ) ;
#519 = CARTESIAN_POINT ( 'NONE',  ( -4.538000000000000256, -4.191000000000000725, 0.3770000000000000018 ) ) ;
#520 = ADVANCED_FACE ( 'NONE', ( #5748 ), #2705, .T. ) ;
#521 = ORIENTED_EDGE ( 'NONE', *, *, #4357, .F. ) ;
#522 = EDGE_LOOP ( 'NONE', ( #2741, #6881, #4619, #7411 ) ) ;
#523 = CARTESIAN_POINT ( 'NONE',  ( -5.321000000000000618, 1.650999999999999801, 0.2540000000000000036 ) ) ;
#524 = CARTESIAN_POINT ( 'NONE',  ( -4.089999999999999858, -4.698999999999999844, 1.320999999999999952 ) ) ;
#525 = CARTESIAN_POINT ( 'NONE',  ( 4.089999999999999858, 4.698999999999999844, 1.574999999999999956 ) ) ;
#526 = DIRECTION ( 'NONE',  ( 0.000000000000000000, -1.000000000000000000, 0.000000000000000000 ) ) ;
#527 = FILL_AREA_STYLE ('',( #5787 ) ) ;
#528 = ORIENTED_EDGE ( 'NONE', *, *, #3700, .F. ) ;
#529 = CARTESIAN_POINT ( 'NONE',  ( 5.028999999999999915, -2.920999999999999819, 0.000000000000000000 ) ) ;
#530 = CARTESIAN_POINT ( 'NONE',  ( 4.089999999999999858, 2.158999999999999808, 1.320999999999999952 ) ) ;
#531 = VERTEX_POINT ( 'NONE', #5364 ) ;
#532 = DIRECTION ( 'NONE',  ( 0.000000000000000000, 0.000000000000000000, -1.000000000000000000 ) ) ;
#533 = SURFACE_STYLE_USAGE ( .BOTH. , #1069 ) ;
#534 = DIRECTION ( 'NONE',  ( 0.000000000000000000, -1.000000000000000000, 0.000000000000000000 ) ) ;
#535 = CARTESIAN_POINT ( 'NONE',  ( -5.028999999999999915, -1.650999999999999801, 0.000000000000000000 ) ) ;
#536 = EDGE_CURVE ( 'NONE', #5885, #619, #1813, .T. ) ;
#537 = CARTESIAN_POINT ( 'NONE',  ( 1.147333333333333982, 5.169027938546406631, 2.642002017628226174 ) ) ;
#538 = CARTESIAN_POINT ( 'NONE',  ( 4.089999999999999858, -3.429000000000000270, 1.066999999999999948 ) ) ;
#539 =( GEOMETRIC_REPRESENTATION_CONTEXT ( 3 ) GLOBAL_UNCERTAINTY_ASSIGNED_CONTEXT ( ( #7083 ) ) GLOBAL_UNIT_ASSIGNED_CONTEXT ( ( #7424, #2774, #1013 ) ) REPRESENTATION_CONTEXT ( 'NONE', 'WORKASPACE' ) );
#540 = EDGE_CURVE ( 'NONE', #4977, #3738, #2574, .T. ) ;
#541 = CARTESIAN_POINT ( 'NONE',  ( 4.089999999999999858, -4.191000000000000725, 1.320999999999999952 ) ) ;
#542 = ORIENTED_EDGE ( 'NONE', *, *, #125, .T. ) ;
#543 = ORIENTED_EDGE ( 'NONE', *, *, #3376, .T. ) ;
#544 = DIRECTION ( 'NONE',  ( 0.000000000000000000, -1.000000000000000000, 0.000000000000000000 ) ) ;
#545 = VECTOR ( 'NONE', #5522, 1000.000000000000000 ) ;
#546 = CARTESIAN_POINT ( 'NONE',  ( 4.538169246415237446, 1.820333333333333359, 0.3770451553572226611 ) ) ;
#547 = CARTESIAN_POINT ( 'NONE',  ( -4.538169246415237446, 4.360333333333333172, 0.3770451553572226611 ) ) ;
#548 = CIRCLE ( 'NONE', #5447, 0.2539999999999996705 ) ;
#549 = ORIENTED_EDGE ( 'NONE', *, *, #6134, .T. ) ;
#550 = DIRECTION ( 'NONE',  ( 0.000000000000000000, 1.000000000000000000, 0.000000000000000000 ) ) ;
#551 = AXIS2_PLACEMENT_3D ( 'NONE', #7281, #3211, #3864 ) ;
#552 = VERTEX_POINT ( 'NONE', #638 ) ;
#553 = EDGE_CURVE ( 'NONE', #3847, #1871, #3603, .T. ) ;
#554 = LINE ( 'NONE', #590, #3204 ) ;
#555 = ADVANCED_FACE ( 'NONE', ( #6472 ), #94, .T. ) ;
#556 = EDGE_CURVE ( 'NONE', #5477, #1353, #4908, .T. ) ;
#557 = DIRECTION ( 'NONE',  ( 0.000000000000000000, 0.000000000000000000, 1.000000000000000000 ) ) ;
#558 = VERTEX_POINT ( 'NONE', #4166 ) ;
#559 = ORIENTED_EDGE ( 'NONE', *, *, #5056, .T. ) ;
#560 = VERTEX_POINT ( 'NONE', #3056 ) ;
#561 = ADVANCED_FACE ( 'NONE', ( #4197 ), #4665, .T. ) ;
#562 = DIRECTION ( 'NONE',  ( -1.000000000000000000, 0.000000000000000000, 0.000000000000000000 ) ) ;
#563 = LINE ( 'NONE', #5932, #3074 ) ;
#564 = EDGE_CURVE ( 'NONE', #2134, #3300, #2982, .T. ) ;
#565 = CARTESIAN_POINT ( 'NONE',  ( -5.028999999999999915, -0.8890000000000000124, 0.2540000000000000036 ) ) ;
#566 = CARTESIAN_POINT ( 'NONE',  ( 5.028999999999999915, 1.650999999999999801, 0.5080000000000000071 ) ) ;
#567 = LINE ( 'NONE', #3597, #1783 ) ;
#568 = ORIENTED_EDGE ( 'NONE', *, *, #4408, .T. ) ;
#569 = ADVANCED_FACE ( 'NONE', ( #5251 ), #673, .T. ) ;
#570 = CARTESIAN_POINT ( 'NONE',  ( 5.321000000000000618, 0.3810000000000000053, 0.000000000000000000 ) ) ;
#571 = VERTEX_POINT ( 'NONE', #3523 ) ;
#572 = PLANE ( 'NONE',  #180 ) ;
#573 = FACE_OUTER_BOUND ( 'NONE', #4090, .T. ) ;
#574 = DIRECTION ( 'NONE',  ( 0.000000000000000000, 1.000000000000000000, 0.000000000000000000 ) ) ;
#575 = CARTESIAN_POINT ( 'NONE',  ( 5.028999999999999915, 4.191000000000000725, 0.5080000000000000071 ) ) ;
#576 = AXIS2_PLACEMENT_3D ( 'NONE', #4435, #3899, #550 ) ;
#577 = CARTESIAN_POINT ( 'NONE',  ( 3.442000000000000171, 5.168999999999999595, 2.641999999999999904 ) ) ;
#578 = SURFACE_STYLE_FILL_AREA ( #5835 ) ;
#579 = ORIENTED_EDGE ( 'NONE', *, *, #4347, .F. ) ;
#580 = VERTEX_POINT ( 'NONE', #1884 ) ;
#581 = CARTESIAN_POINT ( 'NONE',  ( 1.265666666666671825, -5.244504113622239672, 1.306047844313835249 ) ) ;
#582 = CARTESIAN_POINT ( 'NONE',  ( 4.538000000000000256, 1.650999999999999801, 0.3770000000000000018 ) ) ;
#583 = CARTESIAN_POINT ( 'NONE',  ( -4.538000000000000256, 4.191000000000000725, 0.3770000000000000018 ) ) ;
#584 = AXIS2_PLACEMENT_3D ( 'NONE', #3008, #3155, #6650 ) ;
#585 = ADVANCED_FACE ( 'NONE', ( #4234 ), #3595, .F. ) ;
#586 = ORIENTED_EDGE ( 'NONE', *, *, #1695, .F. ) ;
#587 = CARTESIAN_POINT ( 'NONE',  ( 4.538000000000000256, -2.158999999999999808, 0.3770000000000000018 ) ) ;
#588 = VECTOR ( 'NONE', #4629, 1000.000000000000000 ) ;
#589 = EDGE_LOOP ( 'NONE', ( #2352, #4647, #4356, #2605 ) ) ;
#590 = CARTESIAN_POINT ( 'NONE',  ( -4.783000000000000362, 2.158999999999999808, 0.4420000000000000040 ) ) ;
#591 = DIRECTION ( 'NONE',  ( 0.7931070766835157659, 0.000000000000000000, 0.6090822316522848112 ) ) ;
#592 = VECTOR ( 'NONE', #5421, 1000.000000000000000 ) ;
#593 = ORIENTED_EDGE ( 'NONE', *, *, #1427, .F. ) ;
#594 = VECTOR ( 'NONE', #2632, 1000.000000000000000 ) ;
#595 = ORIENTED_EDGE ( 'NONE', *, *, #363, .F. ) ;
#596 = ADVANCED_FACE ( 'NONE', ( #6578 ), #3672, .F. ) ;
#597 = ORIENTED_EDGE ( 'NONE', *, *, #3197, .T. ) ;
#598 = VERTEX_POINT ( 'NONE', #7012 ) ;
#599 = AXIS2_PLACEMENT_3D ( 'NONE', #5796, #5150, #534 ) ;
#600 = CIRCLE ( 'NONE', #7219, 0.2539999999999996705 ) ;
#601 = CARTESIAN_POINT ( 'NONE',  ( -4.538000000000000256, 0.8890000000000000124, 0.3770000000000000018 ) ) ;
#602 = CARTESIAN_POINT ( 'NONE',  ( 3.797000000000000153, -2.920999999999999819, 1.320999999999999952 ) ) ;
#603 = DIRECTION ( 'NONE',  ( 0.000000000000000000, 1.000000000000000000, 0.000000000000000000 ) ) ;
#604 = DIRECTION ( 'NONE',  ( -1.000000000000000000, 0.000000000000000000, 0.000000000000000000 ) ) ;
#605 = AXIS2_PLACEMENT_3D ( 'NONE', #6913, #506, #5187 ) ;
#606 = CARTESIAN_POINT ( 'NONE',  ( -5.321000000000000618, -1.650999999999999801, 0.2540000000000000036 ) ) ;
#607 = ORIENTED_EDGE ( 'NONE', *, *, #2969, .F. ) ;
#608 = CARTESIAN_POINT ( 'NONE',  ( 4.334999999999999964, -4.698999999999999844, 1.132999999999999785 ) ) ;
#609 = VERTEX_POINT ( 'NONE', #2433 ) ;
#610 = DIRECTION ( 'NONE',  ( -1.000000000000000000, 0.000000000000000000, 0.000000000000000000 ) ) ;
#611 = CARTESIAN_POINT ( 'NONE',  ( 5.321000000000000618, 0.3810000000000000053, 0.000000000000000000 ) ) ;
#612 = DIRECTION ( 'NONE',  ( 0.000000000000000000, 0.000000000000000000, 1.000000000000000000 ) ) ;
#613 = CARTESIAN_POINT ( 'NONE',  ( 4.581000000000000405, 3.429000000000000270, 1.197999999999999954 ) ) ;
#614 = EDGE_CURVE ( 'NONE', #7504, #113, #2330, .T. ) ;
#615 = CARTESIAN_POINT ( 'NONE',  ( -4.783000000000000362, -0.3810000000000000053, 0.4420000000000000040 ) ) ;
#616 = DIRECTION ( 'NONE',  ( 0.000000000000000000, 0.000000000000000000, -1.000000000000000000 ) ) ;
#617 =( LENGTH_UNIT ( ) NAMED_UNIT ( * ) SI_UNIT ( .MILLI., .METRE. ) );
#618 = ORIENTED_EDGE ( 'NONE', *, *, #6355, .F. ) ;
#619 = VERTEX_POINT ( 'NONE', #602 ) ;
#620 = CARTESIAN_POINT ( 'NONE',  ( -4.334999999999999964, -4.191000000000000725, 1.132999999999999785 ) ) ;
#621 =( GEOMETRIC_REPRESENTATION_CONTEXT ( 3 ) GLOBAL_UNCERTAINTY_ASSIGNED_CONTEXT ( ( #3564 ) ) GLOBAL_UNIT_ASSIGNED_CONTEXT ( ( #3346, #499, #2211 ) ) REPRESENTATION_CONTEXT ( 'NONE', 'WORKASPACE' ) );
#622 = PLANE ( 'NONE',  #6732 ) ;
#623 = ORIENTED_EDGE ( 'NONE', *, *, #564, .T. ) ;
#624 = VECTOR ( 'NONE', #7395, 1000.000000000000000 ) ;
#625 = ORIENTED_EDGE ( 'NONE', *, *, #5795, .T. ) ;
#626 = LINE ( 'NONE', #6782, #3763 ) ;
#627 = B_SPLINE_CURVE_WITH_KNOTS ( 'NONE', 3,
 ( #5426, #2493, #736, #1836 ),
 .UNSPECIFIED., .F., .F.,
 ( 4, 4 ),
 ( 0.000000000000000000, 1.000000000000000000 ),
 .UNSPECIFIED. ) ;
#628 = CARTESIAN_POINT ( 'NONE',  ( -4.089999999999999858, -1.650999999999999801, 1.574999999999999956 ) ) ;
#629 = AXIS2_PLACEMENT_3D ( 'NONE', #3157, #851, #242 ) ;
#630 = ORIENTED_EDGE ( 'NONE', *, *, #3041, .F. ) ;
#631 = ORIENTED_EDGE ( 'NONE', *, *, #5619, .T. ) ;
#632 = VECTOR ( 'NONE', #1134, 1000.000000000000000 ) ;
#633 = ORIENTED_EDGE ( 'NONE', *, *, #6690, .F. ) ;
#634 = VERTEX_POINT ( 'NONE', #2358 ) ;
#635 = CIRCLE ( 'NONE', #7507, 0.5080000000000001181 ) ;
#636 = EDGE_CURVE ( 'NONE', #4844, #4722, #563, .T. ) ;
#637 = LINE ( 'NONE', #56, #7044 ) ;
#638 = CARTESIAN_POINT ( 'NONE',  ( 5.321000000000000618, -4.191000000000000725, 0.000000000000000000 ) ) ;
#639 = UNCERTAINTY_MEASURE_WITH_UNIT (LENGTH_MEASURE( 1.000000000000000082E-05 ), #5922, 'distance_accuracy_value', 'NONE');
#640 = CYLINDRICAL_SURFACE ( 'NONE', #2791, 0.5080000000000000071 ) ;
#641 = LINE ( 'NONE', #606, #3759 ) ;
#642 = ORIENTED_EDGE ( 'NONE', *, *, #5945, .T. ) ;
#643 = DIRECTION ( 'NONE',  ( 0.000000000000000000, 1.000000000000000000, 0.000000000000000000 ) ) ;
#644 = EDGE_LOOP ( 'NONE', ( #6538, #2107, #3927, #432 ) ) ;
#645 = CARTESIAN_POINT ( 'NONE',  ( 5.321000000000000618, 2.920999999999999819, 0.000000000000000000 ) ) ;
#646 = FACE_OUTER_BOUND ( 'NONE', #5601, .T. ) ;
#647 = EDGE_CURVE ( 'NONE', #4795, #6096, #2946, .T. ) ;
#648 = CARTESIAN_POINT ( 'NONE',  ( 4.581000000000000405, 3.429000000000000270, 1.197999999999999954 ) ) ;
#649 = EDGE_CURVE ( 'NONE', #5041, #6314, #853, .T. ) ;
#650 = EDGE_CURVE ( 'NONE', #1833, #3126, #5715, .T. ) ;
#651 = DIRECTION ( 'NONE',  ( 0.000000000000000000, -1.000000000000000000, 0.000000000000000000 ) ) ;
#652 = CARTESIAN_POINT ( 'NONE',  ( -3.797000000000000153, 2.158999999999999808, 1.320999999999999952 ) ) ;
#653 = CARTESIAN_POINT ( 'NONE',  ( 4.089999999999999858, -1.650999999999999801, 1.320999999999999952 ) ) ;
#654 = ORIENTED_EDGE ( 'NONE', *, *, #186, .F. ) ;
#655 = ORIENTED_EDGE ( 'NONE', *, *, #2654, .T. ) ;
#656 = CARTESIAN_POINT ( 'NONE',  ( -5.028999999999999915, -4.191000000000000725, 0.2540000000000000036 ) ) ;
#657 = ADVANCED_FACE ( 'NONE', ( #706 ), #1924, .T. ) ;
#658 = LINE ( 'NONE', #6031, #5507 ) ;
#659 = ORIENTED_EDGE ( 'NONE', *, *, #5101, .T. ) ;
#660 = DIRECTION ( 'NONE',  ( 0.000000000000000000, 0.000000000000000000, 1.000000000000000000 ) ) ;
#661 = AXIS2_PLACEMENT_3D ( 'NONE', #1023, #3372, #3986 ) ;
#662 = ORIENTED_EDGE ( 'NONE', *, *, #3386, .T. ) ;
#663 = CARTESIAN_POINT ( 'NONE',  ( 5.028999999999999915, 1.650999999999999801, 0.000000000000000000 ) ) ;
#664 = AXIS2_PLACEMENT_3D ( 'NONE', #2767, #4650, #1118 ) ;
#665 = DIRECTION ( 'NONE',  ( 0.2589693139543370881, 0.000000000000000000, 0.9658855493432024764 ) ) ;
#666 = ORIENTED_EDGE ( 'NONE', *, *, #3863, .F. ) ;
#667 = AXIS2_PLACEMENT_3D ( 'NONE', #450, #3909, #5594 ) ;
#668 = VECTOR ( 'NONE', #2366, 1000.000000000000000 ) ;
#669 = ORIENTED_EDGE ( 'NONE', *, *, #1392, .F. ) ;
#670 = ORIENTED_EDGE ( 'NONE', *, *, #2229, .T. ) ;
#671 = ORIENTED_EDGE ( 'NONE', *, *, #4063, .F. ) ;
#672 = CARTESIAN_POINT ( 'NONE',  ( -4.538169246415237446, 0.5503333333333333410, 0.3770451553572226611 ) ) ;
#673 = PLANE ( 'NONE',  #128 ) ;
#674 = DIRECTION ( 'NONE',  ( 0.000000000000000000, 1.000000000000000000, 0.000000000000000000 ) ) ;
#675 = EDGE_CURVE ( 'NONE', #6006, #4819, #7236, .T. ) ;
#676 = DIRECTION ( 'NONE',  ( 0.9658855493432024764, 0.000000000000000000, -0.2589693139543370881 ) ) ;
#677 = VERTEX_POINT ( 'NONE', #6775 ) ;
#678 = CARTESIAN_POINT ( 'NONE',  ( 3.797000000000000153, -2.158999999999999808, 1.320999999999999952 ) ) ;
#679 = ORIENTED_EDGE ( 'NONE', *, *, #7126, .F. ) ;
#680 = LINE ( 'NONE', #181, #7290 ) ;
#681 = DIRECTION ( 'NONE',  ( 0.000000000000000000, 1.000000000000000000, 0.000000000000000000 ) ) ;
#682 = DIRECTION ( 'NONE',  ( 0.000000000000000000, 0.000000000000000000, 1.000000000000000000 ) ) ;
#683 = DIRECTION ( 'NONE',  ( 0.000000000000000000, -1.000000000000000000, 0.000000000000000000 ) ) ;
#684 = ADVANCED_FACE ( 'NONE', ( #4316 ), #2615, .T. ) ;
#685 = CARTESIAN_POINT ( 'NONE',  ( -3.797000000000000153, -4.191000000000000725, 1.574999999999999956 ) ) ;
#686 = ORIENTED_EDGE ( 'NONE', *, *, #6947, .T. ) ;
#687 = EDGE_CURVE ( 'NONE', #415, #7053, #4967, .T. ) ;
#688 = VERTEX_POINT ( 'NONE', #3128 ) ;
#689 = CARTESIAN_POINT ( 'NONE',  ( -4.783000000000000362, -2.920999999999999819, 0.4420000000000000040 ) ) ;
#690 = AXIS2_PLACEMENT_3D ( 'NONE', #4668, #676, #4631 ) ;
#691 = CARTESIAN_POINT ( 'NONE',  ( -2.586999999999999744, 4.270000000000000462, 2.641999999999999904 ) ) ;
#692 = EDGE_LOOP ( 'NONE', ( #7325, #3051, #16, #4002 ) ) ;
#693 = CARTESIAN_POINT ( 'NONE',  ( -4.089999999999999858, -0.8890000000000000124, 1.574999999999999956 ) ) ;
#694 = ORIENTED_EDGE ( 'NONE', *, *, #3868, .F. ) ;
#695 = LINE ( 'NONE', #5465, #4620 ) ;
#696 = CIRCLE ( 'NONE', #6344, 0.5080000000000001181 ) ;
#697 = CARTESIAN_POINT ( 'NONE',  ( -4.089999999999999858, -4.698999999999999844, 1.066999999999999948 ) ) ;
#698 = VERTEX_POINT ( 'NONE', #169 ) ;
#699 = AXIS2_PLACEMENT_3D ( 'NONE', #1781, #2442, #7133 ) ;
#700 = EDGE_CURVE ( 'NONE', #306, #531, #1965, .T. ) ;
#701 = VECTOR ( 'NONE', #6771, 1000.000000000000000 ) ;
#702 = VERTEX_POINT ( 'NONE', #6123 ) ;
#703 = ORIENTED_EDGE ( 'NONE', *, *, #4119, .T. ) ;
#704 = ORIENTED_EDGE ( 'NONE', *, *, #6121, .T. ) ;
#705 = CARTESIAN_POINT ( 'NONE',  ( 4.538000000000000256, 4.698999999999999844, 0.3770000000000000018 ) ) ;
#706 = FACE_OUTER_BOUND ( 'NONE', #4968, .T. ) ;
#707 = VECTOR ( 'NONE', #1966, 1000.000000000000000 ) ;
#708 = UNCERTAINTY_MEASURE_WITH_UNIT (LENGTH_MEASURE( 1.000000000000000082E-05 ), #4505, 'distance_accuracy_value', 'NONE');
#709 = VECTOR ( 'NONE', #1218, 1000.000000000000000 ) ;
#710 = DIRECTION ( 'NONE',  ( 0.000000000000000000, 0.000000000000000000, -1.000000000000000000 ) ) ;
#711 = DIRECTION ( 'NONE',  ( -1.000000000000000000, 0.000000000000000000, 0.000000000000000000 ) ) ;
#712 = ORIENTED_EDGE ( 'NONE', *, *, #6889, .F. ) ;
#713 = AXIS2_PLACEMENT_3D ( 'NONE', #512, #3968, #2344 ) ;
#714 = B_SPLINE_CURVE_WITH_KNOTS ( 'NONE', 3,
 ( #3599, #1180, #3532, #4204 ),
 .UNSPECIFIED., .F., .F.,
 ( 4, 4 ),
 ( 0.000000000000000000, 1.000000000000000000 ),
 .UNSPECIFIED. ) ;
#715 = LINE ( 'NONE', #1140, #6726 ) ;
#716 = EDGE_LOOP ( 'NONE', ( #6676, #15, #7116, #6154, #1768, #7529, #2046, #1132, #2018, #5588, #2728, #5425 ) ) ;
#717 = CARTESIAN_POINT ( 'NONE',  ( -4.783000000000000362, 3.429000000000000270, 0.4420000000000000040 ) ) ;
#718 = CARTESIAN_POINT ( 'NONE',  ( -3.797000000000000153, -0.3810000000000000053, 1.320999999999999952 ) ) ;
#719 = EDGE_CURVE ( 'NONE', #3578, #3349, #3325, .T. ) ;
#720 = CARTESIAN_POINT ( 'NONE',  ( -4.538000000000000256, 2.920999999999999819, 0.3770000000000000018 ) ) ;
#721 = FACE_OUTER_BOUND ( 'NONE', #7125, .T. ) ;
#722 = CIRCLE ( 'NONE', #4270, 0.2539999999999996705 ) ;
#723 = FACE_OUTER_BOUND ( 'NONE', #5261, .T. ) ;
#724 = VERTEX_POINT ( 'NONE', #6045 ) ;
#725 = SURFACE_STYLE_FILL_AREA ( #5310 ) ;
#726 = FACE_OUTER_BOUND ( 'NONE', #4260, .T. ) ;
#727 = VERTEX_POINT ( 'NONE', #857 ) ;
#728 = LINE ( 'NONE', #2448, #904 ) ;
#729 = EDGE_CURVE ( 'NONE', #5382, #2613, #9, .T. ) ;
#730 = DIRECTION ( 'NONE',  ( 1.000000000000000000, 0.000000000000000000, 0.000000000000000000 ) ) ;
#731 = DIRECTION ( 'NONE',  ( 1.000000000000000000, 0.000000000000000000, 0.000000000000000000 ) ) ;
#732 = ORIENTED_EDGE ( 'NONE', *, *, #3226, .T. ) ;
#733 = EDGE_CURVE ( 'NONE', #309, #4682, #5434, .T. ) ;
#734 = LINE ( 'NONE', #1302, #5850 ) ;
#735 = ORIENTED_EDGE ( 'NONE', *, *, #6010, .F. ) ;
#736 = CARTESIAN_POINT ( 'NONE',  ( 4.580830753584762327, -0.5503333333333333410, 1.197954844642777461 ) ) ;
#737 = FACE_OUTER_BOUND ( 'NONE', #7495, .T. ) ;
#738 = EDGE_CURVE ( 'NONE', #4387, #7165, #3090, .T. ) ;
#739 = VECTOR ( 'NONE', #3743, 1000.000000000000000 ) ;
#740 = VERTEX_POINT ( 'NONE', #3240 ) ;
#741 = EDGE_CURVE ( 'NONE', #1850, #3379, #2653, .T. ) ;
#742 = EDGE_CURVE ( 'NONE', #7062, #702, #3708, .T. ) ;
#743 = ORIENTED_EDGE ( 'NONE', *, *, #2151, .F. ) ;
#744 = VERTEX_POINT ( 'NONE', #1356 ) ;
#745 = ORIENTED_EDGE ( 'NONE', *, *, #3323, .T. ) ;
#746 = PLANE ( 'NONE',  #6309 ) ;
#747 = CARTESIAN_POINT ( 'NONE',  ( 4.580830753584762327, 4.529666666666667396, 1.197954844642777461 ) ) ;
#748 = ADVANCED_FACE ( 'NONE', ( #4392 ), #818, .T. ) ;
#749 = CARTESIAN_POINT ( 'NONE',  ( -5.028999999999999915, -1.650999999999999801, 0.5080000000000000071 ) ) ;
#750 =( LENGTH_UNIT ( ) NAMED_UNIT ( * ) SI_UNIT ( .MILLI., .METRE. ) );
#751 = VECTOR ( 'NONE', #5505, 1000.000000000000000 ) ;
#752 = ORIENTED_EDGE ( 'NONE', *, *, #464, .T. ) ;
#753 = CARTESIAN_POINT ( 'NONE',  ( -4.089999999999999858, -2.158999999999999808, 1.574999999999999956 ) ) ;
#754 = ORIENTED_EDGE ( 'NONE', *, *, #4632, .F. ) ;
#755 = DIRECTION ( 'NONE',  ( 0.000000000000000000, 0.000000000000000000, -1.000000000000000000 ) ) ;
#756 = DIRECTION ( 'NONE',  ( 0.000000000000000000, 0.000000000000000000, -1.000000000000000000 ) ) ;
#757 = CARTESIAN_POINT ( 'NONE',  ( -4.089999999999999858, 0.3810000000000000053, 1.066999999999999948 ) ) ;
#758 = CARTESIAN_POINT ( 'NONE',  ( 4.783000000000000362, -0.3810000000000000053, 0.4420000000000000040 ) ) ;
#759 = LINE ( 'NONE', #6597, #6308 ) ;
#760 = ORIENTED_EDGE ( 'NONE', *, *, #2461, .T. ) ;
#761 = CARTESIAN_POINT ( 'NONE',  ( 5.321000000000000618, -0.8890000000000000124, 0.2540000000000000036 ) ) ;
#762 = CARTESIAN_POINT ( 'NONE',  ( 5.028999999999999915, 1.650999999999999801, 0.000000000000000000 ) ) ;
#763 = ORIENTED_EDGE ( 'NONE', *, *, #1275, .T. ) ;
#764 = DIRECTION ( 'NONE',  ( 0.2589693139543370881, 0.000000000000000000, 0.9658855493432024764 ) ) ;
#765 = CARTESIAN_POINT ( 'NONE',  ( 4.335256734746894658, -1.820333333333333359, 1.133069161197122865 ) ) ;
#766 = CARTESIAN_POINT ( 'NONE',  ( -5.028999999999999915, -3.429000000000000270, 0.000000000000000000 ) ) ;
#767 = EDGE_CURVE ( 'NONE', #5190, #1850, #5514, .T. ) ;
#768 = ORIENTED_EDGE ( 'NONE', *, *, #1576, .T. ) ;
#769 = PLANE ( 'NONE',  #2810 ) ;
#770 = ADVANCED_FACE ( 'NONE', ( #6157 ), #7309, .T. ) ;
#771 = ORIENTED_EDGE ( 'NONE', *, *, #2380, .T. ) ;
#772 = CARTESIAN_POINT ( 'NONE',  ( 4.538000000000000256, -4.698999999999999844, 0.3770000000000000018 ) ) ;
#773 = LINE ( 'NONE', #1449, #2708 ) ;
#774 = ORIENTED_EDGE ( 'NONE', *, *, #7575, .F. ) ;
#775 = ORIENTED_EDGE ( 'NONE', *, *, #6752, .F. ) ;
#776 = EDGE_CURVE ( 'NONE', #4893, #4306, #5084, .T. ) ;
#777 = EDGE_LOOP ( 'NONE', ( #6229, #6956, #456, #579 ) ) ;
#778 = AXIS2_PLACEMENT_3D ( 'NONE', #1721, #5118, #6994 ) ;
#779 = ORIENTED_EDGE ( 'NONE', *, *, #1529, .T. ) ;
#780 = EDGE_CURVE ( 'NONE', #2462, #882, #4583, .T. ) ;
#781 = DIRECTION ( 'NONE',  ( 0.000000000000000000, 0.000000000000000000, 1.000000000000000000 ) ) ;
#782 = CARTESIAN_POINT ( 'NONE',  ( 4.580830753584762327, 4.360333333333333172, 1.197954844642777461 ) ) ;
#783 = ADVANCED_FACE ( 'NONE', ( #7425 ), #2734, .T. ) ;
#784 = VECTOR ( 'NONE', #2790, 1000.000000000000000 ) ;
#785 = CARTESIAN_POINT ( 'NONE',  ( -3.797000000000000153, 1.650999999999999801, 1.574999999999999956 ) ) ;
#786 = VECTOR ( 'NONE', #1634, 1000.000000000000000 ) ;
#787 = ORIENTED_EDGE ( 'NONE', *, *, #3048, .F. ) ;
#788 = CARTESIAN_POINT ( 'NONE',  ( -3.678527506094660282, 5.219449357314823956, 1.940604536651115319 ) ) ;
#789 = VECTOR ( 'NONE', #4963, 1000.000000000000000 ) ;
#790 = CARTESIAN_POINT ( 'NONE',  ( 4.581000000000000405, -2.158999999999999808, 1.197999999999999954 ) ) ;
#791 = CARTESIAN_POINT ( 'NONE',  ( 3.797000000000000153, 2.158999999999999808, 1.574999999999999956 ) ) ;
#792 = LINE ( 'NONE', #3138, #545 ) ;
#793 = FACE_OUTER_BOUND ( 'NONE', #5742, .T. ) ;
#794 = CARTESIAN_POINT ( 'NONE',  ( 4.089999999999999858, -4.191000000000000725, 1.066999999999999948 ) ) ;
#795 = B_SPLINE_CURVE_WITH_KNOTS ( 'NONE', 3,
 ( #620, #4147, #118, #1903 ),
 .UNSPECIFIED., .F., .F.,
 ( 4, 4 ),
 ( 0.000000000000000000, 1.000000000000000000 ),
 .UNSPECIFIED. ) ;
#796 = VERTEX_POINT ( 'NONE', #1650 ) ;
#797 = ADVANCED_FACE ( 'NONE', ( #518 ), #5626, .T. ) ;
#798 = DIRECTION ( 'NONE',  ( 0.000000000000000000, -1.000000000000000000, 0.000000000000000000 ) ) ;
#799 = PLANE ( 'NONE',  #827 ) ;
#800 = ORIENTED_EDGE ( 'NONE', *, *, #4824, .F. ) ;
#801 = DIRECTION ( 'NONE',  ( 1.000000000000000000, 0.000000000000000000, 0.000000000000000000 ) ) ;
#802 = CARTESIAN_POINT ( 'NONE',  ( 3.441568773900155254, -1.723000000000000087, 2.641854284739228564 ) ) ;
#803 = DIRECTION ( 'NONE',  ( 0.000000000000000000, 1.000000000000000000, 0.000000000000000000 ) ) ;
#804 = EDGE_LOOP ( 'NONE', ( #6380, #1075, #6950, #6173 ) ) ;
#805 = PLANE ( 'NONE',  #7096 ) ;
#806 = LINE ( 'NONE', #5576, #327 ) ;
#807 = ORIENTED_EDGE ( 'NONE', *, *, #2331, .F. ) ;
#808 = LINE ( 'NONE', #663, #5853 ) ;
#809 = CARTESIAN_POINT ( 'NONE',  ( -3.797000000000000153, -2.158999999999999808, 1.320999999999999952 ) ) ;
#810 = EDGE_CURVE ( 'NONE', #3268, #1301, #5904, .T. ) ;
#811 = ORIENTED_EDGE ( 'NONE', *, *, #4725, .T. ) ;
#812 = PRESENTATION_LAYER_ASSIGNMENT (  '', '', ( #7187 ) ) ;
#813 = CLOSED_SHELL ( 'NONE', ( #1664, #303, #5004, #2569, #7538, #1818, #205, #5928, #6321, #3080, #2934, #1115, #3164, #4243 ) ) ;
#814 = ORIENTED_EDGE ( 'NONE', *, *, #2005, .T. ) ;
#815 = VECTOR ( 'NONE', #4930, 1000.000000000000000 ) ;
#816 = ORIENTED_EDGE ( 'NONE', *, *, #4813, .T. ) ;
#817 = DIRECTION ( 'NONE',  ( -0.9658855493432024764, 0.000000000000000000, -0.2589693139543370881 ) ) ;
#818 = PLANE ( 'NONE',  #5655 ) ;
#819 = B_SPLINE_CURVE_WITH_KNOTS ( 'NONE', 3,
 ( #5309, #4211, #7024, #3575 ),
 .UNSPECIFIED., .F., .F.,
 ( 4, 4 ),
 ( 0.000000000000000000, 1.000000000000000000 ),
 .UNSPECIFIED. ) ;
#820 = FACE_OUTER_BOUND ( 'NONE', #7007, .T. ) ;
#821 = CIRCLE ( 'NONE', #2786, 0.2540000000000003366 ) ;
#822 = ADVANCED_FACE ( 'NONE', ( #6815 ), #5665, .T. ) ;
#823 = FILL_AREA_STYLE_COLOUR ( '', #3884 ) ;
#824 = ORIENTED_EDGE ( 'NONE', *, *, #5774, .T. ) ;
#825 = AXIS2_PLACEMENT_3D ( 'NONE', #2320, #1774, #3488 ) ;
#826 = LINE ( 'NONE', #6746, #1670 ) ;
#827 = AXIS2_PLACEMENT_3D ( 'NONE', #2593, #3186, #340 ) ;
#828 = CARTESIAN_POINT ( 'NONE',  ( 4.402572021097666877, -0.8890000000000000124, 0.8809746240141085316 ) ) ;
#829 =( LENGTH_UNIT ( ) NAMED_UNIT ( * ) SI_UNIT ( .MILLI., .METRE. ) );
#830 = DIRECTION ( 'NONE',  ( 0.000000000000000000, 1.000000000000000000, 0.000000000000000000 ) ) ;
#831 = CARTESIAN_POINT ( 'NONE',  ( 3.797000000000000153, 0.3810000000000000053, 1.320999999999999952 ) ) ;
#832 = VECTOR ( 'NONE', #5707, 1000.000000000000000 ) ;
#833 = AXIS2_PLACEMENT_3D ( 'NONE', #6637, #872, #299 ) ;
#834 = DIRECTION ( 'NONE',  ( 0.000000000000000000, -1.000000000000000000, 0.000000000000000000 ) ) ;
#835 = VERTEX_POINT ( 'NONE', #6961 ) ;
#836 = CARTESIAN_POINT ( 'NONE',  ( 4.089999999999999858, 2.158999999999999808, 1.574999999999999956 ) ) ;
#837 = DIRECTION ( 'NONE',  ( -0.000000000000000000, 1.000000000000000000, 0.000000000000000000 ) ) ;
#838 = VERTEX_POINT ( 'NONE', #2115 ) ;
#839 = PLANE ( 'NONE',  #1270 ) ;
#840 = CARTESIAN_POINT ( 'NONE',  ( -5.028999999999999915, -2.158999999999999808, 0.5080000000000000071 ) ) ;
#841 = CIRCLE ( 'NONE', #4758, 0.2540000000000003366 ) ;
#842 =( GEOMETRIC_REPRESENTATION_CONTEXT ( 3 ) GLOBAL_UNCERTAINTY_ASSIGNED_CONTEXT ( ( #3486 ) ) GLOBAL_UNIT_ASSIGNED_CONTEXT ( ( #4679, #3611, #4143 ) ) REPRESENTATION_CONTEXT ( 'NONE', 'WORKASPACE' ) );
#843 = DIRECTION ( 'NONE',  ( 0.000000000000000000, 0.000000000000000000, -1.000000000000000000 ) ) ;
#844 = EDGE_CURVE ( 'NONE', #4690, #609, #367, .T. ) ;
#845 = DIRECTION ( 'NONE',  ( 0.000000000000000000, -1.000000000000000000, 0.000000000000000000 ) ) ;
#846 = ORIENTED_EDGE ( 'NONE', *, *, #1839, .T. ) ;
#847 = CARTESIAN_POINT ( 'NONE',  ( 4.538000000000000256, 2.158999999999999808, 0.3770000000000000018 ) ) ;
#848 = LINE ( 'NONE', #5463, #1940 ) ;
#849 = ORIENTED_EDGE ( 'NONE', *, *, #810, .T. ) ;
#850 = CARTESIAN_POINT ( 'NONE',  ( -5.028999999999999915, 0.3810000000000000053, 0.000000000000000000 ) ) ;
#851 = DIRECTION ( 'NONE',  ( -0.9658855493432024764, 0.000000000000000000, 0.2589693139543370881 ) ) ;
#852 = CARTESIAN_POINT ( 'NONE',  ( -3.797000000000000153, 0.8890000000000000124, 1.574999999999999956 ) ) ;
#853 = B_SPLINE_CURVE_WITH_KNOTS ( 'NONE', 3,
 ( #134, #2903, #2579, #2538 ),
 .UNSPECIFIED., .F., .F.,
 ( 4, 4 ),
 ( 0.000000000000000000, 1.000000000000000000 ),
 .UNSPECIFIED. ) ;
#854 = ORIENTED_EDGE ( 'NONE', *, *, #1673, .T. ) ;
#855 = ORIENTED_EDGE ( 'NONE', *, *, #3846, .T. ) ;
#856 = FACE_OUTER_BOUND ( 'NONE', #4123, .T. ) ;
#857 = CARTESIAN_POINT ( 'NONE',  ( -5.321000000000000618, -1.650999999999999801, 0.2540000000000000036 ) ) ;
#858 = VECTOR ( 'NONE', #2175, 1000.000000000000000 ) ;
#859 = CARTESIAN_POINT ( 'NONE',  ( -4.783000000000000362, 0.3810000000000000053, 0.4420000000000000040 ) ) ;
#860 = DIRECTION ( 'NONE',  ( 0.000000000000000000, -1.000000000000000000, 0.000000000000000000 ) ) ;
#861 = ORIENTED_EDGE ( 'NONE', *, *, #5808, .F. ) ;
#862 = ADVANCED_FACE ( 'NONE', ( #400 ), #2194, .F. ) ;
#863 = CARTESIAN_POINT ( 'NONE',  ( 4.089999999999999858, 1.650999999999999801, 1.066999999999999948 ) ) ;
#864 = DIRECTION ( 'NONE',  ( 0.000000000000000000, 0.000000000000000000, -1.000000000000000000 ) ) ;
#865 = SURFACE_STYLE_USAGE ( .BOTH. , #6165 ) ;
#866 = CARTESIAN_POINT ( 'NONE',  ( 4.089999999999999858, 2.158999999999999808, 1.066999999999999948 ) ) ;
#867 = DIRECTION ( 'NONE',  ( 0.000000000000000000, -1.000000000000000000, 0.000000000000000000 ) ) ;
#868 = AXIS2_PLACEMENT_3D ( 'NONE', #7387, #3280, #6236 ) ;
#869 = DIRECTION ( 'NONE',  ( -0.2589693139543370881, 0.000000000000000000, 0.9658855493432024764 ) ) ;
#870 = ORIENTED_EDGE ( 'NONE', *, *, #3531, .F. ) ;
#871 = CARTESIAN_POINT ( 'NONE',  ( -4.538169246415237446, -0.7196666666666667878, 0.3770451553572226611 ) ) ;
#872 = DIRECTION ( 'NONE',  ( 0.000000000000000000, -1.000000000000000000, 0.000000000000000000 ) ) ;
#873 = ORIENTED_EDGE ( 'NONE', *, *, #2522, .F. ) ;
#874 = EDGE_CURVE ( 'NONE', #1581, #3614, #481, .T. ) ;
#875 = DIRECTION ( 'NONE',  ( 0.000000000000000000, 1.000000000000000000, 0.000000000000000000 ) ) ;
#876 = DIRECTION ( 'NONE',  ( 0.000000000000000000, 0.000000000000000000, 1.000000000000000000 ) ) ;
#877 = AXIS2_PLACEMENT_3D ( 'NONE', #3928, #5038, #1045 ) ;
#878 = ADVANCED_FACE ( 'NONE', ( #2775 ), #5127, .T. ) ;
#879 = EDGE_CURVE ( 'NONE', #4662, #398, #3416, .T. ) ;
#880 = LINE ( 'NONE', #4452, #4153 ) ;
#881 = CARTESIAN_POINT ( 'NONE',  ( 4.783000000000000362, -1.650999999999999801, 0.4420000000000000040 ) ) ;
#882 = VERTEX_POINT ( 'NONE', #2231 ) ;
#883 = CYLINDRICAL_SURFACE ( 'NONE', #3785, 0.2540000000000000036 ) ;
#884 = DIRECTION ( 'NONE',  ( 1.000000000000000000, 0.000000000000000000, 0.000000000000000000 ) ) ;
#885 = ORIENTED_EDGE ( 'NONE', *, *, #3690, .T. ) ;
#886 = DIRECTION ( 'NONE',  ( 0.000000000000000000, -1.000000000000000000, 0.000000000000000000 ) ) ;
#887 = CARTESIAN_POINT ( 'NONE',  ( 5.321000000000000618, 4.698999999999999844, 0.2540000000000000036 ) ) ;
#888 = AXIS2_PLACEMENT_3D ( 'NONE', #1403, #3758, #4451 ) ;
#889 = ORIENTED_EDGE ( 'NONE', *, *, #492, .F. ) ;
#890 = EDGE_CURVE ( 'NONE', #6722, #744, #1357, .T. ) ;
#891 = ORIENTED_EDGE ( 'NONE', *, *, #323, .T. ) ;
#892 = FACE_OUTER_BOUND ( 'NONE', #2307, .T. ) ;
#893 = DIRECTION ( 'NONE',  ( 0.000000000000000000, 0.000000000000000000, -1.000000000000000000 ) ) ;
#894 = DIRECTION ( 'NONE',  ( 0.000000000000000000, 0.000000000000000000, -1.000000000000000000 ) ) ;
#895 = EDGE_LOOP ( 'NONE', ( #5872, #5982, #1141, #2385 ) ) ;
#896 = PLANE ( 'NONE',  #576 ) ;
#897 = ORIENTED_EDGE ( 'NONE', *, *, #1711, .F. ) ;
#898 = CARTESIAN_POINT ( 'NONE',  ( 4.089999999999999858, -2.920999999999999819, 1.320999999999999952 ) ) ;
#899 = VECTOR ( 'NONE', #957, 1000.000000000000000 ) ;
#900 = EDGE_CURVE ( 'NONE', #5729, #4952, #1838, .T. ) ;
#901 = DIRECTION ( 'NONE',  ( 1.000000000000000000, 0.000000000000000000, 0.000000000000000000 ) ) ;
#902 = FILL_AREA_STYLE_COLOUR ( '', #5892 ) ;
#903 = CARTESIAN_POINT ( 'NONE',  ( -4.581000000000000405, -4.698999999999999844, 1.197999999999999954 ) ) ;
#904 = VECTOR ( 'NONE', #1865, 1000.000000000000000 ) ;
#905 = FACE_OUTER_BOUND ( 'NONE', #3303, .T. ) ;
#906 = EDGE_CURVE ( 'NONE', #688, #3589, #6890, .T. ) ;
#907 = CARTESIAN_POINT ( 'NONE',  ( 4.648549666062477215, 2.158999999999999808, 0.9460580022534657019 ) ) ;
#908 = VERTEX_POINT ( 'NONE', #6854 ) ;
#909 = CARTESIAN_POINT ( 'NONE',  ( -5.028999999999999915, -0.3810000000000000053, 0.5080000000000000071 ) ) ;
#910 = VECTOR ( 'NONE', #3175, 1000.000000000000000 ) ;
#911 = CARTESIAN_POINT ( 'NONE',  ( 5.321000000000000618, -4.191000000000000725, 0.2540000000000000036 ) ) ;
#912 = ORIENTED_EDGE ( 'NONE', *, *, #331, .T. ) ;
#913 = FACE_OUTER_BOUND ( 'NONE', #6733, .T. ) ;
#914 = VERTEX_POINT ( 'NONE', #6926 ) ;
#915 = LINE ( 'NONE', #2064, #232 ) ;
#916 = CARTESIAN_POINT ( 'NONE',  ( -5.028999999999999915, -4.191000000000000725, 0.000000000000000000 ) ) ;
#917 = ADVANCED_FACE ( 'NONE', ( #1014 ), #5200, .T. ) ;
#918 = ORIENTED_EDGE ( 'NONE', *, *, #2074, .T. ) ;
#919 = EDGE_CURVE ( 'NONE', #3590, #4290, #1472, .T. ) ;
#920 = CARTESIAN_POINT ( 'NONE',  ( -4.089999999999999858, -2.920999999999999819, 1.320999999999999952 ) ) ;
#921 = ADVANCED_FACE ( 'NONE', ( #4158 ), #4086, .T. ) ;
#922 = EDGE_LOOP ( 'NONE', ( #2756, #6922, #3521, #4786 ) ) ;
#923 = EDGE_LOOP ( 'NONE', ( #3482, #236, #1418, #1401 ) ) ;
#924 = CARTESIAN_POINT ( 'NONE',  ( 5.028999999999999915, -0.8890000000000000124, 0.5080000000000000071 ) ) ;
#925 = VERTEX_POINT ( 'NONE', #4724 ) ;
#926 = CARTESIAN_POINT ( 'NONE',  ( 5.321000000000000618, 4.191000000000000725, 0.000000000000000000 ) ) ;
#927 = CARTESIAN_POINT ( 'NONE',  ( 4.783675919342393890, 4.360333333333333172, 0.4421813442138124439 ) ) ;
#928 = EDGE_LOOP ( 'NONE', ( #2298, #2499, #1808, #7270 ) ) ;
#929 = ORIENTED_EDGE ( 'NONE', *, *, #115, .T. ) ;
#930 = APPLICATION_PROTOCOL_DEFINITION ( 'draft international standard', 'automotive_design', 1998, #5046 ) ;
#931 = DIRECTION ( 'NONE',  ( 0.000000000000000000, 0.000000000000000000, 1.000000000000000000 ) ) ;
#932 = CARTESIAN_POINT ( 'NONE',  ( -4.580830753584762327, -3.090333333333333599, 1.197954844642777461 ) ) ;
#933 = EDGE_CURVE ( 'NONE', #1741, #4223, #6503, .T. ) ;
#934 = EDGE_LOOP ( 'NONE', ( #7018, #4248, #6307, #5193 ) ) ;
#935 = FILL_AREA_STYLE ('',( #5012 ) ) ;
#936 = ORIENTED_EDGE ( 'NONE', *, *, #6583, .F. ) ;
#937 = COLOUR_RGB ( '',0.7215686274509803821, 0.7215686274509803821, 0.7215686274509803821 ) ;
#938 = LINE ( 'NONE', #2974, #7571 ) ;
#939 = CARTESIAN_POINT ( 'NONE',  ( 4.538169246415237446, -3.259666666666666934, 0.3770451553572226611 ) ) ;
#940 = VECTOR ( 'NONE', #7475, 1000.000000000000000 ) ;
#941 = DIRECTION ( 'NONE',  ( 0.000000000000000000, 1.000000000000000000, 0.000000000000000000 ) ) ;
#942 = CARTESIAN_POINT ( 'NONE',  ( -2.586999999999999744, 4.270000000000000462, 2.641999999999999904 ) ) ;
#943 = LINE ( 'NONE', #1592, #3733 ) ;
#944 = CIRCLE ( 'NONE', #3894, 0.2540000000000000591 ) ;
#945 = EDGE_LOOP ( 'NONE', ( #2856, #936, #2924, #3878 ) ) ;
#946 = COLOUR_RGB ( '',0.7215686274509803821, 0.7215686274509803821, 0.7215686274509803821 ) ;
#947 = DIRECTION ( 'NONE',  ( 0.000000000000000000, 0.000000000000000000, -1.000000000000000000 ) ) ;
#948 = CARTESIAN_POINT ( 'NONE',  ( -5.321000000000000618, -3.429000000000000270, 0.2540000000000000036 ) ) ;
#949 = EDGE_LOOP ( 'NONE', ( #1155, #6126, #6992, #870 ) ) ;
#950 = PLANE ( 'NONE',  #3979 ) ;
#951 = FACE_OUTER_BOUND ( 'NONE', #4924, .T. ) ;
#952 = CARTESIAN_POINT ( 'NONE',  ( -5.028999999999999915, -2.920999999999999819, 0.5080000000000000071 ) ) ;
#953 = AXIS2_PLACEMENT_3D ( 'NONE', #1534, #5667, #5631 ) ;
#954 = CIRCLE ( 'NONE', #5259, 0.2539999999999996705 ) ;
#955 = FACE_OUTER_BOUND ( 'NONE', #3088, .T. ) ;
#956 = VERTEX_POINT ( 'NONE', #4656 ) ;
#957 = DIRECTION ( 'NONE',  ( 1.000000000000000000, 0.000000000000000000, 0.000000000000000000 ) ) ;
#958 = ADVANCED_FACE ( 'NONE', ( #3555 ), #1766, .F. ) ;
#959 = VECTOR ( 'NONE', #4837, 1000.000000000000000 ) ;
#960 = ORIENTED_EDGE ( 'NONE', *, *, #5384, .F. ) ;
#961 = AXIS2_PLACEMENT_3D ( 'NONE', #68, #4180, #6524 ) ;
#962 = ORIENTED_EDGE ( 'NONE', *, *, #6373, .T. ) ;
#963 = CARTESIAN_POINT ( 'NONE',  ( -5.028999999999999915, 4.698999999999999844, 0.5080000000000000071 ) ) ;
#964 = CARTESIAN_POINT ( 'NONE',  ( 4.089999999999999858, -0.3810000000000000053, 1.066999999999999948 ) ) ;
#965 = CARTESIAN_POINT ( 'NONE',  ( 5.028999999999999915, 2.920999999999999819, 0.5080000000000000071 ) ) ;
#966 = EDGE_CURVE ( 'NONE', #1614, #5917, #2894, .T. ) ;
#967 = B_SPLINE_CURVE_WITH_KNOTS ( 'NONE', 3,
 ( #4584, #5203, #2156, #1652 ),
 .UNSPECIFIED., .F., .F.,
 ( 4, 4 ),
 ( 0.000000000000000000, 1.000000000000000000 ),
 .UNSPECIFIED. ) ;
#968 = VECTOR ( 'NONE', #4477, 1000.000000000000000 ) ;
#969 = ORIENTED_EDGE ( 'NONE', *, *, #647, .T. ) ;
#970 = AXIS2_PLACEMENT_3D ( 'NONE', #3464, #2295, #6990 ) ;
#971 = ORIENTED_EDGE ( 'NONE', *, *, #3702, .F. ) ;
#972 = ADVANCED_FACE ( 'NONE', ( #6427 ), #126, .T. ) ;
#973 = SHAPE_DEFINITION_REPRESENTATION ( #3411, #251 ) ;
#974 = DIRECTION ( 'NONE',  ( -0.7931070766835157659, 0.000000000000000000, 0.6090822316522848112 ) ) ;
#975 = ADVANCED_FACE ( 'NONE', ( #1166 ), #6534, .T. ) ;
#976 = EDGE_CURVE ( 'NONE', #796, #5372, #2967, .T. ) ;
#977 = LINE ( 'NONE', #2822, #832 ) ;
#978 = B_SPLINE_CURVE_WITH_KNOTS ( 'NONE', 3,
 ( #5638, #329, #2511, #4019 ),
 .UNSPECIFIED., .F., .F.,
 ( 4, 4 ),
 ( 0.000000000000000000, 1.000000000000000000 ),
 .UNSPECIFIED. ) ;
#979 = EDGE_LOOP ( 'NONE', ( #2274, #3966, #2455, #7380 ) ) ;
#980 = ORIENTED_EDGE ( 'NONE', *, *, #3221, .T. ) ;
#981 = AXIS2_PLACEMENT_3D ( 'NONE', #1587, #2162, #2829 ) ;
#982 = EDGE_CURVE ( 'NONE', #6112, #7454, #554, .T. ) ;
#983 = PLANE ( 'NONE',  #3647 ) ;
#984 = CARTESIAN_POINT ( 'NONE',  ( -5.321000000000000618, 3.429000000000000270, 0.2540000000000000036 ) ) ;
#985 = DIRECTION ( 'NONE',  ( 0.000000000000000000, 1.000000000000000000, 0.000000000000000000 ) ) ;
#986 = CYLINDRICAL_SURFACE ( 'NONE', #661, 0.2540000000000000036 ) ;
#987 = B_SPLINE_CURVE_WITH_KNOTS ( 'NONE', 3,
 ( #1499, #828, #2013, #4322 ),
 .UNSPECIFIED., .F., .F.,
 ( 4, 4 ),
 ( 0.000000000000000000, 1.000000000000000000 ),
 .UNSPECIFIED. ) ;
#988 = DIRECTION ( 'NONE',  ( -1.000000000000000000, 0.000000000000000000, 0.000000000000000000 ) ) ;
#989 = VECTOR ( 'NONE', #2079, 1000.000000000000000 ) ;
#990 = CARTESIAN_POINT ( 'NONE',  ( -4.089999999999999858, 3.429000000000000270, 1.574999999999999956 ) ) ;
#991 = ORIENTED_EDGE ( 'NONE', *, *, #5289, .F. ) ;
#992 = LINE ( 'NONE', #2171, #3553 ) ;
#993 = DIRECTION ( 'NONE',  ( 0.000000000000000000, -1.000000000000000000, 0.000000000000000000 ) ) ;
#994 = ORIENTED_EDGE ( 'NONE', *, *, #4440, .T. ) ;
#995 = CARTESIAN_POINT ( 'NONE',  ( -5.028999999999999915, -3.429000000000000270, 0.000000000000000000 ) ) ;
#996 = FILL_AREA_STYLE_COLOUR ( '', #4736 ) ;
#997 = CARTESIAN_POINT ( 'NONE',  ( -3.620000000000000107, 5.142999999999999794, 0.2540000000000000036 ) ) ;
#998 = AXIS2_PLACEMENT_3D ( 'NONE', #4688, #4053, #5890 ) ;
#999 = ORIENTED_EDGE ( 'NONE', *, *, #176, .F. ) ;
#1000 = DIRECTION ( 'NONE',  ( 0.000000000000000000, 0.000000000000000000, 1.000000000000000000 ) ) ;
#1001 = CIRCLE ( 'NONE', #6259, 0.5080000000000001181 ) ;
#1002 = CIRCLE ( 'NONE', #1970, 0.2539999999999996705 ) ;
#1003 = FACE_OUTER_BOUND ( 'NONE', #5470, .T. ) ;
#1004 = ORIENTED_EDGE ( 'NONE', *, *, #1248, .T. ) ;
#1005 = ORIENTED_EDGE ( 'NONE', *, *, #6580, .F. ) ;
#1006 = CARTESIAN_POINT ( 'NONE',  ( -4.538000000000000256, -2.920999999999999819, 0.3770000000000000018 ) ) ;
#1007 = VERTEX_POINT ( 'NONE', #2975 ) ;
#1008 = LINE ( 'NONE', #7342, #2458 ) ;
#1009 = CARTESIAN_POINT ( 'NONE',  ( -4.334999999999999964, -0.8890000000000000124, 1.132999999999999785 ) ) ;
#1010 = EDGE_CURVE ( 'NONE', #2923, #364, #5356, .T. ) ;
#1011 = ORIENTED_EDGE ( 'NONE', *, *, #208, .T. ) ;
#1012 = ORIENTED_EDGE ( 'NONE', *, *, #6174, .T. ) ;
#1013 =( NAMED_UNIT ( * ) SI_UNIT ( $, .STERADIAN. ) SOLID_ANGLE_UNIT ( ) );
#1014 = FACE_OUTER_BOUND ( 'NONE', #5244, .T. ) ;
#1015 = DIRECTION ( 'NONE',  ( 0.000000000000000000, 0.000000000000000000, 1.000000000000000000 ) ) ;
#1016 = ORIENTED_EDGE ( 'NONE', *, *, #733, .F. ) ;
#1017 = ORIENTED_EDGE ( 'NONE', *, *, #4304, .F. ) ;
#1018 = EDGE_CURVE ( 'NONE', #4682, #1277, #397, .T. ) ;
#1019 = EDGE_CURVE ( 'NONE', #5320, #5011, #4305, .T. ) ;
#1020 = CARTESIAN_POINT ( 'NONE',  ( -5.321000000000000618, -4.191000000000000725, 0.2540000000000000036 ) ) ;
#1021 = FACE_OUTER_BOUND ( 'NONE', #2892, .T. ) ;
#1022 = FACE_OUTER_BOUND ( 'NONE', #4540, .T. ) ;
#1023 = CARTESIAN_POINT ( 'NONE',  ( -5.028999999999999915, 0.8890000000000000124, 0.5080000000000000071 ) ) ;
#1024 = DIRECTION ( 'NONE',  ( 0.000000000000000000, 0.000000000000000000, 1.000000000000000000 ) ) ;
#1025 = LINE ( 'NONE', #2205, #2382 ) ;
#1026 = ORIENTED_EDGE ( 'NONE', *, *, #5751, .F. ) ;
#1027 = AXIS2_PLACEMENT_3D ( 'NONE', #428, #7377, #1517 ) ;
#1028 = PLANE ( 'NONE',  #233 ) ;
#1029 = DIRECTION ( 'NONE',  ( 0.7931070766835153218, 0.000000000000000000, -0.6090822316522856994 ) ) ;
#1030 = ORIENTED_EDGE ( 'NONE', *, *, #2855, .T. ) ;
#1031 = VECTOR ( 'NONE', #3757, 1000.000000000000000 ) ;
#1032 = CARTESIAN_POINT ( 'NONE',  ( 5.028999999999999915, -0.3810000000000000053, 0.5080000000000000071 ) ) ;
#1033 = CARTESIAN_POINT ( 'NONE',  ( 5.028999999999999915, -0.3810000000000000053, 0.2540000000000000036 ) ) ;
#1034 = CARTESIAN_POINT ( 'NONE',  ( -4.089999999999999858, 1.650999999999999801, 1.066999999999999948 ) ) ;
#1035 = CIRCLE ( 'NONE', #6923, 0.2539999999999996705 ) ;
#1036 = CARTESIAN_POINT ( 'NONE',  ( -5.321000000000000618, 0.8890000000000000124, 0.000000000000000000 ) ) ;
#1037 = ADVANCED_FACE ( 'NONE', ( #1271 ), #3046, .F. ) ;
#1038 = AXIS2_PLACEMENT_3D ( 'NONE', #5964, #562, #6471 ) ;
#1039 = DIRECTION ( 'NONE',  ( 0.000000000000000000, -1.000000000000000000, 0.000000000000000000 ) ) ;
#1040 = CARTESIAN_POINT ( 'NONE',  ( 4.538000000000000256, 0.3810000000000000053, 0.3770000000000000018 ) ) ;
#1041 = ORIENTED_EDGE ( 'NONE', *, *, #2404, .F. ) ;
#1042 = VERTEX_POINT ( 'NONE', #1801 ) ;
#1043 = CARTESIAN_POINT ( 'NONE',  ( 4.581000000000000405, -4.698999999999999844, 1.197999999999999954 ) ) ;
#1044 = VERTEX_POINT ( 'NONE', #3009 ) ;
#1045 = DIRECTION ( 'NONE',  ( 1.000000000000000000, 0.000000000000000000, 0.000000000000000000 ) ) ;
#1046 = LINE ( 'NONE', #2771, #4400 ) ;
#1047 = ORIENTED_EDGE ( 'NONE', *, *, #2978, .T. ) ;
#1048 = ORIENTED_EDGE ( 'NONE', *, *, #3690, .F. ) ;
#1049 = EDGE_CURVE ( 'NONE', #698, #507, #2842, .T. ) ;
#1050 = CARTESIAN_POINT ( 'NONE',  ( 4.581000000000000405, -3.429000000000000270, 1.197999999999999954 ) ) ;
#1051 = DIRECTION ( 'NONE',  ( -0.7931070766835166541, 0.000000000000000000, -0.6090822316522841451 ) ) ;
#1052 = CARTESIAN_POINT ( 'NONE',  ( 4.581000000000000405, 0.3810000000000000053, 1.197999999999999954 ) ) ;
#1053 = VERTEX_POINT ( 'NONE', #5395 ) ;
#1054 = VERTEX_POINT ( 'NONE', #4800 ) ;
#1055 = LINE ( 'NONE', #487, #5121 ) ;
#1056 = DIRECTION ( 'NONE',  ( 0.9658855493432024764, 0.000000000000000000, 0.2589693139543370881 ) ) ;
#1057 = CYLINDRICAL_SURFACE ( 'NONE', #5283, 0.5080000000000000071 ) ;
#1058 = LINE ( 'NONE', #4592, #7157 ) ;
#1059 = DIRECTION ( 'NONE',  ( 0.000000000000000000, -1.000000000000000000, 0.000000000000000000 ) ) ;
#1060 = ADVANCED_FACE ( 'NONE', ( #1690 ), #6389, .T. ) ;
#1061 = CARTESIAN_POINT ( 'NONE',  ( 4.783675919342393890, -0.5503333333333333410, 0.4421813442138124439 ) ) ;
#1062 = ORIENTED_EDGE ( 'NONE', *, *, #2809, .T. ) ;
#1063 = CARTESIAN_POINT ( 'NONE',  ( 3.797000000000000153, 4.191000000000000725, 1.574999999999999956 ) ) ;
#1064 = CLOSED_SHELL ( 'NONE', ( #657, #1297, #4502, #4490, #684, #1060, #6893, #6465, #1881, #2271, #7540, #6825, #3180, #5439 ) ) ;
#1065 = DIRECTION ( 'NONE',  ( 0.000000000000000000, -1.000000000000000000, 0.000000000000000000 ) ) ;
#1066 = ORIENTED_EDGE ( 'NONE', *, *, #4597, .T. ) ;
#1067 = AXIS2_PLACEMENT_3D ( 'NONE', #1346, #1305, #82 ) ;
#1068 = CARTESIAN_POINT ( 'NONE',  ( -4.089999999999999858, -4.191000000000000725, 1.066999999999999948 ) ) ;
#1069 = SURFACE_SIDE_STYLE ('',( #7486 ) ) ;
#1070 = CARTESIAN_POINT ( 'NONE',  ( 5.028999999999999915, 0.3810000000000000053, 0.5080000000000000071 ) ) ;
#1071 = DIRECTION ( 'NONE',  ( 0.000000000000000000, -1.000000000000000000, 0.000000000000000000 ) ) ;
#1072 = AXIS2_PLACEMENT_3D ( 'NONE', #3158, #5506, #4606 ) ;
#1073 = CYLINDRICAL_SURFACE ( 'NONE', #6799, 0.2540000000000000036 ) ;
#1074 = DIRECTION ( 'NONE',  ( 0.000000000000000000, -1.000000000000000000, 0.000000000000000000 ) ) ;
#1075 = ORIENTED_EDGE ( 'NONE', *, *, #564, .F. ) ;
#1076 = EDGE_LOOP ( 'NONE', ( #2773, #2575, #479, #7459 ) ) ;
#1077 = DIRECTION ( 'NONE',  ( 0.000000000000000000, -1.000000000000000000, 0.000000000000000000 ) ) ;
#1078 = ADVANCED_FACE ( 'NONE', ( #1410 ), #6114, .T. ) ;
#1079 = VECTOR ( 'NONE', #4417, 1000.000000000000000 ) ;
#1080 = PRESENTATION_LAYER_ASSIGNMENT (  '', '', ( #3660 ) ) ;
#1081 = ORIENTED_EDGE ( 'NONE', *, *, #3922, .T. ) ;
#1082 = PLANE ( 'NONE',  #5174 ) ;
#1083 = DIRECTION ( 'NONE',  ( 1.000000000000000000, 0.000000000000000000, 0.000000000000000000 ) ) ;
#1084 = ORIENTED_EDGE ( 'NONE', *, *, #3067, .F. ) ;
#1085 = VECTOR ( 'NONE', #1230, 1000.000000000000000 ) ;
#1086 = ORIENTED_EDGE ( 'NONE', *, *, #6002, .F. ) ;
#1087 = FILL_AREA_STYLE ('',( #5126 ) ) ;
#1088 = CARTESIAN_POINT ( 'NONE',  ( -4.089999999999999858, -2.920999999999999819, 1.066999999999999948 ) ) ;
#1089 = VECTOR ( 'NONE', #2469, 1000.000000000000000 ) ;
#1090 = VECTOR ( 'NONE', #4561, 1000.000000000000000 ) ;
#1091 = CARTESIAN_POINT ( 'NONE',  ( -4.581000000000000405, -3.429000000000000270, 1.197999999999999954 ) ) ;
#1092 = ORIENTED_EDGE ( 'NONE', *, *, #6809, .F. ) ;
#1093 = VERTEX_POINT ( 'NONE', #5466 ) ;
#1094 = DIRECTION ( 'NONE',  ( 1.000000000000000000, 0.000000000000000000, 0.000000000000000000 ) ) ;
#1095 = DIRECTION ( 'NONE',  ( 0.000000000000000000, -1.000000000000000000, 0.000000000000000000 ) ) ;
#1096 = DIRECTION ( 'NONE',  ( -1.000000000000000000, 0.000000000000000000, 0.000000000000000000 ) ) ;
#1097 = CARTESIAN_POINT ( 'NONE',  ( 4.783000000000000362, 2.158999999999999808, 0.4420000000000000040 ) ) ;
#1098 = CARTESIAN_POINT ( 'NONE',  ( 4.089999999999999858, -4.191000000000000725, 1.066999999999999948 ) ) ;
#1099 = ADVANCED_FACE ( 'NONE', ( #737 ), #7267, .T. ) ;
#1100 = DIRECTION ( 'NONE',  ( 0.000000000000000000, 1.000000000000000000, 0.000000000000000000 ) ) ;
#1101 = ORIENTED_EDGE ( 'NONE', *, *, #6186, .F. ) ;
#1102 = CARTESIAN_POINT ( 'NONE',  ( -3.797000000000000153, 2.158999999999999808, 1.320999999999999952 ) ) ;
#1103 = CARTESIAN_POINT ( 'NONE',  ( -4.538000000000000256, -3.429000000000000270, 0.3770000000000000018 ) ) ;
#1104 = EDGE_LOOP ( 'NONE', ( #2247, #1436, #5042, #2145 ) ) ;
#1105 = DIRECTION ( 'NONE',  ( 0.7931070766835157659, 0.000000000000000000, 0.6090822316522848112 ) ) ;
#1106 = FACE_OUTER_BOUND ( 'NONE', #1693, .T. ) ;
#1107 = CARTESIAN_POINT ( 'NONE',  ( 4.538000000000000256, -2.158999999999999808, 0.3770000000000000018 ) ) ;
#1108 = AXIS2_PLACEMENT_3D ( 'NONE', #5402, #4810, #57 ) ;
#1109 = CARTESIAN_POINT ( 'NONE',  ( 5.028999999999999915, 1.650999999999999801, 0.2540000000000000036 ) ) ;
#1110 = CARTESIAN_POINT ( 'NONE',  ( -4.648549666062477215, 0.3810000000000000053, 0.9460580022534657019 ) ) ;
#1111 = EDGE_CURVE ( 'NONE', #3085, #7249, #312, .T. ) ;
#1112 = CARTESIAN_POINT ( 'NONE',  ( -5.028999999999999915, 0.8890000000000000124, 0.000000000000000000 ) ) ;
#1113 = CARTESIAN_POINT ( 'NONE',  ( -5.321000000000000618, -1.650999999999999801, 0.000000000000000000 ) ) ;
#1114 = ORIENTED_EDGE ( 'NONE', *, *, #6186, .T. ) ;
#1115 = ADVANCED_FACE ( 'NONE', ( #6571 ), #4308, .T. ) ;
#1116 = ORIENTED_EDGE ( 'NONE', *, *, #767, .T. ) ;
#1117 = EDGE_CURVE ( 'NONE', #4454, #1522, #6151, .T. ) ;
#1118 = DIRECTION ( 'NONE',  ( -0.7931070766835153218, 0.000000000000000000, 0.6090822316522856994 ) ) ;
#1119 = LINE ( 'NONE', #4651, #6153 ) ;
#1120 = CARTESIAN_POINT ( 'NONE',  ( 5.321000000000000618, -0.3810000000000000053, 0.2540000000000000036 ) ) ;
#1121 = ORIENTED_EDGE ( 'NONE', *, *, #1787, .T. ) ;
#1122 = AXIS2_PLACEMENT_3D ( 'NONE', #5322, #2389, #7072 ) ;
#1123 = EDGE_CURVE ( 'NONE', #5477, #2272, #4345, .T. ) ;
#1124 =( NAMED_UNIT ( * ) PLANE_ANGLE_UNIT ( ) SI_UNIT ( $, .RADIAN. ) );
#1125 = EDGE_CURVE ( 'NONE', #838, #598, #6030, .T. ) ;
#1126 = ORIENTED_EDGE ( 'NONE', *, *, #3933, .F. ) ;
#1127 = CARTESIAN_POINT ( 'NONE',  ( 5.321000000000000618, 1.650999999999999801, 0.2540000000000000036 ) ) ;
#1128 = CARTESIAN_POINT ( 'NONE',  ( 4.648549666062477215, -4.191000000000000725, 0.9460580022534657019 ) ) ;
#1129 = VERTEX_POINT ( 'NONE', #3081 ) ;
#1130 = ADVANCED_FACE ( 'NONE', ( #277 ), #200, .F. ) ;
#1131 = ORIENTED_EDGE ( 'NONE', *, *, #1494, .F. ) ;
#1132 = ORIENTED_EDGE ( 'NONE', *, *, #2135, .T. ) ;
#1133 = CARTESIAN_POINT ( 'NONE',  ( -4.783000000000000362, -4.698999999999999844, 0.4420000000000000040 ) ) ;
#1134 = DIRECTION ( 'NONE',  ( 0.000000000000000000, -1.000000000000000000, 0.000000000000000000 ) ) ;
#1135 = DIRECTION ( 'NONE',  ( 0.000000000000000000, 0.000000000000000000, 1.000000000000000000 ) ) ;
#1136 = CARTESIAN_POINT ( 'NONE',  ( 3.797000000000000153, -0.8890000000000000124, 1.320999999999999952 ) ) ;
#1137 = ORIENTED_EDGE ( 'NONE', *, *, #4616, .F. ) ;
#1138 = DIRECTION ( 'NONE',  ( 0.000000000000000000, 1.000000000000000000, 0.000000000000000000 ) ) ;
#1139 = EDGE_CURVE ( 'NONE', #4622, #6768, #3768, .T. ) ;
#1140 = CARTESIAN_POINT ( 'NONE',  ( 4.089999999999999858, -2.158999999999999808, 1.320999999999999952 ) ) ;
#1141 = ORIENTED_EDGE ( 'NONE', *, *, #6752, .T. ) ;
#1142 = FACE_OUTER_BOUND ( 'NONE', #4659, .T. ) ;
#1143 = CARTESIAN_POINT ( 'NONE',  ( -5.321000000000000618, -1.650999999999999801, 0.000000000000000000 ) ) ;
#1144 = B_SPLINE_CURVE_WITH_KNOTS ( 'NONE', 3,
 ( #1679, #1718, #7451, #2220 ),
 .UNSPECIFIED., .F., .F.,
 ( 4, 4 ),
 ( 0.000000000000000000, 1.000000000000000000 ),
 .UNSPECIFIED. ) ;
#1145 = EDGE_CURVE ( 'NONE', #27, #1581, #773, .T. ) ;
#1146 = VECTOR ( 'NONE', #2230, 1000.000000000000000 ) ;
#1147 = CARTESIAN_POINT ( 'NONE',  ( 3.797000000000000153, 0.8890000000000000124, 1.574999999999999956 ) ) ;
#1148 = FACE_OUTER_BOUND ( 'NONE', #5510, .T. ) ;
#1149 = CIRCLE ( 'NONE', #4334, 0.5080000000000001181 ) ;
#1150 = DIRECTION ( 'NONE',  ( 0.000000000000000000, -1.000000000000000000, 0.000000000000000000 ) ) ;
#1151 = B_SPLINE_CURVE_WITH_KNOTS ( 'NONE', 3,
 ( #648, #7170, #4209, #2368 ),
 .UNSPECIFIED., .F., .F.,
 ( 4, 4 ),
 ( 0.000000000000000000, 1.000000000000000000 ),
 .UNSPECIFIED. ) ;
#1152 = CARTESIAN_POINT ( 'NONE',  ( -5.028999999999999915, -2.158999999999999808, 0.5080000000000000071 ) ) ;
#1153 = PLANE ( 'NONE',  #1198 ) ;
#1154 = ORIENTED_EDGE ( 'NONE', *, *, #3933, .T. ) ;
#1155 = ORIENTED_EDGE ( 'NONE', *, *, #1342, .F. ) ;
#1156 = CARTESIAN_POINT ( 'NONE',  ( -5.028999999999999915, -4.698999999999999844, 0.000000000000000000 ) ) ;
#1157 = VECTOR ( 'NONE', #4409, 1000.000000000000000 ) ;
#1158 = LINE ( 'NONE', #2343, #2972 ) ;
#1159 = DIRECTION ( 'NONE',  ( -0.7931070766835157659, 0.000000000000000000, 0.6090822316522848112 ) ) ;
#1160 = VECTOR ( 'NONE', #6445, 1000.000000000000000 ) ;
#1161 = ORIENTED_EDGE ( 'NONE', *, *, #6743, .T. ) ;
#1162 = ADVANCED_FACE ( 'NONE', ( #6616 ), #5999, .T. ) ;
#1163 = B_SPLINE_CURVE_WITH_KNOTS ( 'NONE', 3,
 ( #6428, #1128, #1167, #6644 ),
 .UNSPECIFIED., .F., .F.,
 ( 4, 4 ),
 ( 0.000000000000000000, 1.000000000000000000 ),
 .UNSPECIFIED. ) ;
#1164 = CARTESIAN_POINT ( 'NONE',  ( 5.028999999999999915, 4.191000000000000725, 0.5080000000000000071 ) ) ;
#1165 = EDGE_LOOP ( 'NONE', ( #7301, #2159, #3273, #245 ) ) ;
#1166 = FACE_OUTER_BOUND ( 'NONE', #979, .T. ) ;
#1167 = CARTESIAN_POINT ( 'NONE',  ( 4.716099332124954024, -4.191000000000000725, 0.6941160045069316720 ) ) ;
#1168 = VERTEX_POINT ( 'NONE', #4384 ) ;
#1169 = VERTEX_POINT ( 'NONE', #3232 ) ;
#1170 = ORIENTED_EDGE ( 'NONE', *, *, #4891, .T. ) ;
#1171 = ORIENTED_EDGE ( 'NONE', *, *, #906, .F. ) ;
#1172 = CARTESIAN_POINT ( 'NONE',  ( -4.783000000000000362, 3.429000000000000270, 0.4420000000000000040 ) ) ;
#1173 = DIRECTION ( 'NONE',  ( 0.000000000000000000, 0.000000000000000000, -1.000000000000000000 ) ) ;
#1174 = EDGE_CURVE ( 'NONE', #5941, #6546, #5580, .T. ) ;
#1175 = LINE ( 'NONE', #24, #6917 ) ;
#1176 = CARTESIAN_POINT ( 'NONE',  ( -4.089999999999999858, 1.650999999999999801, 1.066999999999999948 ) ) ;
#1177 = CARTESIAN_POINT ( 'NONE',  ( -2.397135000000000016, 4.270000000000000462, 2.644000000000000128 ) ) ;
#1178 = ORIENTED_EDGE ( 'NONE', *, *, #4554, .F. ) ;
#1179 = B_SPLINE_CURVE_WITH_KNOTS ( 'NONE', 3,
 ( #5589, #255, #788, #214 ),
 .UNSPECIFIED., .F., .F.,
 ( 4, 4 ),
 ( 0.000000000000000000, 1.000000000000000000 ),
 .UNSPECIFIED. ) ;
#1180 = CARTESIAN_POINT ( 'NONE',  ( 4.783675919342393890, -3.090333333333333599, 0.4421813442138124439 ) ) ;
#1181 = EDGE_LOOP ( 'NONE', ( #1284, #6938, #4980, #2752 ) ) ;
#1182 = CARTESIAN_POINT ( 'NONE',  ( -3.442000000000000171, -5.168999999999999595, 2.641999999999999904 ) ) ;
#1183 = DIRECTION ( 'NONE',  ( 0.000000000000000000, -1.000000000000000000, 0.000000000000000000 ) ) ;
#1184 = CARTESIAN_POINT ( 'NONE',  ( 4.089999999999999858, -2.158999999999999808, 1.574999999999999956 ) ) ;
#1185 = CARTESIAN_POINT ( 'NONE',  ( 4.580830753584762327, -1.820333333333333359, 1.197954844642777461 ) ) ;
#1186 = AXIS2_PLACEMENT_3D ( 'NONE', #2659, #7390, #5809 ) ;
#1187 = CARTESIAN_POINT ( 'NONE',  ( 3.620000000000000107, -5.142999999999999794, 0.2540000000000000036 ) ) ;
#1188 = CYLINDRICAL_SURFACE ( 'NONE', #6734, 0.5080000000000000071 ) ;
#1189 = CARTESIAN_POINT ( 'NONE',  ( -4.089999999999999858, 4.698999999999999844, 1.066999999999999948 ) ) ;
#1190 = ORIENTED_EDGE ( 'NONE', *, *, #502, .T. ) ;
#1191 = ORIENTED_EDGE ( 'NONE', *, *, #776, .F. ) ;
#1192 = FACE_OUTER_BOUND ( 'NONE', #4272, .T. ) ;
#1193 = CARTESIAN_POINT ( 'NONE',  ( -5.321000000000000618, -2.920999999999999819, 0.2540000000000000036 ) ) ;
#1194 = ORIENTED_EDGE ( 'NONE', *, *, #401, .F. ) ;
#1195 = ADVANCED_FACE ( 'NONE', ( #2645 ), #1916, .T. ) ;
#1196 = PLANE ( 'NONE',  #1538 ) ;
#1197 = VECTOR ( 'NONE', #3016, 1000.000000000000000 ) ;
#1198 = AXIS2_PLACEMENT_3D ( 'NONE', #3427, #5693, #6297 ) ;
#1199 = EDGE_LOOP ( 'NONE', ( #3964, #4941, #3519, #5125 ) ) ;
#1200 = CARTESIAN_POINT ( 'NONE',  ( 4.580830753584762327, 0.7196666666666667878, 1.197954844642777461 ) ) ;
#1201 = VECTOR ( 'NONE', #894, 1000.000000000000000 ) ;
#1202 = ORIENTED_EDGE ( 'NONE', *, *, #1464, .T. ) ;
#1203 = VECTOR ( 'NONE', #4215, 1000.000000000000000 ) ;
#1204 = ORIENTED_EDGE ( 'NONE', *, *, #4708, .F. ) ;
#1205 = EDGE_CURVE ( 'NONE', #3990, #4649, #3942, .T. ) ;
#1206 = VERTEX_POINT ( 'NONE', #3699 ) ;
#1207 = ORIENTED_EDGE ( 'NONE', *, *, #4304, .T. ) ;
#1208 = CIRCLE ( 'NONE', #2184, 0.2539999999999996705 ) ;
#1209 = EDGE_CURVE ( 'NONE', #1528, #727, #6037, .T. ) ;
#1210 = VECTOR ( 'NONE', #3695, 1000.000000000000000 ) ;
#1211 = CARTESIAN_POINT ( 'NONE',  ( 5.028999999999999915, 1.650999999999999801, 0.5080000000000000071 ) ) ;
#1212 = DIRECTION ( 'NONE',  ( -0.9658855493432024764, 0.000000000000000000, 0.2589693139543370881 ) ) ;
#1213 = EDGE_CURVE ( 'NONE', #348, #7340, #1645, .T. ) ;
#1214 = DIRECTION ( 'NONE',  ( -0.7931070766835157659, 0.000000000000000000, -0.6090822316522848112 ) ) ;
#1215 = LINE ( 'NONE', #2984, #5595 ) ;
#1216 = VERTEX_POINT ( 'NONE', #926 ) ;
#1217 = EDGE_CURVE ( 'NONE', #4815, #598, #6191, .T. ) ;
#1218 = DIRECTION ( 'NONE',  ( 0.000000000000000000, -1.000000000000000000, 0.000000000000000000 ) ) ;
#1219 = ORIENTED_EDGE ( 'NONE', *, *, #2969, .T. ) ;
#1220 = CARTESIAN_POINT ( 'NONE',  ( -4.783000000000000362, 2.920999999999999819, 0.4420000000000000040 ) ) ;
#1221 = CARTESIAN_POINT ( 'NONE',  ( -5.028999999999999915, -0.8890000000000000124, 0.5080000000000000071 ) ) ;
#1222 = DIRECTION ( 'NONE',  ( 0.000000000000000000, -1.000000000000000000, 0.000000000000000000 ) ) ;
#1223 = CARTESIAN_POINT ( 'NONE',  ( 3.797000000000000153, -0.3810000000000000053, 1.574999999999999956 ) ) ;
#1224 = DIRECTION ( 'NONE',  ( 1.000000000000000000, 0.000000000000000000, 0.000000000000000000 ) ) ;
#1225 = LINE ( 'NONE', #3105, #1559 ) ;
#1226 = VERTEX_POINT ( 'NONE', #7382 ) ;
#1227 = ORIENTED_EDGE ( 'NONE', *, *, #2721, .T. ) ;
#1228 = CARTESIAN_POINT ( 'NONE',  ( 4.538000000000000256, 3.429000000000000270, 0.3770000000000000018 ) ) ;
#1229 = CIRCLE ( 'NONE', #265, 0.1898650000000000060 ) ;
#1230 = DIRECTION ( 'NONE',  ( 1.000000000000000000, 0.000000000000000000, 0.000000000000000000 ) ) ;
#1231 = EDGE_LOOP ( 'NONE', ( #2314, #7140, #6365, #5807 ) ) ;
#1232 = DIRECTION ( 'NONE',  ( 0.000000000000000000, 0.000000000000000000, 1.000000000000000000 ) ) ;
#1233 = EDGE_LOOP ( 'NONE', ( #6345, #5438, #4125, #497, #5718, #7136, #4085, #315, #5923, #2543, #2898, #1820 ) ) ;
#1234 = CARTESIAN_POINT ( 'NONE',  ( 3.797000000000000153, -2.158999999999999808, 1.320999999999999952 ) ) ;
#1235 = CARTESIAN_POINT ( 'NONE',  ( -4.783000000000000362, -3.429000000000000270, 0.4420000000000000040 ) ) ;
#1236 = EDGE_CURVE ( 'NONE', #3379, #4052, #6848, .T. ) ;
#1237 = AXIS2_PLACEMENT_3D ( 'NONE', #697, #7003, #7577 ) ;
#1238 = ORIENTED_EDGE ( 'NONE', *, *, #2647, .T. ) ;
#1239 = EDGE_LOOP ( 'NONE', ( #4156, #2427, #669, #2510 ) ) ;
#1240 = VECTOR ( 'NONE', #2327, 1000.000000000000000 ) ;
#1241 = ORIENTED_EDGE ( 'NONE', *, *, #4943, .F. ) ;
#1242 = EDGE_LOOP ( 'NONE', ( #2152, #4580, #1368, #5683 ) ) ;
#1243 = AXIS2_PLACEMENT_3D ( 'NONE', #5119, #6341, #473 ) ;
#1244 = DIRECTION ( 'NONE',  ( 0.000000000000000000, 1.000000000000000000, 0.000000000000000000 ) ) ;
#1245 = DIRECTION ( 'NONE',  ( 0.000000000000000000, -1.000000000000000000, 0.000000000000000000 ) ) ;
#1246 = UNCERTAINTY_MEASURE_WITH_UNIT (LENGTH_MEASURE( 1.000000000000000082E-05 ), #5843, 'distance_accuracy_value', 'NONE');
#1247 = DIRECTION ( 'NONE',  ( 1.000000000000000000, 0.000000000000000000, 0.000000000000000000 ) ) ;
#1248 = EDGE_CURVE ( 'NONE', #4092, #101, #1008, .T. ) ;
#1249 = ADVANCED_FACE ( 'NONE', ( #4577 ), #5771, .T. ) ;
#1250 = CARTESIAN_POINT ( 'NONE',  ( 4.716099332124954024, 2.158999999999999808, 0.6941160045069316720 ) ) ;
#1251 = EDGE_LOOP ( 'NONE', ( #3475, #2497, #2620, #7186 ) ) ;
#1252 = CARTESIAN_POINT ( 'NONE',  ( 4.470144042195333789, -4.698999999999999844, 0.6289492480282171671 ) ) ;
#1253 = VERTEX_POINT ( 'NONE', #3355 ) ;
#1254 = DIRECTION ( 'NONE',  ( 0.000000000000000000, -1.000000000000000000, 0.000000000000000000 ) ) ;
#1255 = FACE_OUTER_BOUND ( 'NONE', #7066, .T. ) ;
#1256 = CARTESIAN_POINT ( 'NONE',  ( 4.716099332124954024, -0.3810000000000000053, 0.6941160045069316720 ) ) ;
#1257 = CARTESIAN_POINT ( 'NONE',  ( -5.321000000000000618, 0.8890000000000000124, 0.2540000000000000036 ) ) ;
#1258 = DIRECTION ( 'NONE',  ( -1.000000000000000000, 0.000000000000000000, 0.000000000000000000 ) ) ;
#1259 =( NAMED_UNIT ( * ) PLANE_ANGLE_UNIT ( ) SI_UNIT ( $, .RADIAN. ) );
#1260 = ORIENTED_EDGE ( 'NONE', *, *, #6230, .T. ) ;
#1261 = ORIENTED_EDGE ( 'NONE', *, *, #2709, .T. ) ;
#1262 = CARTESIAN_POINT ( 'NONE',  ( 4.538169246415237446, 3.090333333333333599, 0.3770451553572226611 ) ) ;
#1263 = DIRECTION ( 'NONE',  ( 1.000000000000000000, 0.000000000000000000, 0.000000000000000000 ) ) ;
#1264 = EDGE_CURVE ( 'NONE', #4585, #5073, #6770, .T. ) ;
#1265 = ORIENTED_EDGE ( 'NONE', *, *, #5107, .T. ) ;
#1266 = CARTESIAN_POINT ( 'NONE',  ( -4.580830753584762327, 3.259666666666666490, 1.197954844642777461 ) ) ;
#1267 = AXIS2_PLACEMENT_3D ( 'NONE', #4696, #603, #2947 ) ;
#1268 = ORIENTED_EDGE ( 'NONE', *, *, #5861, .T. ) ;
#1269 = CARTESIAN_POINT ( 'NONE',  ( -3.797000000000000153, 4.698999999999999844, 1.320999999999999952 ) ) ;
#1270 = AXIS2_PLACEMENT_3D ( 'NONE', #384, #2061, #5028 ) ;
#1271 = FACE_OUTER_BOUND ( 'NONE', #5086, .T. ) ;
#1272 = ORIENTED_EDGE ( 'NONE', *, *, #3593, .T. ) ;
#1273 = VECTOR ( 'NONE', #5327, 1000.000000000000000 ) ;
#1274 = ORIENTED_EDGE ( 'NONE', *, *, #6322, .T. ) ;
#1275 = EDGE_CURVE ( 'NONE', #5156, #914, #2340, .T. ) ;
#1276 = ORIENTED_EDGE ( 'NONE', *, *, #3632, .F. ) ;
#1277 = VERTEX_POINT ( 'NONE', #6884 ) ;
#1278 = FACE_OUTER_BOUND ( 'NONE', #4993, .T. ) ;
#1279 = CARTESIAN_POINT ( 'NONE',  ( 4.089999999999999858, 4.191000000000000725, 1.066999999999999948 ) ) ;
#1280 = LINE ( 'NONE', #6440, #6473 ) ;
#1281 = ORIENTED_EDGE ( 'NONE', *, *, #6898, .F. ) ;
#1282 = ADVANCED_FACE ( 'NONE', ( #5659 ), #2689, .T. ) ;
#1283 = LINE ( 'NONE', #3637, #2664 ) ;
#1284 = ORIENTED_EDGE ( 'NONE', *, *, #6892, .F. ) ;
#1285 = PLANE ( 'NONE',  #5081 ) ;
#1286 = CARTESIAN_POINT ( 'NONE',  ( -4.580830753584762327, -1.820333333333333359, 1.197954844642777461 ) ) ;
#1287 = EDGE_CURVE ( 'NONE', #2848, #1864, #5734, .T. ) ;
#1288 = LINE ( 'NONE', #3065, #1607 ) ;
#1289 = DIRECTION ( 'NONE',  ( -1.000000000000000000, 0.000000000000000000, 0.000000000000000000 ) ) ;
#1290 = CARTESIAN_POINT ( 'NONE',  ( -5.028999999999999915, 3.429000000000000270, 0.2540000000000000036 ) ) ;
#1291 = ORIENTED_EDGE ( 'NONE', *, *, #2361, .F. ) ;
#1292 = DIRECTION ( 'NONE',  ( -0.000000000000000000, 1.000000000000000000, 0.000000000000000000 ) ) ;
#1293 = LINE ( 'NONE', #6027, #1316 ) ;
#1294 = EDGE_LOOP ( 'NONE', ( #3432, #1312, #4868, #3403 ) ) ;
#1295 = ADVANCED_FACE ( 'NONE', ( #356 ), #1082, .T. ) ;
#1296 = CARTESIAN_POINT ( 'NONE',  ( -4.089999999999999858, 4.191000000000000725, 1.574999999999999956 ) ) ;
#1297 = ADVANCED_FACE ( 'NONE', ( #4461 ), #4425, .T. ) ;
#1298 = CIRCLE ( 'NONE', #6573, 0.5080000000000001181 ) ;
#1299 = DIRECTION ( 'NONE',  ( 1.000000000000000000, 0.000000000000000000, 0.000000000000000000 ) ) ;
#1300 = DIRECTION ( 'NONE',  ( 0.000000000000000000, 0.000000000000000000, 1.000000000000000000 ) ) ;
#1301 = VERTEX_POINT ( 'NONE', #6811 ) ;
#1302 = CARTESIAN_POINT ( 'NONE',  ( -5.321000000000000618, -3.429000000000000270, 0.000000000000000000 ) ) ;
#1303 = EDGE_CURVE ( 'NONE', #4160, #306, #510, .T. ) ;
#1304 = ORIENTED_EDGE ( 'NONE', *, *, #4319, .F. ) ;
#1305 = DIRECTION ( 'NONE',  ( 0.000000000000000000, 1.000000000000000000, 0.000000000000000000 ) ) ;
#1306 = AXIS2_PLACEMENT_3D ( 'NONE', #4894, #7241, #1393 ) ;
#1307 = DIRECTION ( 'NONE',  ( 0.000000000000000000, -1.000000000000000000, 0.000000000000000000 ) ) ;
#1308 = ORIENTED_EDGE ( 'NONE', *, *, #3741, .F. ) ;
#1309 = AXIS2_PLACEMENT_3D ( 'NONE', #3948, #3296, #1701 ) ;
#1310 = ORIENTED_EDGE ( 'NONE', *, *, #2619, .F. ) ;
#1311 = ORIENTED_EDGE ( 'NONE', *, *, #4905, .T. ) ;
#1312 = ORIENTED_EDGE ( 'NONE', *, *, #7220, .F. ) ;
#1313 = DIRECTION ( 'NONE',  ( 0.000000000000000000, -1.000000000000000000, 0.000000000000000000 ) ) ;
#1314 = DIRECTION ( 'NONE',  ( 0.000000000000000000, 1.000000000000000000, 0.000000000000000000 ) ) ;
#1315 = AXIS2_PLACEMENT_3D ( 'NONE', #6124, #7351, #2082 ) ;
#1316 = VECTOR ( 'NONE', #6492, 1000.000000000000000 ) ;
#1317 = LINE ( 'NONE', #6046, #707 ) ;
#1318 = DIRECTION ( 'NONE',  ( 0.000000000000000000, 1.000000000000000000, 0.000000000000000000 ) ) ;
#1319 = EDGE_LOOP ( 'NONE', ( #4163, #1697, #129, #6015 ) ) ;
#1320 = AXIS2_PLACEMENT_3D ( 'NONE', #4984, #843, #5535 ) ;
#1321 = AXIS2_PLACEMENT_3D ( 'NONE', #4066, #1138, #6034 ) ;
#1322 = DIRECTION ( 'NONE',  ( 0.000000000000000000, -1.000000000000000000, 0.000000000000000000 ) ) ;
#1323 = EDGE_LOOP ( 'NONE', ( #2796, #6028, #1445, #4654 ) ) ;
#1324 = DIRECTION ( 'NONE',  ( 0.2589693139543370881, 0.000000000000000000, 0.9658855493432024764 ) ) ;
#1325 = CARTESIAN_POINT ( 'NONE',  ( -5.028999999999999915, -4.191000000000000725, 0.000000000000000000 ) ) ;
#1326 = CARTESIAN_POINT ( 'NONE',  ( -4.783000000000000362, -2.158999999999999808, 0.4420000000000000040 ) ) ;
#1327 = LINE ( 'NONE', #6594, #7345 ) ;
#1328 = EDGE_CURVE ( 'NONE', #5765, #6107, #2729, .T. ) ;
#1329 = VECTOR ( 'NONE', #259, 1000.000000000000000 ) ;
#1330 = CIRCLE ( 'NONE', #1321, 0.5080000000000001181 ) ;
#1331 = CARTESIAN_POINT ( 'NONE',  ( 3.797000000000000153, 4.698999999999999844, 1.574999999999999956 ) ) ;
#1332 = ORIENTED_EDGE ( 'NONE', *, *, #316, .T. ) ;
#1333 = LINE ( 'NONE', #189, #1811 ) ;
#1334 = B_SPLINE_CURVE_WITH_KNOTS ( 'NONE', 3,
 ( #1107, #5724, #1712, #6331 ),
 .UNSPECIFIED., .F., .F.,
 ( 4, 4 ),
 ( 0.000000000000000000, 1.000000000000000000 ),
 .UNSPECIFIED. ) ;
#1335 = ORIENTED_EDGE ( 'NONE', *, *, #2091, .T. ) ;
#1336 = CARTESIAN_POINT ( 'NONE',  ( 4.716099332124954024, 4.698999999999999844, 0.6941160045069316720 ) ) ;
#1337 = CARTESIAN_POINT ( 'NONE',  ( -4.538000000000000256, -0.8890000000000000124, 0.3770000000000000018 ) ) ;
#1338 = CARTESIAN_POINT ( 'NONE',  ( 5.028999999999999915, -2.158999999999999808, 0.5080000000000000071 ) ) ;
#1339 = ORIENTED_EDGE ( 'NONE', *, *, #6022, .F. ) ;
#1340 = ADVANCED_FACE ( 'NONE', ( #5077 ), #3394, .T. ) ;
#1341 = DIRECTION ( 'NONE',  ( -1.000000000000000000, 0.000000000000000000, 0.000000000000000000 ) ) ;
#1342 = EDGE_CURVE ( 'NONE', #7165, #3393, #7460, .T. ) ;
#1343 = FACE_OUTER_BOUND ( 'NONE', #3072, .T. ) ;
#1344 = EDGE_CURVE ( 'NONE', #3314, #4290, #1002, .T. ) ;
#1345 = ORIENTED_EDGE ( 'NONE', *, *, #4408, .F. ) ;
#1346 = CARTESIAN_POINT ( 'NONE',  ( -4.089999999999999858, 2.158999999999999808, 1.066999999999999948 ) ) ;
#1347 = CARTESIAN_POINT ( 'NONE',  ( -4.089999999999999858, 0.3810000000000000053, 1.066999999999999948 ) ) ;
#1348 = AXIS2_PLACEMENT_3D ( 'NONE', #5473, #5008, #6623 ) ;
#1349 = ORIENTED_EDGE ( 'NONE', *, *, #7149, .T. ) ;
#1350 = ADVANCED_FACE ( 'NONE', ( #3433 ), #3100, .T. ) ;
#1351 = EDGE_CURVE ( 'NONE', #5209, #6024, #2109, .T. ) ;
#1352 = ORIENTED_EDGE ( 'NONE', *, *, #4765, .T. ) ;
#1353 = VERTEX_POINT ( 'NONE', #5803 ) ;
#1354 = EDGE_LOOP ( 'NONE', ( #2896, #2270, #7046, #6701, #5893, #7189, #1265, #670, #1004, #3870, #7429, #6693 ) ) ;
#1355 = CARTESIAN_POINT ( 'NONE',  ( 4.334999999999999964, 1.650999999999999801, 1.132999999999999785 ) ) ;
#1356 = CARTESIAN_POINT ( 'NONE',  ( 4.089999999999999858, -1.650999999999999801, 1.320999999999999952 ) ) ;
#1357 = CIRCLE ( 'NONE', #5168, 0.2540000000000000591 ) ;
#1358 = FACE_OUTER_BOUND ( 'NONE', #7596, .T. ) ;
#1359 = EDGE_CURVE ( 'NONE', #3314, #1694, #1288, .T. ) ;
#1360 = CARTESIAN_POINT ( 'NONE',  ( -5.028999999999999915, 4.698999999999999844, 0.000000000000000000 ) ) ;
#1361 = EDGE_LOOP ( 'NONE', ( #2720, #516, #3455, #3106 ) ) ;
#1362 = DIRECTION ( 'NONE',  ( -1.000000000000000000, 0.000000000000000000, 0.000000000000000000 ) ) ;
#1363 = CARTESIAN_POINT ( 'NONE',  ( -3.797000000000000153, -1.650999999999999801, 1.320999999999999952 ) ) ;
#1364 = CARTESIAN_POINT ( 'NONE',  ( 4.648549666062477215, -1.650999999999999801, 0.9460580022534657019 ) ) ;
#1365 = DIRECTION ( 'NONE',  ( 0.7931070766835157659, 0.000000000000000000, -0.6090822316522849222 ) ) ;
#1366 = LINE ( 'NONE', #7207, #6974 ) ;
#1367 = DIRECTION ( 'NONE',  ( 0.2589693139543370881, 0.000000000000000000, 0.9658855493432024764 ) ) ;
#1368 = ORIENTED_EDGE ( 'NONE', *, *, #160, .F. ) ;
#1369 = DIRECTION ( 'NONE',  ( 0.000000000000000000, 0.000000000000000000, -1.000000000000000000 ) ) ;
#1370 = EDGE_CURVE ( 'NONE', #4563, #1643, #3508, .T. ) ;
#1371 = DIRECTION ( 'NONE',  ( 0.000000000000000000, 1.000000000000000000, 0.000000000000000000 ) ) ;
#1372 = ORIENTED_EDGE ( 'NONE', *, *, #6761, .T. ) ;
#1373 = CARTESIAN_POINT ( 'NONE',  ( -3.797000000000000153, -2.158999999999999808, 1.574999999999999956 ) ) ;
#1374 = FACE_OUTER_BOUND ( 'NONE', #7190, .T. ) ;
#1375 = CARTESIAN_POINT ( 'NONE',  ( 4.334999999999999964, -3.429000000000000270, 1.132999999999999785 ) ) ;
#1376 = ORIENTED_EDGE ( 'NONE', *, *, #4357, .T. ) ;
#1377 = LINE ( 'NONE', #7337, #3173 ) ;
#1378 = EDGE_LOOP ( 'NONE', ( #1352, #7020, #4449, #3771 ) ) ;
#1379 = DIRECTION ( 'NONE',  ( 0.7931070766835166541, 0.000000000000000000, -0.6090822316522841451 ) ) ;
#1380 = DIRECTION ( 'NONE',  ( 0.000000000000000000, 1.000000000000000000, 0.000000000000000000 ) ) ;
#1381 = EDGE_CURVE ( 'NONE', #2985, #452, #2582, .T. ) ;
#1382 = EDGE_LOOP ( 'NONE', ( #5963, #1809, #2146, #4613 ) ) ;
#1383 = AXIS2_PLACEMENT_3D ( 'NONE', #1603, #1039, #3388 ) ;
#1384 = EDGE_LOOP ( 'NONE', ( #6710, #3018, #6981, #5111, #5312, #2315, #1349, #6337, #760, #3798, #6812, #90 ) ) ;
#1385 = AXIS2_PLACEMENT_3D ( 'NONE', #3833, #2022, #4450 ) ;
#1386 = EDGE_LOOP ( 'NONE', ( #7045, #6621, #1171, #1281 ) ) ;
#1387 = DIRECTION ( 'NONE',  ( -0.9658855493432024764, 0.000000000000000000, -0.2589693139543370881 ) ) ;
#1388 = CARTESIAN_POINT ( 'NONE',  ( -3.797000000000000153, 0.8890000000000000124, 1.320999999999999952 ) ) ;
#1389 = VECTOR ( 'NONE', #5642, 1000.000000000000000 ) ;
#1390 = CARTESIAN_POINT ( 'NONE',  ( -3.797000000000000153, -0.3810000000000000053, 1.320999999999999952 ) ) ;
#1391 = VERTEX_POINT ( 'NONE', #1326 ) ;
#1392 = EDGE_CURVE ( 'NONE', #1253, #3285, #1158, .T. ) ;
#1393 = DIRECTION ( 'NONE',  ( -0.7931070766835157659, 0.000000000000000000, 0.6090822316522848112 ) ) ;
#1394 = CARTESIAN_POINT ( 'NONE',  ( -5.028999999999999915, 2.158999999999999808, 0.5080000000000000071 ) ) ;
#1395 = CARTESIAN_POINT ( 'NONE',  ( 3.797000000000000153, 0.3810000000000000053, 1.574999999999999956 ) ) ;
#1396 = CARTESIAN_POINT ( 'NONE',  ( -4.580830753584762327, -0.5503333333333333410, 1.197954844642777461 ) ) ;
#1397 = FACE_OUTER_BOUND ( 'NONE', #7240, .T. ) ;
#1398 = ORIENTED_EDGE ( 'NONE', *, *, #3070, .T. ) ;
#1399 = CARTESIAN_POINT ( 'NONE',  ( 5.321000000000000618, -2.158999999999999808, 0.2540000000000000036 ) ) ;
#1400 = PLANE ( 'NONE',  #2301 ) ;
#1401 = ORIENTED_EDGE ( 'NONE', *, *, #1145, .F. ) ;
#1402 = DIRECTION ( 'NONE',  ( 1.000000000000000000, 0.000000000000000000, 0.000000000000000000 ) ) ;
#1403 = CARTESIAN_POINT ( 'NONE',  ( -4.538000000000000256, 1.650999999999999801, 0.3770000000000000018 ) ) ;
#1404 = CARTESIAN_POINT ( 'NONE',  ( 3.442000000000000171, -5.168999999999999595, 2.641999999999999904 ) ) ;
#1405 = CARTESIAN_POINT ( 'NONE',  ( 5.321000000000000618, -2.158999999999999808, 0.000000000000000000 ) ) ;
#1406 = ORIENTED_EDGE ( 'NONE', *, *, #5669, .T. ) ;
#1407 = DIRECTION ( 'NONE',  ( 0.000000000000000000, 0.000000000000000000, 1.000000000000000000 ) ) ;
#1408 = ORIENTED_EDGE ( 'NONE', *, *, #6075, .F. ) ;
#1409 = CARTESIAN_POINT ( 'NONE',  ( 4.089999999999999858, -4.191000000000000725, 1.066999999999999948 ) ) ;
#1410 = FACE_OUTER_BOUND ( 'NONE', #4962, .T. ) ;
#1411 = B_SPLINE_CURVE_WITH_KNOTS ( 'NONE', 3,
 ( #1421, #3205, #5436, #6625 ),
 .UNSPECIFIED., .F., .F.,
 ( 4, 4 ),
 ( 0.000000000000000000, 1.000000000000000000 ),
 .UNSPECIFIED. ) ;
#1412 = ADVANCED_FACE ( 'NONE', ( #4858 ), #5446, .F. ) ;
#1413 = ORIENTED_EDGE ( 'NONE', *, *, #1893, .T. ) ;
#1414 = VECTOR ( 'NONE', #3207, 1000.000000000000000 ) ;
#1415 = B_SPLINE_CURVE_WITH_KNOTS ( 'NONE', 3,
 ( #3483, #3406, #1623, #4474 ),
 .UNSPECIFIED., .F., .F.,
 ( 4, 4 ),
 ( 0.000000000000000000, 1.000000000000000000 ),
 .UNSPECIFIED. ) ;
#1416 = ORIENTED_EDGE ( 'NONE', *, *, #5978, .T. ) ;
#1417 = VECTOR ( 'NONE', #5578, 1000.000000000000000 ) ;
#1418 = ORIENTED_EDGE ( 'NONE', *, *, #3937, .F. ) ;
#1419 = CARTESIAN_POINT ( 'NONE',  ( -4.783000000000000362, -4.698999999999999844, 0.4420000000000000040 ) ) ;
#1420 = CARTESIAN_POINT ( 'NONE',  ( 1.147333333333333538, -5.169027938546406631, 2.642002017628226174 ) ) ;
#1421 = CARTESIAN_POINT ( 'NONE',  ( -4.581000000000000405, 2.158999999999999808, 1.197999999999999954 ) ) ;
#1422 = COLOUR_RGB ( '',0.7215686274509803821, 0.7215686274509803821, 0.7215686274509803821 ) ;
#1423 = EDGE_CURVE ( 'NONE', #2591, #3891, #6891, .T. ) ;
#1424 = DIRECTION ( 'NONE',  ( 0.000000000000000000, 0.000000000000000000, 1.000000000000000000 ) ) ;
#1425 = ORIENTED_EDGE ( 'NONE', *, *, #6038, .T. ) ;
#1426 = EDGE_CURVE ( 'NONE', #7253, #2198, #5596, .T. ) ;
#1427 = EDGE_CURVE ( 'NONE', #6777, #7214, #5790, .T. ) ;
#1428 = CARTESIAN_POINT ( 'NONE',  ( 4.538000000000000256, -2.920999999999999819, 0.3770000000000000018 ) ) ;
#1429 = AXIS2_PLACEMENT_3D ( 'NONE', #2873, #4636, #5145 ) ;
#1430 = PLANE ( 'NONE',  #6190 ) ;
#1431 = DIRECTION ( 'NONE',  ( 0.000000000000000000, -1.000000000000000000, 0.000000000000000000 ) ) ;
#1432 = CARTESIAN_POINT ( 'NONE',  ( 5.028999999999999915, -1.650999999999999801, 0.000000000000000000 ) ) ;
#1433 = PLANE ( 'NONE',  #5252 ) ;
#1434 = EDGE_CURVE ( 'NONE', #5379, #4454, #5235, .T. ) ;
#1435 = DIRECTION ( 'NONE',  ( 0.000000000000000000, 1.000000000000000000, 0.000000000000000000 ) ) ;
#1436 = ORIENTED_EDGE ( 'NONE', *, *, #3604, .F. ) ;
#1437 = CARTESIAN_POINT ( 'NONE',  ( -4.783000000000000362, 0.8890000000000000124, 0.4420000000000000040 ) ) ;
#1438 = DIRECTION ( 'NONE',  ( 0.000000000000000000, 1.000000000000000000, 0.000000000000000000 ) ) ;
#1439 = EDGE_LOOP ( 'NONE', ( #593, #6273, #2173, #3830 ) ) ;
#1440 = LINE ( 'NONE', #5064, #1031 ) ;
#1441 = AXIS2_PLACEMENT_3D ( 'NONE', #7065, #3691, #4150 ) ;
#1442 = AXIS2_PLACEMENT_3D ( 'NONE', #3218, #4937, #2019 ) ;
#1443 = FACE_OUTER_BOUND ( 'NONE', #1488, .T. ) ;
#1444 = CARTESIAN_POINT ( 'NONE',  ( 4.089999999999999858, -1.650999999999999801, 1.066999999999999948 ) ) ;
#1445 = ORIENTED_EDGE ( 'NONE', *, *, #6408, .T. ) ;
#1446 = PLANE ( 'NONE',  #6487 ) ;
#1447 = ORIENTED_EDGE ( 'NONE', *, *, #154, .F. ) ;
#1448 = CARTESIAN_POINT ( 'NONE',  ( -4.089999999999999858, -3.429000000000000270, 1.066999999999999948 ) ) ;
#1449 = CARTESIAN_POINT ( 'NONE',  ( -5.028999999999999915, 3.429000000000000270, 0.000000000000000000 ) ) ;
#1450 = CARTESIAN_POINT ( 'NONE',  ( 5.321000000000000618, -3.429000000000000270, 0.000000000000000000 ) ) ;
#1451 = ORIENTED_EDGE ( 'NONE', *, *, #4282, .F. ) ;
#1452 = EDGE_CURVE ( 'NONE', #1621, #1871, #635, .T. ) ;
#1453 = ORIENTED_EDGE ( 'NONE', *, *, #2333, .T. ) ;
#1454 = EDGE_CURVE ( 'NONE', #1168, #1216, #2513, .T. ) ;
#1455 = CARTESIAN_POINT ( 'NONE',  ( -5.321000000000000618, 0.3810000000000000053, 0.2540000000000000036 ) ) ;
#1456 = CARTESIAN_POINT ( 'NONE',  ( 4.581000000000000405, 4.191000000000000725, 1.197999999999999954 ) ) ;
#1457 = AXIS2_PLACEMENT_3D ( 'NONE', #3915, #5909, #5301 ) ;
#1458 = CARTESIAN_POINT ( 'NONE',  ( -4.783675919342393890, -1.820333333333333359, 0.4421813442138124439 ) ) ;
#1459 = VERTEX_POINT ( 'NONE', #4285 ) ;
#1460 = CARTESIAN_POINT ( 'NONE',  ( 4.538000000000000256, 2.920999999999999819, 0.3770000000000000018 ) ) ;
#1461 = VERTEX_POINT ( 'NONE', #2302 ) ;
#1462 = CARTESIAN_POINT ( 'NONE',  ( 5.028999999999999915, -4.698999999999999844, 0.000000000000000000 ) ) ;
#1463 = CARTESIAN_POINT ( 'NONE',  ( 4.089999999999999858, 2.920999999999999819, 1.320999999999999952 ) ) ;
#1464 = EDGE_CURVE ( 'NONE', #7053, #3723, #4954, .T. ) ;
#1465 = PLANE ( 'NONE',  #3818 ) ;
#1466 = CARTESIAN_POINT ( 'NONE',  ( 5.321000000000000618, -3.429000000000000270, 0.2540000000000000036 ) ) ;
#1467 = ADVANCED_FACE ( 'NONE', ( #3717 ), #2262, .F. ) ;
#1468 = VECTOR ( 'NONE', #3893, 1000.000000000000000 ) ;
#1469 = DIRECTION ( 'NONE',  ( 0.000000000000000000, 0.000000000000000000, 1.000000000000000000 ) ) ;
#1470 = ORIENTED_EDGE ( 'NONE', *, *, #6806, .T. ) ;
#1471 = LINE ( 'NONE', #6171, #2306 ) ;
#1472 = B_SPLINE_CURVE_WITH_KNOTS ( 'NONE', 3,
 ( #1235, #7111, #5811, #4121 ),
 .UNSPECIFIED., .F., .F.,
 ( 4, 4 ),
 ( 0.000000000000000000, 1.000000000000000000 ),
 .UNSPECIFIED. ) ;
#1473 = DIRECTION ( 'NONE',  ( 0.000000000000000000, 1.000000000000000000, 0.000000000000000000 ) ) ;
#1474 = ORIENTED_EDGE ( 'NONE', *, *, #6552, .T. ) ;
#1475 = CARTESIAN_POINT ( 'NONE',  ( -4.334999999999999964, -0.8890000000000000124, 1.132999999999999785 ) ) ;
#1476 = CARTESIAN_POINT ( 'NONE',  ( -3.797000000000000153, 0.8890000000000000124, 1.320999999999999952 ) ) ;
#1477 = DIRECTION ( 'NONE',  ( 0.000000000000000000, 1.000000000000000000, 0.000000000000000000 ) ) ;
#1478 = CARTESIAN_POINT ( 'NONE',  ( 4.783000000000000362, -2.158999999999999808, 0.4420000000000000040 ) ) ;
#1479 = ORIENTED_EDGE ( 'NONE', *, *, #6498, .F. ) ;
#1480 = DIRECTION ( 'NONE',  ( 1.000000000000000000, 0.000000000000000000, 0.000000000000000000 ) ) ;
#1481 = SURFACE_SIDE_STYLE ('',( #2640 ) ) ;
#1482 = ORIENTED_EDGE ( 'NONE', *, *, #2651, .F. ) ;
#1483 = ORIENTED_EDGE ( 'NONE', *, *, #6806, .F. ) ;
#1484 = CARTESIAN_POINT ( 'NONE',  ( 5.028999999999999915, -0.3810000000000000053, 0.5080000000000000071 ) ) ;
#1485 = EDGE_CURVE ( 'NONE', #137, #348, #1119, .T. ) ;
#1486 = CARTESIAN_POINT ( 'NONE',  ( -5.321000000000000618, 1.650999999999999801, 0.2540000000000000036 ) ) ;
#1487 = FACE_OUTER_BOUND ( 'NONE', #3888, .T. ) ;
#1488 = EDGE_LOOP ( 'NONE', ( #4326, #1648, #244, #3650 ) ) ;
#1489 = VERTEX_POINT ( 'NONE', #6996 ) ;
#1490 = CARTESIAN_POINT ( 'NONE',  ( 0.000000000000000000, 0.000000000000000000, 0.000000000000000000 ) ) ;
#1491 = DIRECTION ( 'NONE',  ( -1.000000000000000000, 0.000000000000000000, 0.000000000000000000 ) ) ;
#1492 = CARTESIAN_POINT ( 'NONE',  ( 4.581000000000000405, 0.8890000000000000124, 1.197999999999999954 ) ) ;
#1493 = ORIENTED_EDGE ( 'NONE', *, *, #6461, .F. ) ;
#1494 = EDGE_CURVE ( 'NONE', #7163, #3626, #1723, .T. ) ;
#1495 = PLANE ( 'NONE',  #4862 ) ;
#1496 = VERTEX_POINT ( 'NONE', #903 ) ;
#1497 = CARTESIAN_POINT ( 'NONE',  ( 5.321000000000000618, -4.698999999999999844, 0.000000000000000000 ) ) ;
#1498 = AXIS2_PLACEMENT_3D ( 'NONE', #5293, #3525, #4097 ) ;
#1499 = CARTESIAN_POINT ( 'NONE',  ( 4.334999999999999964, -0.8890000000000000124, 1.132999999999999785 ) ) ;
#1500 = CARTESIAN_POINT ( 'NONE',  ( -4.538000000000000256, -4.698999999999999844, 0.3770000000000000018 ) ) ;
#1501 = CARTESIAN_POINT ( 'NONE',  ( -5.028999999999999915, 0.8890000000000000124, 0.2540000000000000036 ) ) ;
#1502 = CIRCLE ( 'NONE', #4099, 0.2539999999999996705 ) ;
#1503 = DIRECTION ( 'NONE',  ( -0.7931070766835166541, 0.000000000000000000, -0.6090822316522841451 ) ) ;
#1504 = EDGE_CURVE ( 'NONE', #1732, #558, #2667, .T. ) ;
#1505 = CARTESIAN_POINT ( 'NONE',  ( -3.797000000000000153, -0.3810000000000000053, 1.320999999999999952 ) ) ;
#1506 = ORIENTED_EDGE ( 'NONE', *, *, #1370, .F. ) ;
#1507 = CARTESIAN_POINT ( 'NONE',  ( 4.581000000000000405, 4.698999999999999844, 1.197999999999999954 ) ) ;
#1508 = AXIS2_PLACEMENT_3D ( 'NONE', #984, #2237, #5675 ) ;
#1509 = CARTESIAN_POINT ( 'NONE',  ( -4.089999999999999858, 1.650999999999999801, 1.320999999999999952 ) ) ;
#1510 = ORIENTED_EDGE ( 'NONE', *, *, #3326, .F. ) ;
#1511 = ADVANCED_FACE ( 'NONE', ( #375 ), #1465, .T. ) ;
#1512 = CARTESIAN_POINT ( 'NONE',  ( 3.797000000000000153, 2.920999999999999819, 1.574999999999999956 ) ) ;
#1513 = DIRECTION ( 'NONE',  ( 0.000000000000000000, -1.000000000000000000, 0.000000000000000000 ) ) ;
#1514 = CARTESIAN_POINT ( 'NONE',  ( -5.028999999999999915, -0.3810000000000000053, 0.5080000000000000071 ) ) ;
#1515 = SURFACE_STYLE_FILL_AREA ( #6800 ) ;
#1516 = ORIENTED_EDGE ( 'NONE', *, *, #4397, .T. ) ;
#1517 = DIRECTION ( 'NONE',  ( -0.7931070766835157659, 0.000000000000000000, 0.6090822316522848112 ) ) ;
#1518 = EDGE_CURVE ( 'NONE', #7260, #5477, #2550, .T. ) ;
#1519 =( LENGTH_UNIT ( ) NAMED_UNIT ( * ) SI_UNIT ( .MILLI., .METRE. ) );
#1520 = VERTEX_POINT ( 'NONE', #4933 ) ;
#1521 = EDGE_CURVE ( 'NONE', #1840, #4600, #6641, .T. ) ;
#1522 = VERTEX_POINT ( 'NONE', #4973 ) ;
#1523 = EDGE_CURVE ( 'NONE', #2444, #6576, #5020, .T. ) ;
#1524 = FACE_OUTER_BOUND ( 'NONE', #2671, .T. ) ;
#1525 = ORIENTED_EDGE ( 'NONE', *, *, #401, .T. ) ;
#1526 = CARTESIAN_POINT ( 'NONE',  ( -5.321000000000000618, 1.650999999999999801, 0.000000000000000000 ) ) ;
#1527 = SURFACE_SIDE_STYLE ('',( #357 ) ) ;
#1528 = VERTEX_POINT ( 'NONE', #6132 ) ;
#1529 = EDGE_CURVE ( 'NONE', #5382, #7223, #7244, .T. ) ;
#1530 = ORIENTED_EDGE ( 'NONE', *, *, #124, .T. ) ;
#1531 = LINE ( 'NONE', #3934, #1146 ) ;
#1532 = DIRECTION ( 'NONE',  ( 0.000000000000000000, 0.000000000000000000, -1.000000000000000000 ) ) ;
#1533 = STYLED_ITEM ( 'NONE', ( #2699 ), #2604 ) ;
#1534 = CARTESIAN_POINT ( 'NONE',  ( -5.028999999999999915, -0.3810000000000000053, 0.5080000000000000071 ) ) ;
#1535 = ORIENTED_EDGE ( 'NONE', *, *, #5993, .T. ) ;
#1536 = CARTESIAN_POINT ( 'NONE',  ( 5.321000000000000618, -0.8890000000000000124, 0.000000000000000000 ) ) ;
#1537 = ORIENTED_EDGE ( 'NONE', *, *, #3130, .F. ) ;
#1538 = AXIS2_PLACEMENT_3D ( 'NONE', #5886, #1794, #3696 ) ;
#1539 = B_SPLINE_CURVE_WITH_KNOTS ( 'NONE', 3,
 ( #6489, #5798, #537, #577 ),
 .UNSPECIFIED., .F., .F.,
 ( 4, 4 ),
 ( 0.000000000000000000, 1.000000000000000000 ),
 .UNSPECIFIED. ) ;
#1540 = DIRECTION ( 'NONE',  ( -0.7931070766835153218, 0.000000000000000000, -0.6090822316522856994 ) ) ;
#1541 = FACE_OUTER_BOUND ( 'NONE', #3125, .T. ) ;
#1542 = CARTESIAN_POINT ( 'NONE',  ( 4.335256734746894658, -3.259666666666666934, 1.133069161197122865 ) ) ;
#1543 = VECTOR ( 'NONE', #1956, 1000.000000000000000 ) ;
#1544 = CARTESIAN_POINT ( 'NONE',  ( 4.783000000000000362, 4.191000000000000725, 0.4420000000000000040 ) ) ;
#1545 = CARTESIAN_POINT ( 'NONE',  ( 4.581000000000000405, -4.698999999999999844, 1.197999999999999954 ) ) ;
#1546 = DIRECTION ( 'NONE',  ( 0.000000000000000000, -1.000000000000000000, 0.000000000000000000 ) ) ;
#1547 = VECTOR ( 'NONE', #710, 1000.000000000000000 ) ;
#1548 = EDGE_LOOP ( 'NONE', ( #3265, #434, #6620, #3684 ) ) ;
#1549 = STYLED_ITEM ( 'NONE', ( #4426 ), #5183 ) ;
#1550 = DIRECTION ( 'NONE',  ( 0.000000000000000000, 1.000000000000000000, 0.000000000000000000 ) ) ;
#1551 = PLANE ( 'NONE',  #1429 ) ;
#1552 = VERTEX_POINT ( 'NONE', #2587 ) ;
#1553 = DIRECTION ( 'NONE',  ( 0.000000000000000000, 1.000000000000000000, 0.000000000000000000 ) ) ;
#1554 = DIRECTION ( 'NONE',  ( 0.000000000000000000, -1.000000000000000000, 0.000000000000000000 ) ) ;
#1555 = EDGE_CURVE ( 'NONE', #1461, #4795, #3866, .T. ) ;
#1556 = CARTESIAN_POINT ( 'NONE',  ( -4.089999999999999858, -4.191000000000000725, 1.574999999999999956 ) ) ;
#1557 = VECTOR ( 'NONE', #4375, 1000.000000000000000 ) ;
#1558 = EDGE_CURVE ( 'NONE', #698, #4887, #1737, .T. ) ;
#1559 = VECTOR ( 'NONE', #2336, 1000.000000000000000 ) ;
#1560 = LINE ( 'NONE', #916, #1557 ) ;
#1561 = VERTEX_POINT ( 'NONE', #2089 ) ;
#1562 = CARTESIAN_POINT ( 'NONE',  ( -4.716099332124954024, 0.3810000000000000053, 0.6941160045069316720 ) ) ;
#1563 = DIRECTION ( 'NONE',  ( 0.000000000000000000, -1.000000000000000000, 0.000000000000000000 ) ) ;
#1564 = VECTOR ( 'NONE', #4185, 1000.000000000000000 ) ;
#1565 = FACE_OUTER_BOUND ( 'NONE', #2565, .T. ) ;
#1566 = ORIENTED_EDGE ( 'NONE', *, *, #3363, .T. ) ;
#1567 = VECTOR ( 'NONE', #148, 1000.000000000000000 ) ;
#1568 = ORIENTED_EDGE ( 'NONE', *, *, #3258, .T. ) ;
#1569 = CARTESIAN_POINT ( 'NONE',  ( 3.737728781785817134, 5.210673789785719379, 0.9554106337165687579 ) ) ;
#1570 = VERTEX_POINT ( 'NONE', #4361 ) ;
#1571 = CARTESIAN_POINT ( 'NONE',  ( -4.089999999999999858, 4.698999999999999844, 1.320999999999999952 ) ) ;
#1572 = FILL_AREA_STYLE_COLOUR ( '', #946 ) ;
#1573 = EDGE_CURVE ( 'NONE', #2297, #4524, #6785, .T. ) ;
#1574 = EDGE_CURVE ( 'NONE', #2973, #3187, #6051, .T. ) ;
#1575 = EDGE_LOOP ( 'NONE', ( #156, #2576, #2304, #1680 ) ) ;
#1576 = EDGE_CURVE ( 'NONE', #5041, #7385, #1149, .T. ) ;
#1577 = EDGE_CURVE ( 'NONE', #6185, #3087, #219, .T. ) ;
#1578 = ORIENTED_EDGE ( 'NONE', *, *, #5571, .F. ) ;
#1579 = DIRECTION ( 'NONE',  ( 0.000000000000000000, 0.000000000000000000, -1.000000000000000000 ) ) ;
#1580 = CARTESIAN_POINT ( 'NONE',  ( 3.797000000000000153, 2.158999999999999808, 1.320999999999999952 ) ) ;
#1581 = VERTEX_POINT ( 'NONE', #7321 ) ;
#1582 = CARTESIAN_POINT ( 'NONE',  ( 4.783000000000000362, -2.158999999999999808, 0.4420000000000000040 ) ) ;
#1583 = ORIENTED_EDGE ( 'NONE', *, *, #1217, .F. ) ;
#1584 = CIRCLE ( 'NONE', #2322, 0.5080000000000001181 ) ;
#1585 = LINE ( 'NONE', #2122, #2781 ) ;
#1586 = CARTESIAN_POINT ( 'NONE',  ( 3.797000000000000153, -4.191000000000000725, 1.320999999999999952 ) ) ;
#1587 = CARTESIAN_POINT ( 'NONE',  ( -3.797000000000000153, 3.429000000000000270, 1.320999999999999952 ) ) ;
#1588 = EDGE_CURVE ( 'NONE', #7249, #3096, #3789, .T. ) ;
#1589 = DIRECTION ( 'NONE',  ( 0.000000000000000000, 1.000000000000000000, 0.000000000000000000 ) ) ;
#1590 = CARTESIAN_POINT ( 'NONE',  ( -3.797000000000000153, 2.920999999999999819, 1.574999999999999956 ) ) ;
#1591 = AXIS2_PLACEMENT_3D ( 'NONE', #7120, #2466, #5965 ) ;
#1592 = CARTESIAN_POINT ( 'NONE',  ( 5.321000000000000618, 4.698999999999999844, 0.2540000000000000036 ) ) ;
#1593 = ORIENTED_EDGE ( 'NONE', *, *, #2081, .T. ) ;
#1594 = LINE ( 'NONE', #7482, #2431 ) ;
#1595 = DIRECTION ( 'NONE',  ( 0.000000000000000000, -1.000000000000000000, 0.000000000000000000 ) ) ;
#1596 = ORIENTED_EDGE ( 'NONE', *, *, #17, .T. ) ;
#1597 = FACE_OUTER_BOUND ( 'NONE', #4229, .T. ) ;
#1598 = LINE ( 'NONE', #1033, #4776 ) ;
#1599 = B_SPLINE_CURVE_WITH_KNOTS ( 'NONE', 3,
 ( #1492, #5085, #2860, #2233 ),
 .UNSPECIFIED., .F., .F.,
 ( 4, 4 ),
 ( 0.000000000000000000, 1.000000000000000000 ),
 .UNSPECIFIED. ) ;
#1600 = DIRECTION ( 'NONE',  ( 0.7931070766835157659, 0.000000000000000000, 0.6090822316522848112 ) ) ;
#1601 = AXIS2_PLACEMENT_3D ( 'NONE', #2457, #5281, #5925 ) ;
#1602 = CARTESIAN_POINT ( 'NONE',  ( -2.586999999999999744, 4.270000000000000462, 2.641999999999999904 ) ) ;
#1603 = CARTESIAN_POINT ( 'NONE',  ( 4.089999999999999858, -2.920999999999999819, 1.066999999999999948 ) ) ;
#1604 = EDGE_CURVE ( 'NONE', #4151, #3544, #2706, .T. ) ;
#1605 = AXIS2_PLACEMENT_3D ( 'NONE', #718, #4821, #2989 ) ;
#1606 = FACE_OUTER_BOUND ( 'NONE', #934, .T. ) ;
#1607 = VECTOR ( 'NONE', #2478, 1000.000000000000000 ) ;
#1608 = SURFACE_SIDE_STYLE ('',( #578 ) ) ;
#1609 = ORIENTED_EDGE ( 'NONE', *, *, #1799, .F. ) ;
#1610 = ORIENTED_EDGE ( 'NONE', *, *, #5198, .T. ) ;
#1611 = CARTESIAN_POINT ( 'NONE',  ( 4.335256734746894658, 1.989666666666666472, 1.133069161197122865 ) ) ;
#1612 = DIRECTION ( 'NONE',  ( 0.000000000000000000, 1.000000000000000000, 0.000000000000000000 ) ) ;
#1613 = FACE_OUTER_BOUND ( 'NONE', #3854, .T. ) ;
#1614 = VERTEX_POINT ( 'NONE', #3213 ) ;
#1615 = VERTEX_POINT ( 'NONE', #5054 ) ;
#1616 = B_SPLINE_CURVE_WITH_KNOTS ( 'NONE', 3,
 ( #2395, #5363, #3629, #6510 ),
 .UNSPECIFIED., .F., .F.,
 ( 4, 4 ),
 ( 0.000000000000000000, 1.000000000000000000 ),
 .UNSPECIFIED. ) ;
#1617 = EDGE_CURVE ( 'NONE', #1042, #1833, #4476, .T. ) ;
#1618 = CARTESIAN_POINT ( 'NONE',  ( -4.783000000000000362, 3.429000000000000270, 0.4420000000000000040 ) ) ;
#1619 = CARTESIAN_POINT ( 'NONE',  ( -4.580830753584762327, -3.259666666666666934, 1.197954844642777461 ) ) ;
#1620 = ORIENTED_EDGE ( 'NONE', *, *, #5108, .T. ) ;
#1621 = VERTEX_POINT ( 'NONE', #3905 ) ;
#1622 = CARTESIAN_POINT ( 'NONE',  ( 5.321000000000000618, 3.429000000000000270, 0.000000000000000000 ) ) ;
#1623 = CARTESIAN_POINT ( 'NONE',  ( -4.335256734746894658, -3.090333333333333599, 1.133069161197122865 ) ) ;
#1624 = CARTESIAN_POINT ( 'NONE',  ( 3.797000000000000153, -5.244999999999999218, 1.590000000000000080 ) ) ;
#1625 = CARTESIAN_POINT ( 'NONE',  ( 5.321000000000000618, 2.920999999999999819, 0.2540000000000000036 ) ) ;
#1626 = CARTESIAN_POINT ( 'NONE',  ( 3.797000000000000153, -4.698999999999999844, 1.320999999999999952 ) ) ;
#1627 = CARTESIAN_POINT ( 'NONE',  ( -5.028999999999999915, 2.920999999999999819, 0.000000000000000000 ) ) ;
#1628 = VERTEX_POINT ( 'NONE', #3178 ) ;
#1629 = EDGE_CURVE ( 'NONE', #5115, #2413, #792, .T. ) ;
#1630 = AXIS2_PLACEMENT_3D ( 'NONE', #5343, #3610, #2962 ) ;
#1631 = PLANE ( 'NONE',  #110 ) ;
#1632 = CARTESIAN_POINT ( 'NONE',  ( -4.783675919342393890, 4.360333333333333172, 0.4421813442138124439 ) ) ;
#1633 = VERTEX_POINT ( 'NONE', #2203 ) ;
#1634 = DIRECTION ( 'NONE',  ( 1.000000000000000000, 0.000000000000000000, 0.000000000000000000 ) ) ;
#1635 = CARTESIAN_POINT ( 'NONE',  ( 4.783000000000000362, 1.650999999999999801, 0.4420000000000000040 ) ) ;
#1636 = AXIS2_PLACEMENT_3D ( 'NONE', #413, #4559, #3989 ) ;
#1637 = CARTESIAN_POINT ( 'NONE',  ( 4.581000000000000405, -1.650999999999999801, 1.197999999999999954 ) ) ;
#1638 = VECTOR ( 'NONE', #3822, 1000.000000000000000 ) ;
#1639 = DIRECTION ( 'NONE',  ( 1.000000000000000000, 0.000000000000000000, 0.000000000000000000 ) ) ;
#1640 = DIRECTION ( 'NONE',  ( 0.000000000000000000, 1.000000000000000000, 0.000000000000000000 ) ) ;
#1641 = LINE ( 'NONE', #6264, #3540 ) ;
#1642 = ORIENTED_EDGE ( 'NONE', *, *, #2711, .F. ) ;
#1643 = VERTEX_POINT ( 'NONE', #525 ) ;
#1644 = CARTESIAN_POINT ( 'NONE',  ( 3.797000000000000153, -0.3810000000000000053, 1.320999999999999952 ) ) ;
#1645 = LINE ( 'NONE', #6269, #3581 ) ;
#1646 = CARTESIAN_POINT ( 'NONE',  ( -3.797000000000000153, 4.698999999999999844, 1.320999999999999952 ) ) ;
#1647 = ORIENTED_EDGE ( 'NONE', *, *, #317, .T. ) ;
#1648 = ORIENTED_EDGE ( 'NONE', *, *, #2273, .F. ) ;
#1649 = APPLICATION_PROTOCOL_DEFINITION ( 'draft international standard', 'automotive_design', 1998, #1888 ) ;
#1650 = CARTESIAN_POINT ( 'NONE',  ( 4.334999999999999964, 0.8890000000000000124, 1.132999999999999785 ) ) ;
#1651 = EDGE_CURVE ( 'NONE', #835, #6657, #5214, .T. ) ;
#1652 = CARTESIAN_POINT ( 'NONE',  ( -4.783000000000000362, -3.429000000000000270, 0.4420000000000000040 ) ) ;
#1653 = ORIENTED_EDGE ( 'NONE', *, *, #6562, .T. ) ;
#1654 = ORIENTED_EDGE ( 'NONE', *, *, #7397, .F. ) ;
#1655 = DIRECTION ( 'NONE',  ( 0.000000000000000000, 1.000000000000000000, 0.000000000000000000 ) ) ;
#1656 = CARTESIAN_POINT ( 'NONE',  ( 5.028999999999999915, 4.191000000000000725, 0.2540000000000000036 ) ) ;
#1657 = CARTESIAN_POINT ( 'NONE',  ( -4.783675919342393890, -0.7196666666666667878, 0.4421813442138124439 ) ) ;
#1658 = AXIS2_PLACEMENT_3D ( 'NONE', #3528, #6476, #4737 ) ;
#1659 = CARTESIAN_POINT ( 'NONE',  ( 4.334999999999999964, 2.920999999999999819, 1.132999999999999785 ) ) ;
#1660 = CARTESIAN_POINT ( 'NONE',  ( -5.028999999999999915, 3.429000000000000270, 0.000000000000000000 ) ) ;
#1661 = ADVANCED_FACE ( 'NONE', ( #6865 ), #6249, .T. ) ;
#1662 = ADVANCED_FACE ( 'NONE', ( #409 ), #5095, .T. ) ;
#1663 = CARTESIAN_POINT ( 'NONE',  ( 4.334999999999999964, -4.191000000000000725, 1.132999999999999785 ) ) ;
#1664 = ADVANCED_FACE ( 'NONE', ( #2164 ), #448, .T. ) ;
#1665 = COLOUR_RGB ( '',0.7215686274509803821, 0.7215686274509803821, 0.7215686274509803821 ) ;
#1666 = ORIENTED_EDGE ( 'NONE', *, *, #3632, .T. ) ;
#1667 = CARTESIAN_POINT ( 'NONE',  ( 5.028999999999999915, -2.158999999999999808, 0.000000000000000000 ) ) ;
#1668 = DIRECTION ( 'NONE',  ( 0.000000000000000000, 1.000000000000000000, 0.000000000000000000 ) ) ;
#1669 = ORIENTED_EDGE ( 'NONE', *, *, #2910, .F. ) ;
#1670 = VECTOR ( 'NONE', #5519, 1000.000000000000000 ) ;
#1671 = FACE_OUTER_BOUND ( 'NONE', #5406, .T. ) ;
#1672 = DIRECTION ( 'NONE',  ( 0.000000000000000000, -1.000000000000000000, 0.000000000000000000 ) ) ;
#1673 = EDGE_CURVE ( 'NONE', #6888, #2591, #1928, .T. ) ;
#1674 = LINE ( 'NONE', #4642, #5737 ) ;
#1675 = AXIS2_PLACEMENT_3D ( 'NONE', #5523, #7322, #220 ) ;
#1676 = EDGE_CURVE ( 'NONE', #6159, #619, #1058, .T. ) ;
#1677 = CARTESIAN_POINT ( 'NONE',  ( 5.321000000000000618, 2.920999999999999819, 0.2540000000000000036 ) ) ;
#1678 = DIRECTION ( 'NONE',  ( 1.000000000000000000, 0.000000000000000000, 0.000000000000000000 ) ) ;
#1679 = CARTESIAN_POINT ( 'NONE',  ( 4.783000000000000362, 3.429000000000000270, 0.4420000000000000040 ) ) ;
#1680 = ORIENTED_EDGE ( 'NONE', *, *, #6188, .F. ) ;
#1681 = ORIENTED_EDGE ( 'NONE', *, *, #3375, .F. ) ;
#1682 = PLANE ( 'NONE',  #7536 ) ;
#1683 = VECTOR ( 'NONE', #5337, 1000.000000000000000 ) ;
#1684 = CARTESIAN_POINT ( 'NONE',  ( -3.442000000000000171, -5.168999999999999595, 2.641999999999999904 ) ) ;
#1685 = CARTESIAN_POINT ( 'NONE',  ( -4.581000000000000405, -2.920999999999999819, 1.197999999999999954 ) ) ;
#1686 = ADVANCED_FACE ( 'NONE', ( #7550 ), #4061, .T. ) ;
#1687 = ORIENTED_EDGE ( 'NONE', *, *, #2074, .F. ) ;
#1688 = VECTOR ( 'NONE', #1299, 1000.000000000000000 ) ;
#1689 = ORIENTED_EDGE ( 'NONE', *, *, #2473, .T. ) ;
#1690 = FACE_OUTER_BOUND ( 'NONE', #5204, .T. ) ;
#1691 = CIRCLE ( 'NONE', #5992, 0.5080000000000001181 ) ;
#1692 = DIRECTION ( 'NONE',  ( 0.000000000000000000, 1.000000000000000000, 0.000000000000000000 ) ) ;
#1693 = EDGE_LOOP ( 'NONE', ( #1733, #1537, #6649, #3627 ) ) ;
#1694 = VERTEX_POINT ( 'NONE', #4516 ) ;
#1695 = EDGE_CURVE ( 'NONE', #1489, #3941, #6058, .T. ) ;
#1696 = B_SPLINE_CURVE_WITH_KNOTS ( 'NONE', 3,
 ( #3582, #765, #119, #152 ),
 .UNSPECIFIED., .F., .F.,
 ( 4, 4 ),
 ( 0.000000000000000000, 1.000000000000000000 ),
 .UNSPECIFIED. ) ;
#1697 = ORIENTED_EDGE ( 'NONE', *, *, #3981, .F. ) ;
#1698 = PLANE ( 'NONE',  #1508 ) ;
#1699 = LINE ( 'NONE', #3484, #4310 ) ;
#1700 = DIRECTION ( 'NONE',  ( -1.000000000000000000, 0.000000000000000000, 0.000000000000000000 ) ) ;
#1701 = DIRECTION ( 'NONE',  ( 0.000000000000000000, 0.000000000000000000, 1.000000000000000000 ) ) ;
#1702 = SURFACE_SIDE_STYLE ('',( #6976 ) ) ;
#1703 = ORIENTED_EDGE ( 'NONE', *, *, #4172, .T. ) ;
#1704 = CARTESIAN_POINT ( 'NONE',  ( -5.028999999999999915, -1.650999999999999801, 0.2540000000000000036 ) ) ;
#1705 = ADVANCED_FACE ( 'NONE', ( #2830 ), #4022, .T. ) ;
#1706 = CARTESIAN_POINT ( 'NONE',  ( -5.028999999999999915, -0.8890000000000000124, 0.000000000000000000 ) ) ;
#1707 = ORIENTED_EDGE ( 'NONE', *, *, #4801, .F. ) ;
#1708 = ADVANCED_FACE ( 'NONE', ( #7478 ), #5749, .T. ) ;
#1709 = PLANE ( 'NONE',  #4463 ) ;
#1710 = LINE ( 'NONE', #5263, #1240 ) ;
#1711 = EDGE_CURVE ( 'NONE', #7314, #7249, #5821, .T. ) ;
#1712 = CARTESIAN_POINT ( 'NONE',  ( 4.538169246415237446, -1.820333333333333359, 0.3770451553572226611 ) ) ;
#1713 = AXIS2_PLACEMENT_3D ( 'NONE', #4964, #2504, #6080 ) ;
#1714 = DIRECTION ( 'NONE',  ( 1.000000000000000000, 0.000000000000000000, 0.000000000000000000 ) ) ;
#1715 = DIRECTION ( 'NONE',  ( 0.7931070766835157659, 0.000000000000000000, 0.6090822316522848112 ) ) ;
#1716 = B_SPLINE_CURVE_WITH_KNOTS ( 'NONE', 3,
 ( #1043, #6883, #2887, #6382 ),
 .UNSPECIFIED., .F., .F.,
 ( 4, 4 ),
 ( 0.000000000000000000, 1.000000000000000000 ),
 .UNSPECIFIED. ) ;
#1717 = FACE_OUTER_BOUND ( 'NONE', #1765, .T. ) ;
#1718 = CARTESIAN_POINT ( 'NONE',  ( 4.783675919342393890, 3.259666666666666490, 0.4421813442138124439 ) ) ;
#1719 = VERTEX_POINT ( 'NONE', #1625 ) ;
#1720 = ORIENTED_EDGE ( 'NONE', *, *, #6604, .F. ) ;
#1721 = CARTESIAN_POINT ( 'NONE',  ( -5.028999999999999915, 0.3810000000000000053, 0.5080000000000000071 ) ) ;
#1722 = COLOUR_RGB ( '',0.7215686274509803821, 0.7215686274509803821, 0.7215686274509803821 ) ;
#1723 = LINE ( 'NONE', #4080, #2846 ) ;
#1724 = LINE ( 'NONE', #436, #4393 ) ;
#1725 = ORIENTED_EDGE ( 'NONE', *, *, #7514, .F. ) ;
#1726 = LINE ( 'NONE', #7000, #6702 ) ;
#1727 = EDGE_CURVE ( 'NONE', #6566, #6314, #3852, .T. ) ;
#1728 = ORIENTED_EDGE ( 'NONE', *, *, #5945, .F. ) ;
#1729 = DIRECTION ( 'NONE',  ( 0.000000000000000000, 0.000000000000000000, -1.000000000000000000 ) ) ;
#1730 = CARTESIAN_POINT ( 'NONE',  ( 4.538000000000000256, 4.698999999999999844, 0.3770000000000000018 ) ) ;
#1731 = VERTEX_POINT ( 'NONE', #2319 ) ;
#1732 = VERTEX_POINT ( 'NONE', #4666 ) ;
#1733 = ORIENTED_EDGE ( 'NONE', *, *, #1577, .F. ) ;
#1734 = ORIENTED_EDGE ( 'NONE', *, *, #3513, .F. ) ;
#1735 = PLANE ( 'NONE',  #1038 ) ;
#1736 = DIRECTION ( 'NONE',  ( -0.7931070766835153218, 0.000000000000000000, -0.6090822316522856994 ) ) ;
#1737 = B_SPLINE_CURVE_WITH_KNOTS ( 'NONE', 3,
 ( #6166, #333, #4442, #7283 ),
 .UNSPECIFIED., .F., .F.,
 ( 4, 4 ),
 ( 0.000000000000000000, 1.000000000000000000 ),
 .UNSPECIFIED. ) ;
#1738 = DIRECTION ( 'NONE',  ( 0.000000000000000000, 1.000000000000000000, 0.000000000000000000 ) ) ;
#1739 = LINE ( 'NONE', #1848, #3772 ) ;
#1740 = DIRECTION ( 'NONE',  ( 1.000000000000000000, 0.000000000000000000, 0.000000000000000000 ) ) ;
#1741 = VERTEX_POINT ( 'NONE', #7014 ) ;
#1742 = CARTESIAN_POINT ( 'NONE',  ( 4.402572021097666877, -4.698999999999999844, 0.8809746240141085316 ) ) ;
#1743 = ORIENTED_EDGE ( 'NONE', *, *, #3437, .T. ) ;
#1744 = LINE ( 'NONE', #5908, #4344 ) ;
#1745 = DIRECTION ( 'NONE',  ( 0.000000000000000000, 0.000000000000000000, -1.000000000000000000 ) ) ;
#1746 = FACE_OUTER_BOUND ( 'NONE', #7091, .T. ) ;
#1747 = ADVANCED_FACE ( 'NONE', ( #6285 ), #986, .F. ) ;
#1748 = VECTOR ( 'NONE', #5640, 1000.000000000000000 ) ;
#1749 = FACE_OUTER_BOUND ( 'NONE', #522, .T. ) ;
#1750 = EDGE_CURVE ( 'NONE', #1226, #5379, #2871, .T. ) ;
#1751 = AXIS2_PLACEMENT_3D ( 'NONE', #5732, #7032, #509 ) ;
#1752 =( NAMED_UNIT ( * ) SI_UNIT ( $, .STERADIAN. ) SOLID_ANGLE_UNIT ( ) );
#1753 = ORIENTED_EDGE ( 'NONE', *, *, #5045, .T. ) ;
#1754 = EDGE_LOOP ( 'NONE', ( #7063, #6452, #754, #1720 ) ) ;
#1755 = CARTESIAN_POINT ( 'NONE',  ( -5.028999999999999915, -4.698999999999999844, 0.2540000000000000036 ) ) ;
#1756 = AXIS2_PLACEMENT_3D ( 'NONE', #378, #3826, #1546 ) ;
#1757 = CARTESIAN_POINT ( 'NONE',  ( 4.783000000000000362, -4.191000000000000725, 0.4420000000000000040 ) ) ;
#1758 = VECTOR ( 'NONE', #2249, 1000.000000000000000 ) ;
#1759 = VERTEX_POINT ( 'NONE', #7050 ) ;
#1760 = EDGE_CURVE ( 'NONE', #3438, #3401, #6424, .T. ) ;
#1761 = ADVANCED_FACE ( 'NONE', ( #6438 ), #2359, .F. ) ;
#1762 = CARTESIAN_POINT ( 'NONE',  ( 3.797000000000000153, 2.920999999999999819, 1.320999999999999952 ) ) ;
#1763 = EDGE_CURVE ( 'NONE', #2824, #3847, #1175, .T. ) ;
#1764 = VECTOR ( 'NONE', #3671, 1000.000000000000000 ) ;
#1765 = EDGE_LOOP ( 'NONE', ( #559, #6000, #1789, #5167 ) ) ;
#1766 = CYLINDRICAL_SURFACE ( 'NONE', #2213, 0.2540000000000000036 ) ;
#1767 = ADVANCED_FACE ( 'NONE', ( #2803 ), #6948, .T. ) ;
#1768 = ORIENTED_EDGE ( 'NONE', *, *, #6275, .T. ) ;
#1769 = ORIENTED_EDGE ( 'NONE', *, *, #7121, .F. ) ;
#1770 = ORIENTED_EDGE ( 'NONE', *, *, #6231, .F. ) ;
#1771 = ORIENTED_EDGE ( 'NONE', *, *, #675, .F. ) ;
#1772 = FACE_OUTER_BOUND ( 'NONE', #1242, .T. ) ;
#1773 = CARTESIAN_POINT ( 'NONE',  ( -4.580830753584762327, 0.5503333333333333410, 1.197954844642777461 ) ) ;
#1774 = DIRECTION ( 'NONE',  ( 0.000000000000000000, 0.000000000000000000, 1.000000000000000000 ) ) ;
#1775 = FACE_OUTER_BOUND ( 'NONE', #7234, .T. ) ;
#1776 = ORIENTED_EDGE ( 'NONE', *, *, #2558, .F. ) ;
#1777 = LINE ( 'NONE', #7090, #5001 ) ;
#1778 = ORIENTED_EDGE ( 'NONE', *, *, #280, .F. ) ;
#1779 = DIRECTION ( 'NONE',  ( 1.000000000000000000, 0.000000000000000000, 0.000000000000000000 ) ) ;
#1780 = DIRECTION ( 'NONE',  ( 0.000000000000000000, -1.000000000000000000, 0.000000000000000000 ) ) ;
#1781 = CARTESIAN_POINT ( 'NONE',  ( -3.797000000000000153, 0.3810000000000000053, 1.574999999999999956 ) ) ;
#1782 = LINE ( 'NONE', #6488, #6224 ) ;
#1783 = VECTOR ( 'NONE', #1740, 1000.000000000000000 ) ;
#1784 = LINE ( 'NONE', #1257, #162 ) ;
#1785 = AXIS2_PLACEMENT_3D ( 'NONE', #2200, #7511, #3901 ) ;
#1786 = CARTESIAN_POINT ( 'NONE',  ( -5.028999999999999915, -4.698999999999999844, 0.5080000000000000071 ) ) ;
#1787 = EDGE_CURVE ( 'NONE', #3913, #5346, #3425, .T. ) ;
#1788 = CARTESIAN_POINT ( 'NONE',  ( -4.089999999999999858, -4.191000000000000725, 1.320999999999999952 ) ) ;
#1789 = ORIENTED_EDGE ( 'NONE', *, *, #649, .T. ) ;
#1790 = ORIENTED_EDGE ( 'NONE', *, *, #6683, .F. ) ;
#1791 = DIRECTION ( 'NONE',  ( 0.000000000000000000, -1.000000000000000000, 0.000000000000000000 ) ) ;
#1792 = LINE ( 'NONE', #1949, #3908 ) ;
#1793 = ORIENTED_EDGE ( 'NONE', *, *, #6400, .F. ) ;
#1794 = DIRECTION ( 'NONE',  ( 0.000000000000000000, 0.000000000000000000, -1.000000000000000000 ) ) ;
#1795 = AXIS2_PLACEMENT_3D ( 'NONE', #566, #4774, #7122 ) ;
#1796 = VECTOR ( 'NONE', #3144, 1000.000000000000000 ) ;
#1797 = EDGE_LOOP ( 'NONE', ( #2687, #3428, #4959, #5023, #55, #6444, #4051, #3570, #1971, #6515, #2222, #2792 ) ) ;
#1798 = CARTESIAN_POINT ( 'NONE',  ( 4.783000000000000362, -4.191000000000000725, 0.4420000000000000040 ) ) ;
#1799 = EDGE_CURVE ( 'NONE', #4729, #1168, #5762, .T. ) ;
#1800 = EDGE_CURVE ( 'NONE', #1643, #3126, #2243, .T. ) ;
#1801 = CARTESIAN_POINT ( 'NONE',  ( 4.783000000000000362, 4.191000000000000725, 0.4420000000000000040 ) ) ;
#1802 = ADVANCED_FACE ( 'NONE', ( #3960 ), #1073, .F. ) ;
#1803 = EDGE_CURVE ( 'NONE', #4722, #6915, #4040, .T. ) ;
#1804 = AXIS2_PLACEMENT_3D ( 'NONE', #5498, #13, #7004 ) ;
#1805 = ORIENTED_EDGE ( 'NONE', *, *, #6522, .T. ) ;
#1806 = AXIS2_PLACEMENT_3D ( 'NONE', #5441, #3676, #2509 ) ;
#1807 = EDGE_LOOP ( 'NONE', ( #2313, #6586, #5960, #1771 ) ) ;
#1808 = ORIENTED_EDGE ( 'NONE', *, *, #2036, .T. ) ;
#1809 = ORIENTED_EDGE ( 'NONE', *, *, #5396, .F. ) ;
#1810 = AXIS2_PLACEMENT_3D ( 'NONE', #952, #6679, #3837 ) ;
#1811 = VECTOR ( 'NONE', #1369, 1000.000000000000000 ) ;
#1812 = CARTESIAN_POINT ( 'NONE',  ( -3.797000000000000153, -5.244999999999999218, 1.590000000000000080 ) ) ;
#1813 = LINE ( 'NONE', #7156, #6999 ) ;
#1814 = CARTESIAN_POINT ( 'NONE',  ( 4.089999999999999858, -2.920999999999999819, 1.066999999999999948 ) ) ;
#1815 = PRESENTATION_LAYER_ASSIGNMENT (  '', '', ( #4528 ) ) ;
#1816 = CARTESIAN_POINT ( 'NONE',  ( 5.028999999999999915, -3.429000000000000270, 0.5080000000000000071 ) ) ;
#1817 = ORIENTED_EDGE ( 'NONE', *, *, #1750, .F. ) ;
#1818 = ADVANCED_FACE ( 'NONE', ( #5185 ), #5152, .T. ) ;
#1819 = CARTESIAN_POINT ( 'NONE',  ( -5.028999999999999915, -0.3810000000000000053, 0.2540000000000000036 ) ) ;
#1820 = ORIENTED_EDGE ( 'NONE', *, *, #5903, .T. ) ;
#1821 = LINE ( 'NONE', #4105, #2880 ) ;
#1822 = CARTESIAN_POINT ( 'NONE',  ( 3.797000000000000153, 5.244999999999999218, 1.590000000000000080 ) ) ;
#1823 = CARTESIAN_POINT ( 'NONE',  ( -5.028999999999999915, 0.3810000000000000053, 0.000000000000000000 ) ) ;
#1824 = FACE_OUTER_BOUND ( 'NONE', #4422, .T. ) ;
#1825 = FILL_AREA_STYLE_COLOUR ( '', #4766 ) ;
#1826 = CARTESIAN_POINT ( 'NONE',  ( -3.797000000000000153, 3.429000000000000270, 1.320999999999999952 ) ) ;
#1827 = ORIENTED_EDGE ( 'NONE', *, *, #6984, .F. ) ;
#1828 = ORIENTED_EDGE ( 'NONE', *, *, #2292, .F. ) ;
#1829 = CARTESIAN_POINT ( 'NONE',  ( -4.402572021097666877, 2.158999999999999808, 0.8809746240141085316 ) ) ;
#1830 = VECTOR ( 'NONE', #1431, 1000.000000000000000 ) ;
#1831 = DIRECTION ( 'NONE',  ( 0.000000000000000000, 0.000000000000000000, 1.000000000000000000 ) ) ;
#1832 = EDGE_CURVE ( 'NONE', #1871, #369, #185, .T. ) ;
#1833 = VERTEX_POINT ( 'NONE', #4531 ) ;
#1834 = DIRECTION ( 'NONE',  ( -0.7931070766835157659, 0.000000000000000000, 0.6090822316522848112 ) ) ;
#1835 = ORIENTED_EDGE ( 'NONE', *, *, #5599, .T. ) ;
#1836 = CARTESIAN_POINT ( 'NONE',  ( 4.581000000000000405, -0.3810000000000000053, 1.197999999999999954 ) ) ;
#1837 = CARTESIAN_POINT ( 'NONE',  ( 5.321000000000000618, 2.158999999999999808, 0.2540000000000000036 ) ) ;
#1838 = CIRCLE ( 'NONE', #4432, 0.2540000000000003366 ) ;
#1839 = EDGE_CURVE ( 'NONE', #4579, #6193, #3462, .T. ) ;
#1840 = VERTEX_POINT ( 'NONE', #2682 ) ;
#1841 = EDGE_LOOP ( 'NONE', ( #5867, #1012, #704, #3103, #1062, #3955, #2193, #5896, #3925, #5286, #5721, #4349 ) ) ;
#1842 = EDGE_CURVE ( 'NONE', #4306, #4151, #7449, .T. ) ;
#1843 = EDGE_LOOP ( 'NONE', ( #300, #1092, #2439, #1506 ) ) ;
#1844 = ORIENTED_EDGE ( 'NONE', *, *, #3049, .F. ) ;
#1845 = AXIS2_PLACEMENT_3D ( 'NONE', #4611, #6953, #4049 ) ;
#1846 = DIRECTION ( 'NONE',  ( 0.000000000000000000, 0.000000000000000000, 1.000000000000000000 ) ) ;
#1847 = CARTESIAN_POINT ( 'NONE',  ( 3.797000000000000153, 0.3810000000000000053, 1.320999999999999952 ) ) ;
#1848 = CARTESIAN_POINT ( 'NONE',  ( 5.028999999999999915, -1.650999999999999801, 0.2540000000000000036 ) ) ;
#1849 = PLANE ( 'NONE',  #2277 ) ;
#1850 = VERTEX_POINT ( 'NONE', #6220 ) ;
#1851 = PLANE ( 'NONE',  #2793 ) ;
#1852 = ORIENTED_EDGE ( 'NONE', *, *, #5571, .T. ) ;
#1853 = LINE ( 'NONE', #5409, #4955 ) ;
#1854 = CARTESIAN_POINT ( 'NONE',  ( 4.783000000000000362, 0.3810000000000000053, 0.4420000000000000040 ) ) ;
#1855 = AXIS2_PLACEMENT_3D ( 'NONE', #1476, #343, #2676 ) ;
#1856 = DIRECTION ( 'NONE',  ( -0.7931070766835157659, 0.000000000000000000, 0.6090822316522848112 ) ) ;
#1857 = DIRECTION ( 'NONE',  ( 0.000000000000000000, 1.000000000000000000, 0.000000000000000000 ) ) ;
#1858 = EDGE_CURVE ( 'NONE', #5130, #7214, #1999, .T. ) ;
#1859 = DIRECTION ( 'NONE',  ( 0.000000000000000000, -1.000000000000000000, 0.000000000000000000 ) ) ;
#1860 = ORIENTED_EDGE ( 'NONE', *, *, #7595, .F. ) ;
#1861 = DIRECTION ( 'NONE',  ( 0.000000000000000000, -1.000000000000000000, 0.000000000000000000 ) ) ;
#1862 = CARTESIAN_POINT ( 'NONE',  ( 3.797000000000000153, 5.244999999999999218, 1.590000000000000080 ) ) ;
#1863 = ORIENTED_EDGE ( 'NONE', *, *, #4857, .T. ) ;
#1864 = VERTEX_POINT ( 'NONE', #2105 ) ;
#1865 = DIRECTION ( 'NONE',  ( 1.000000000000000000, 0.000000000000000000, 0.000000000000000000 ) ) ;
#1866 = DIRECTION ( 'NONE',  ( 0.000000000000000000, -1.000000000000000000, 0.000000000000000000 ) ) ;
#1867 = DIRECTION ( 'NONE',  ( 0.000000000000000000, 1.000000000000000000, 0.000000000000000000 ) ) ;
#1868 = ORIENTED_EDGE ( 'NONE', *, *, #3473, .F. ) ;
#1869 = DIRECTION ( 'NONE',  ( 0.000000000000000000, -1.000000000000000000, 0.000000000000000000 ) ) ;
#1870 = AXIS2_PLACEMENT_3D ( 'NONE', #2278, #3447, #4628 ) ;
#1871 = VERTEX_POINT ( 'NONE', #4489 ) ;
#1872 = DIRECTION ( 'NONE',  ( 0.000000000000000000, 1.000000000000000000, 0.000000000000000000 ) ) ;
#1873 = AXIS2_PLACEMENT_3D ( 'NONE', #3468, #5233, #1077 ) ;
#1874 = DIRECTION ( 'NONE',  ( 0.7931070766835157659, 0.000000000000000000, 0.6090822316522848112 ) ) ;
#1875 = VERTEX_POINT ( 'NONE', #3879 ) ;
#1876 = ADVANCED_FACE ( 'NONE', ( #6912 ), #4455, .T. ) ;
#1877 = AXIS2_PLACEMENT_3D ( 'NONE', #1936, #4854, #2585 ) ;
#1878 = ORIENTED_EDGE ( 'NONE', *, *, #6262, .T. ) ;
#1879 = ORIENTED_EDGE ( 'NONE', *, *, #3417, .T. ) ;
#1880 = ORIENTED_EDGE ( 'NONE', *, *, #3463, .F. ) ;
#1881 = ADVANCED_FACE ( 'NONE', ( #2722 ), #6334, .T. ) ;
#1882 = B_SPLINE_CURVE_WITH_KNOTS ( 'NONE', 3,
 ( #7499, #2225, #547, #583 ),
 .UNSPECIFIED., .F., .F.,
 ( 4, 4 ),
 ( 0.000000000000000000, 1.000000000000000000 ),
 .UNSPECIFIED. ) ;
#1883 = PLANE ( 'NONE',  #2384 ) ;
#1884 = CARTESIAN_POINT ( 'NONE',  ( -3.797000000000000153, 2.920999999999999819, 1.320999999999999952 ) ) ;
#1885 = DIRECTION ( 'NONE',  ( 0.000000000000000000, -1.000000000000000000, 0.000000000000000000 ) ) ;
#1886 = PLANE ( 'NONE',  #1905 ) ;
#1887 = ORIENTED_EDGE ( 'NONE', *, *, #5586, .T. ) ;
#1888 = APPLICATION_CONTEXT ( 'automotive_design' ) ;
#1889 = PLANE ( 'NONE',  #3902 ) ;
#1890 = ORIENTED_EDGE ( 'NONE', *, *, #3275, .T. ) ;
#1891 = FACE_OUTER_BOUND ( 'NONE', #285, .T. ) ;
#1892 = CARTESIAN_POINT ( 'NONE',  ( 5.321000000000000618, 4.191000000000000725, 0.000000000000000000 ) ) ;
#1893 = EDGE_CURVE ( 'NONE', #3844, #4483, #6178, .T. ) ;
#1894 = DIRECTION ( 'NONE',  ( 0.000000000000000000, 0.000000000000000000, -1.000000000000000000 ) ) ;
#1895 = LINE ( 'NONE', #3066, #5613 ) ;
#1896 = EDGE_CURVE ( 'NONE', #5461, #5885, #3491, .T. ) ;
#1897 = EDGE_CURVE ( 'NONE', #4337, #4777, #4669, .T. ) ;
#1898 = CARTESIAN_POINT ( 'NONE',  ( -5.028999999999999915, 4.698999999999999844, 0.000000000000000000 ) ) ;
#1899 = ORIENTED_EDGE ( 'NONE', *, *, #3896, .F. ) ;
#1900 = CARTESIAN_POINT ( 'NONE',  ( -4.335256734746894658, 4.360333333333333172, 1.133069161197122865 ) ) ;
#1901 = SURFACE_STYLE_FILL_AREA ( #4829 ) ;
#1902 = ORIENTED_EDGE ( 'NONE', *, *, #1217, .T. ) ;
#1903 = CARTESIAN_POINT ( 'NONE',  ( -4.538000000000000256, -4.191000000000000725, 0.3770000000000000018 ) ) ;
#1904 = EDGE_CURVE ( 'NONE', #5468, #3163, #170, .T. ) ;
#1905 = AXIS2_PLACEMENT_3D ( 'NONE', #4236, #2010, #1318 ) ;
#1906 = DIRECTION ( 'NONE',  ( 0.000000000000000000, 0.000000000000000000, 1.000000000000000000 ) ) ;
#1907 = EDGE_CURVE ( 'NONE', #2337, #309, #463, .T. ) ;
#1908 = DIRECTION ( 'NONE',  ( 0.000000000000000000, -1.000000000000000000, 0.000000000000000000 ) ) ;
#1909 = ORIENTED_EDGE ( 'NONE', *, *, #7002, .F. ) ;
#1910 = CARTESIAN_POINT ( 'NONE',  ( 4.334999999999999964, 0.3810000000000000053, 1.132999999999999785 ) ) ;
#1911 = MECHANICAL_DESIGN_GEOMETRIC_PRESENTATION_REPRESENTATION (  '', ( #6951 ), #7194 ) ;
#1912 = ORIENTED_EDGE ( 'NONE', *, *, #3449, .F. ) ;
#1913 = CARTESIAN_POINT ( 'NONE',  ( -4.089999999999999858, 3.429000000000000270, 1.320999999999999952 ) ) ;
#1914 = EDGE_CURVE ( 'NONE', #6006, #4893, #6410, .T. ) ;
#1915 = CIRCLE ( 'NONE', #1067, 0.5080000000000001181 ) ;
#1916 = PLANE ( 'NONE',  #629 ) ;
#1917 = ORIENTED_EDGE ( 'NONE', *, *, #6183, .F. ) ;
#1918 = AXIS2_PLACEMENT_3D ( 'NONE', #334, #2668, #6786 ) ;
#1919 = AXIS2_PLACEMENT_3D ( 'NONE', #425, #6945, #6987 ) ;
#1920 = ORIENTED_EDGE ( 'NONE', *, *, #252, .F. ) ;
#1921 = ORIENTED_EDGE ( 'NONE', *, *, #5347, .T. ) ;
#1922 = ORIENTED_EDGE ( 'NONE', *, *, #1523, .T. ) ;
#1923 = CARTESIAN_POINT ( 'NONE',  ( -3.797000000000000153, 0.3810000000000000053, 1.574999999999999956 ) ) ;
#1924 = PLANE ( 'NONE',  #6627 ) ;
#1925 = VECTOR ( 'NONE', #3727, 1000.000000000000000 ) ;
#1926 = AXIS2_PLACEMENT_3D ( 'NONE', #4979, #4412, #6757 ) ;
#1927 = CARTESIAN_POINT ( 'NONE',  ( -4.783675919342393890, 0.7196666666666667878, 0.4421813442138124439 ) ) ;
#1928 = B_SPLINE_CURVE_WITH_KNOTS ( 'NONE', 3,
 ( #1659, #6935, #2787, #5138 ),
 .UNSPECIFIED., .F., .F.,
 ( 4, 4 ),
 ( 0.000000000000000000, 1.000000000000000000 ),
 .UNSPECIFIED. ) ;
#1929 = ADVANCED_FACE ( 'NONE', ( #7562 ), #112, .T. ) ;
#1930 = SURFACE_STYLE_USAGE ( .BOTH. , #6545 ) ;
#1931 = EDGE_LOOP ( 'NONE', ( #4637, #132, #4016, #3490 ) ) ;
#1932 = AXIS2_PLACEMENT_3D ( 'NONE', #5919, #74, #40 ) ;
#1933 = VECTOR ( 'NONE', #4711, 1000.000000000000000 ) ;
#1934 = CARTESIAN_POINT ( 'NONE',  ( 3.797000000000000153, 2.920999999999999819, 1.320999999999999952 ) ) ;
#1935 = ORIENTED_EDGE ( 'NONE', *, *, #3473, .T. ) ;
#1936 = CARTESIAN_POINT ( 'NONE',  ( -5.028999999999999915, 2.158999999999999808, 0.5080000000000000071 ) ) ;
#1937 = CARTESIAN_POINT ( 'NONE',  ( -4.648549666062477215, -2.158999999999999808, 0.9460580022534657019 ) ) ;
#1938 = DIRECTION ( 'NONE',  ( 1.000000000000000000, 0.000000000000000000, 0.000000000000000000 ) ) ;
#1939 = DIRECTION ( 'NONE',  ( -1.000000000000000000, 0.000000000000000000, 0.000000000000000000 ) ) ;
#1940 = VECTOR ( 'NONE', #4950, 1000.000000000000000 ) ;
#1941 = CARTESIAN_POINT ( 'NONE',  ( -4.538000000000000256, -1.650999999999999801, 0.3770000000000000018 ) ) ;
#1942 = ORIENTED_EDGE ( 'NONE', *, *, #5669, .F. ) ;
#1943 = DIRECTION ( 'NONE',  ( 1.000000000000000000, 0.000000000000000000, 0.000000000000000000 ) ) ;
#1944 = CARTESIAN_POINT ( 'NONE',  ( 4.538000000000000256, -4.698999999999999844, 0.3770000000000000018 ) ) ;
#1945 = ORIENTED_EDGE ( 'NONE', *, *, #7127, .F. ) ;
#1946 = EDGE_CURVE ( 'NONE', #2421, #2297, #1784, .T. ) ;
#1947 = CARTESIAN_POINT ( 'NONE',  ( 3.797000000000000153, -2.158999999999999808, 1.320999999999999952 ) ) ;
#1948 = ADVANCED_FACE ( 'NONE', ( #2881 ), #2334, .T. ) ;
#1949 = CARTESIAN_POINT ( 'NONE',  ( 4.089999999999999858, 0.8890000000000000124, 1.574999999999999956 ) ) ;
#1950 = CARTESIAN_POINT ( 'NONE',  ( 4.089999999999999858, -0.3810000000000000053, 1.574999999999999956 ) ) ;
#1951 = ORIENTED_EDGE ( 'NONE', *, *, #5344, .T. ) ;
#1952 = DIRECTION ( 'NONE',  ( 0.000000000000000000, -0.9953778175862695310, -0.09603645275204206189 ) ) ;
#1953 =( NAMED_UNIT ( * ) SI_UNIT ( $, .STERADIAN. ) SOLID_ANGLE_UNIT ( ) );
#1954 = CIRCLE ( 'NONE', #2971, 0.2539999999999996705 ) ;
#1955 = ORIENTED_EDGE ( 'NONE', *, *, #1174, .F. ) ;
#1956 = DIRECTION ( 'NONE',  ( 0.000000000000000000, 1.000000000000000000, 0.000000000000000000 ) ) ;
#1957 = CARTESIAN_POINT ( 'NONE',  ( -4.089999999999999858, 2.158999999999999808, 1.574999999999999956 ) ) ;
#1958 = VECTOR ( 'NONE', #931, 1000.000000000000000 ) ;
#1959 = VERTEX_POINT ( 'NONE', #1290 ) ;
#1960 = EDGE_CURVE ( 'NONE', #914, #4893, #3501, .T. ) ;
#1961 = ORIENTED_EDGE ( 'NONE', *, *, #5359, .F. ) ;
#1962 = ORIENTED_EDGE ( 'NONE', *, *, #1914, .F. ) ;
#1963 = B_SPLINE_CURVE_WITH_KNOTS ( 'NONE', 3,
 ( #4546, #932, #1619, #1091 ),
 .UNSPECIFIED., .F., .F.,
 ( 4, 4 ),
 ( 0.000000000000000000, 1.000000000000000000 ),
 .UNSPECIFIED. ) ;
#1964 = CARTESIAN_POINT ( 'NONE',  ( -4.089999999999999858, -0.8890000000000000124, 1.066999999999999948 ) ) ;
#1965 = LINE ( 'NONE', #320, #739 ) ;
#1966 = DIRECTION ( 'NONE',  ( 0.000000000000000000, 1.000000000000000000, 0.000000000000000000 ) ) ;
#1967 = B_SPLINE_CURVE_WITH_KNOTS ( 'NONE', 3,
 ( #4416, #5649, #802, #1404 ),
 .UNSPECIFIED., .F., .F.,
 ( 4, 4 ),
 ( 0.000000000000000000, 1.000000000000000000 ),
 .UNSPECIFIED. ) ;
#1968 = AXIS2_PLACEMENT_3D ( 'NONE', #4624, #6934, #5676 ) ;
#1969 = FILL_AREA_STYLE ('',( #823 ) ) ;
#1970 = AXIS2_PLACEMENT_3D ( 'NONE', #5158, #2224, #6918 ) ;
#1971 = ORIENTED_EDGE ( 'NONE', *, *, #4441, .T. ) ;
#1972 = FACE_OUTER_BOUND ( 'NONE', #2259, .T. ) ;
#1973 = DIRECTION ( 'NONE',  ( 1.000000000000000000, 0.000000000000000000, 0.000000000000000000 ) ) ;
#1974 = SURFACE_STYLE_FILL_AREA ( #2051 ) ;
#1975 = DIRECTION ( 'NONE',  ( 0.000000000000000000, -1.000000000000000000, 0.000000000000000000 ) ) ;
#1976 = CARTESIAN_POINT ( 'NONE',  ( 3.797000000000000153, 0.8890000000000000124, 1.320999999999999952 ) ) ;
#1977 = DIRECTION ( 'NONE',  ( 1.000000000000000000, 0.000000000000000000, 0.000000000000000000 ) ) ;
#1978 = ORIENTED_EDGE ( 'NONE', *, *, #412, .F. ) ;
#1979 = PLANE ( 'NONE',  #2187 ) ;
#1980 = B_SPLINE_CURVE_WITH_KNOTS ( 'NONE', 3,
 ( #4847, #3742, #2578, #1419 ),
 .UNSPECIFIED., .F., .F.,
 ( 4, 4 ),
 ( 0.000000000000000000, 1.000000000000000000 ),
 .UNSPECIFIED. ) ;
#1981 = CARTESIAN_POINT ( 'NONE',  ( 3.797000000000000153, -1.650999999999999801, 1.320999999999999952 ) ) ;
#1982 = VERTEX_POINT ( 'NONE', #3541 ) ;
#1983 = LINE ( 'NONE', #301, #6544 ) ;
#1984 = DIRECTION ( 'NONE',  ( 0.7931070766835157659, 0.000000000000000000, 0.6090822316522848112 ) ) ;
#1985 = EDGE_CURVE ( 'NONE', #6314, #4216, #2552, .T. ) ;
#1986 = DIRECTION ( 'NONE',  ( 0.2589693139543370881, 0.000000000000000000, 0.9658855493432024764 ) ) ;
#1987 = CARTESIAN_POINT ( 'NONE',  ( 3.797000000000000153, -0.8890000000000000124, 1.574999999999999956 ) ) ;
#1988 = ORIENTED_EDGE ( 'NONE', *, *, #6010, .T. ) ;
#1989 = LINE ( 'NONE', #274, #352 ) ;
#1990 = DIRECTION ( 'NONE',  ( 1.000000000000000000, 0.000000000000000000, 0.000000000000000000 ) ) ;
#1991 = ORIENTED_EDGE ( 'NONE', *, *, #267, .F. ) ;
#1992 = CARTESIAN_POINT ( 'NONE',  ( 4.334999999999999964, 0.3810000000000000053, 1.132999999999999785 ) ) ;
#1993 = DIRECTION ( 'NONE',  ( 0.000000000000000000, 0.000000000000000000, -1.000000000000000000 ) ) ;
#1994 = CYLINDRICAL_SURFACE ( 'NONE', #6097, 0.5080000000000000071 ) ;
#1995 = EDGE_CURVE ( 'NONE', #5103, #4065, #3028, .T. ) ;
#1996 = ORIENTED_EDGE ( 'NONE', *, *, #6652, .T. ) ;
#1997 = EDGE_CURVE ( 'NONE', #2034, #6589, #5833, .T. ) ;
#1998 = ADVANCED_FACE ( 'NONE', ( #1824 ), #4179, .T. ) ;
#1999 = CIRCLE ( 'NONE', #1027, 0.5080000000000001181 ) ;
#2000 = ORIENTED_EDGE ( 'NONE', *, *, #1997, .F. ) ;
#2001 = AXIS2_PLACEMENT_3D ( 'NONE', #2675, #6101, #3797 ) ;
#2002 = ORIENTED_EDGE ( 'NONE', *, *, #5478, .T. ) ;
#2003 = CARTESIAN_POINT ( 'NONE',  ( 4.089999999999999858, -2.158999999999999808, 1.066999999999999948 ) ) ;
#2004 = DIRECTION ( 'NONE',  ( 0.000000000000000000, 0.000000000000000000, -1.000000000000000000 ) ) ;
#2005 = EDGE_CURVE ( 'NONE', #4819, #914, #6989, .T. ) ;
#2006 = AXIS2_PLACEMENT_3D ( 'NONE', #6671, #3751, #1977 ) ;
#2007 = UNCERTAINTY_MEASURE_WITH_UNIT (LENGTH_MEASURE( 1.000000000000000082E-05 ), #2068, 'distance_accuracy_value', 'NONE');
#2008 = CARTESIAN_POINT ( 'NONE',  ( -4.783675919342393890, -1.989666666666666472, 0.4421813442138124439 ) ) ;
#2009 = CIRCLE ( 'NONE', #427, 0.2539999999999996705 ) ;
#2010 = DIRECTION ( 'NONE',  ( 1.000000000000000000, 0.000000000000000000, 0.000000000000000000 ) ) ;
#2011 = ORIENTED_EDGE ( 'NONE', *, *, #5716, .F. ) ;
#2012 = FACE_OUTER_BOUND ( 'NONE', #922, .T. ) ;
#2013 = CARTESIAN_POINT ( 'NONE',  ( 4.470144042195333789, -0.8890000000000000124, 0.6289492480282171671 ) ) ;
#2014 = DIRECTION ( 'NONE',  ( 0.000000000000000000, -1.000000000000000000, 0.000000000000000000 ) ) ;
#2015 = CARTESIAN_POINT ( 'NONE',  ( -4.089999999999999858, -3.429000000000000270, 1.574999999999999956 ) ) ;
#2016 = DIRECTION ( 'NONE',  ( 0.000000000000000000, 0.000000000000000000, 1.000000000000000000 ) ) ;
#2017 = PLANE ( 'NONE',  #7286 ) ;
#2018 = ORIENTED_EDGE ( 'NONE', *, *, #3531, .T. ) ;
#2019 = DIRECTION ( 'NONE',  ( 0.000000000000000000, -1.000000000000000000, 0.000000000000000000 ) ) ;
#2020 = LINE ( 'NONE', #5600, #594 ) ;
#2021 = ORIENTED_EDGE ( 'NONE', *, *, #3140, .T. ) ;
#2022 = DIRECTION ( 'NONE',  ( 1.000000000000000000, 0.000000000000000000, 0.000000000000000000 ) ) ;
#2023 = CARTESIAN_POINT ( 'NONE',  ( 4.783000000000000362, -0.8890000000000000124, 0.4420000000000000040 ) ) ;
#2024 = LINE ( 'NONE', #4944, #7217 ) ;
#2025 = CARTESIAN_POINT ( 'NONE',  ( -4.334999999999999964, 2.158999999999999808, 1.132999999999999785 ) ) ;
#2026 = ORIENTED_EDGE ( 'NONE', *, *, #6420, .T. ) ;
#2027 = FACE_OUTER_BOUND ( 'NONE', #4700, .T. ) ;
#2028 = EDGE_CURVE ( 'NONE', #3723, #2629, #1539, .T. ) ;
#2029 = CARTESIAN_POINT ( 'NONE',  ( -3.620000000000000107, 5.142999999999999794, 0.2540000000000000036 ) ) ;
#2030 = EDGE_LOOP ( 'NONE', ( #2076, #165, #3619, #2685, #7438, #4658, #929, #1935, #7598, #2492, #4001, #4836 ) ) ;
#2031 = CYLINDRICAL_SURFACE ( 'NONE', #3402, 0.5080000000000000071 ) ;
#2032 = DIRECTION ( 'NONE',  ( 0.000000000000000000, 1.000000000000000000, 0.000000000000000000 ) ) ;
#2033 = CARTESIAN_POINT ( 'NONE',  ( 5.028999999999999915, -2.920999999999999819, 0.2540000000000000036 ) ) ;
#2034 = VERTEX_POINT ( 'NONE', #615 ) ;
#2035 = CIRCLE ( 'NONE', #7315, 0.5080000000000001181 ) ;
#2036 = EDGE_CURVE ( 'NONE', #2104, #571, #819, .T. ) ;
#2037 = VECTOR ( 'NONE', #5321, 1000.000000000000000 ) ;
#2038 = EDGE_LOOP ( 'NONE', ( #3032, #3279, #6170, #4269, #662, #5792, #7521, #2769, #2849, #6965, #2817, #1030 ) ) ;
#2039 = ADVANCED_FACE ( 'NONE', ( #1749 ), #2920, .T. ) ;
#2040 = DIRECTION ( 'NONE',  ( -0.7931070766835157659, 0.000000000000000000, 0.6090822316522848112 ) ) ;
#2041 = DIRECTION ( 'NONE',  ( 0.000000000000000000, 0.000000000000000000, 1.000000000000000000 ) ) ;
#2042 = PLANE ( 'NONE',  #4027 ) ;
#2043 = ORIENTED_EDGE ( 'NONE', *, *, #1960, .T. ) ;
#2044 = PRESENTATION_LAYER_ASSIGNMENT (  '', '', ( #5124 ) ) ;
#2045 = SURFACE_SIDE_STYLE ('',( #5670 ) ) ;
#2046 = ORIENTED_EDGE ( 'NONE', *, *, #3574, .T. ) ;
#2047 = VECTOR ( 'NONE', #4657, 1000.000000000000000 ) ;
#2048 = CARTESIAN_POINT ( 'NONE',  ( 5.321000000000000618, 3.429000000000000270, 0.2540000000000000036 ) ) ;
#2049 = AXIS2_PLACEMENT_3D ( 'NONE', #2795, #1595, #1029 ) ;
#2050 = DIRECTION ( 'NONE',  ( -1.000000000000000000, 0.000000000000000000, 0.000000000000000000 ) ) ;
#2051 = FILL_AREA_STYLE ('',( #902 ) ) ;
#2052 = CARTESIAN_POINT ( 'NONE',  ( 5.321000000000000618, -2.158999999999999808, 0.000000000000000000 ) ) ;
#2053 = DIRECTION ( 'NONE',  ( 0.000000000000000000, 0.000000000000000000, 1.000000000000000000 ) ) ;
#2054 = CIRCLE ( 'NONE', #6356, 0.5080000000000001181 ) ;
#2055 = CARTESIAN_POINT ( 'NONE',  ( -5.321000000000000618, -3.429000000000000270, 0.2540000000000000036 ) ) ;
#2056 = ORIENTED_EDGE ( 'NONE', *, *, #5403, .T. ) ;
#2057 = EDGE_CURVE ( 'NONE', #1759, #796, #5913, .T. ) ;
#2058 = CARTESIAN_POINT ( 'NONE',  ( -4.089999999999999858, -0.3810000000000000053, 1.574999999999999956 ) ) ;
#2059 = CARTESIAN_POINT ( 'NONE',  ( -4.538000000000000256, 1.650999999999999801, 0.3770000000000000018 ) ) ;
#2060 = ORIENTED_EDGE ( 'NONE', *, *, #7043, .F. ) ;
#2061 = DIRECTION ( 'NONE',  ( -0.9658855493432024764, 0.000000000000000000, 0.2589693139543370881 ) ) ;
#2062 = AXIS2_PLACEMENT_3D ( 'NONE', #4177, #5376, #4784 ) ;
#2063 = VECTOR ( 'NONE', #6146, 1000.000000000000000 ) ;
#2064 = CARTESIAN_POINT ( 'NONE',  ( -3.797000000000000153, -3.429000000000000270, 1.574999999999999956 ) ) ;
#2065 = DIRECTION ( 'NONE',  ( 0.000000000000000000, -1.000000000000000000, 0.000000000000000000 ) ) ;
#2066 = ORIENTED_EDGE ( 'NONE', *, *, #5689, .F. ) ;
#2067 = DIRECTION ( 'NONE',  ( -0.2589693139543370881, 0.000000000000000000, 0.9658855493432024764 ) ) ;
#2068 =( LENGTH_UNIT ( ) NAMED_UNIT ( * ) SI_UNIT ( .MILLI., .METRE. ) );
#2069 = ORIENTED_EDGE ( 'NONE', *, *, #6564, .T. ) ;
#2070 = ORIENTED_EDGE ( 'NONE', *, *, #1617, .F. ) ;
#2071 = CARTESIAN_POINT ( 'NONE',  ( -4.538169246415237446, -3.259666666666666490, 0.3770451553572226611 ) ) ;
#2072 = DIRECTION ( 'NONE',  ( -1.000000000000000000, 0.000000000000000000, 0.000000000000000000 ) ) ;
#2073 = CARTESIAN_POINT ( 'NONE',  ( 4.538000000000000256, 4.698999999999999844, 0.3770000000000000018 ) ) ;
#2074 = EDGE_CURVE ( 'NONE', #5317, #3990, #2480, .T. ) ;
#2075 = EDGE_LOOP ( 'NONE', ( #4501, #7533, #6100, #6843 ) ) ;
#2076 = ORIENTED_EDGE ( 'NONE', *, *, #3731, .T. ) ;
#2077 = B_SPLINE_CURVE_WITH_KNOTS ( 'NONE', 3,
 ( #4705, #6483, #6550, #1220 ),
 .UNSPECIFIED., .F., .F.,
 ( 4, 4 ),
 ( 0.000000000000000000, 1.000000000000000000 ),
 .UNSPECIFIED. ) ;
#2078 = DIRECTION ( 'NONE',  ( -1.000000000000000000, 0.000000000000000000, 0.000000000000000000 ) ) ;
#2079 = DIRECTION ( 'NONE',  ( 1.000000000000000000, 0.000000000000000000, 0.000000000000000000 ) ) ;
#2080 = AXIS2_PLACEMENT_3D ( 'NONE', #4731, #7049, #1736 ) ;
#2081 = EDGE_CURVE ( 'NONE', #2377, #7355, #2123, .T. ) ;
#2082 = DIRECTION ( 'NONE',  ( 0.000000000000000000, 0.000000000000000000, 1.000000000000000000 ) ) ;
#2083 = ORIENTED_EDGE ( 'NONE', *, *, #6984, .T. ) ;
#2084 = EDGE_CURVE ( 'NONE', #7385, #1731, #4363, .T. ) ;
#2085 = VERTEX_POINT ( 'NONE', #3141 ) ;
#2086 = DIRECTION ( 'NONE',  ( 1.000000000000000000, 0.000000000000000000, 0.000000000000000000 ) ) ;
#2087 = PLANE ( 'NONE',  #298 ) ;
#2088 = CARTESIAN_POINT ( 'NONE',  ( 4.581000000000000405, 2.920999999999999819, 1.197999999999999954 ) ) ;
#2089 = CARTESIAN_POINT ( 'NONE',  ( 3.797000000000000153, 0.8890000000000000124, 1.574999999999999956 ) ) ;
#2090 = FACE_OUTER_BOUND ( 'NONE', #5526, .T. ) ;
#2091 = EDGE_CURVE ( 'NONE', #2965, #3201, #6057, .T. ) ;
#2092 = AXIS2_PLACEMENT_3D ( 'NONE', #3198, #3119, #4267 ) ;
#2093 = ADVANCED_FACE ( 'NONE', ( #4325 ), #5450, .T. ) ;
#2094 = FACE_OUTER_BOUND ( 'NONE', #1104, .T. ) ;
#2095 = ADVANCED_FACE ( 'NONE', ( #225 ), #4863, .T. ) ;
#2096 = EDGE_LOOP ( 'NONE', ( #4399, #5606, #2516, #2979, #439, #1261, #5248, #3320, #6505, #41, #2234, #5257 ) ) ;
#2097 = CARTESIAN_POINT ( 'NONE',  ( -4.089999999999999858, -0.3810000000000000053, 1.574999999999999956 ) ) ;
#2098 = DIRECTION ( 'NONE',  ( 1.000000000000000000, 0.000000000000000000, 0.000000000000000000 ) ) ;
#2099 = VERTEX_POINT ( 'NONE', #4825 ) ;
#2100 = FACE_OUTER_BOUND ( 'NONE', #3010, .T. ) ;
#2101 = CARTESIAN_POINT ( 'NONE',  ( -5.028999999999999915, -4.698999999999999844, 0.2540000000000000036 ) ) ;
#2102 = ADVANCED_FACE ( 'NONE', ( #723 ), #7248, .T. ) ;
#2103 = CARTESIAN_POINT ( 'NONE',  ( -4.402572021097666877, 0.8890000000000000124, 0.8809746240141085316 ) ) ;
#2104 = VERTEX_POINT ( 'NONE', #7210 ) ;
#2105 = CARTESIAN_POINT ( 'NONE',  ( -5.321000000000000618, 2.920999999999999819, 0.2540000000000000036 ) ) ;
#2106 = EDGE_LOOP ( 'NONE', ( #3752, #3077, #326, #5013 ) ) ;
#2107 = ORIENTED_EDGE ( 'NONE', *, *, #767, .F. ) ;
#2108 = DIRECTION ( 'NONE',  ( 0.000000000000000000, -1.000000000000000000, 0.000000000000000000 ) ) ;
#2109 = B_SPLINE_CURVE_WITH_KNOTS ( 'NONE', 3,
 ( #3469, #2928, #7132, #720 ),
 .UNSPECIFIED., .F., .F.,
 ( 4, 4 ),
 ( 0.000000000000000000, 1.000000000000000000 ),
 .UNSPECIFIED. ) ;
#2110 = CARTESIAN_POINT ( 'NONE',  ( 4.089999999999999858, -0.8890000000000000124, 1.066999999999999948 ) ) ;
#2111 = CARTESIAN_POINT ( 'NONE',  ( 4.581000000000000405, -3.429000000000000270, 1.197999999999999954 ) ) ;
#2112 = ORIENTED_EDGE ( 'NONE', *, *, #6429, .T. ) ;
#2113 = ORIENTED_EDGE ( 'NONE', *, *, #138, .T. ) ;
#2114 = SURFACE_STYLE_FILL_AREA ( #1087 ) ;
#2115 = CARTESIAN_POINT ( 'NONE',  ( -4.334999999999999964, 4.191000000000000725, 1.132999999999999785 ) ) ;
#2116 = CARTESIAN_POINT ( 'NONE',  ( -4.335256734746894658, 3.090333333333333599, 1.133069161197122865 ) ) ;
#2117 = ORIENTED_EDGE ( 'NONE', *, *, #2651, .T. ) ;
#2118 = VECTOR ( 'NONE', #764, 1000.000000000000000 ) ;
#2119 = SURFACE_STYLE_FILL_AREA ( #935 ) ;
#2120 = ORIENTED_EDGE ( 'NONE', *, *, #6400, .T. ) ;
#2121 = EDGE_CURVE ( 'NONE', #5320, #2890, #85, .T. ) ;
#2122 = CARTESIAN_POINT ( 'NONE',  ( -3.797000000000000153, -3.429000000000000270, 1.320999999999999952 ) ) ;
#2123 = CIRCLE ( 'NONE', #4465, 0.5080000000000001181 ) ;
#2124 = CARTESIAN_POINT ( 'NONE',  ( 3.442000000000000171, -5.168999999999999595, 2.641999999999999904 ) ) ;
#2125 = CARTESIAN_POINT ( 'NONE',  ( -5.028999999999999915, -2.158999999999999808, 0.2540000000000000036 ) ) ;
#2126 = CARTESIAN_POINT ( 'NONE',  ( -3.797000000000000153, 2.158999999999999808, 1.574999999999999956 ) ) ;
#2127 = VECTOR ( 'NONE', #7485, 1000.000000000000000 ) ;
#2128 = PLANE ( 'NONE',  #1309 ) ;
#2129 = CARTESIAN_POINT ( 'NONE',  ( -5.321000000000000618, -2.158999999999999808, 0.2540000000000000036 ) ) ;
#2130 = EDGE_LOOP ( 'NONE', ( #5381, #2481, #4410, #5431 ) ) ;
#2131 = FACE_OUTER_BOUND ( 'NONE', #4365, .T. ) ;
#2132 = CIRCLE ( 'NONE', #7419, 0.5080000000000001181 ) ;
#2133 = PLANE ( 'NONE',  #3043 ) ;
#2134 = VERTEX_POINT ( 'NONE', #2055 ) ;
#2135 = EDGE_CURVE ( 'NONE', #204, #3393, #7171, .T. ) ;
#2136 = DIRECTION ( 'NONE',  ( 0.000000000000000000, -1.000000000000000000, 0.000000000000000000 ) ) ;
#2137 = LINE ( 'NONE', #5567, #4804 ) ;
#2138 = ADVANCED_FACE ( 'NONE', ( #1397 ), #7287, .F. ) ;
#2139 = EDGE_CURVE ( 'NONE', #6499, #1875, #759, .T. ) ;
#2140 = CARTESIAN_POINT ( 'NONE',  ( -5.321000000000000618, 3.429000000000000270, 0.000000000000000000 ) ) ;
#2141 = CARTESIAN_POINT ( 'NONE',  ( -5.028999999999999915, 0.8890000000000000124, 0.5080000000000000071 ) ) ;
#2142 = ORIENTED_EDGE ( 'NONE', *, *, #6618, .F. ) ;
#2143 = DIRECTION ( 'NONE',  ( 0.000000000000000000, 1.000000000000000000, 0.000000000000000000 ) ) ;
#2144 = FACE_OUTER_BOUND ( 'NONE', #6033, .T. ) ;
#2145 = ORIENTED_EDGE ( 'NONE', *, *, #5599, .F. ) ;
#2146 = ORIENTED_EDGE ( 'NONE', *, *, #5108, .F. ) ;
#2147 = CARTESIAN_POINT ( 'NONE',  ( -4.089999999999999858, -4.191000000000000725, 1.320999999999999952 ) ) ;
#2148 = DIRECTION ( 'NONE',  ( 0.000000000000000000, -1.000000000000000000, 0.000000000000000000 ) ) ;
#2149 = LINE ( 'NONE', #5545, #701 ) ;
#2150 = VERTEX_POINT ( 'NONE', #1898 ) ;
#2151 = EDGE_CURVE ( 'NONE', #4563, #5532, #3792, .T. ) ;
#2152 = ORIENTED_EDGE ( 'NONE', *, *, #2990, .T. ) ;
#2153 = DIRECTION ( 'NONE',  ( 0.000000000000000000, 0.000000000000000000, 1.000000000000000000 ) ) ;
#2154 = CARTESIAN_POINT ( 'NONE',  ( -4.538169246415237446, -4.529666666666667396, 0.3770451553572226611 ) ) ;
#2155 = VECTOR ( 'NONE', #711, 1000.000000000000000 ) ;
#2156 = CARTESIAN_POINT ( 'NONE',  ( -4.716099332124954024, -3.429000000000000270, 0.6941160045069316720 ) ) ;
#2157 = ORIENTED_EDGE ( 'NONE', *, *, #5991, .T. ) ;
#2158 = VECTOR ( 'NONE', #5504, 1000.000000000000000 ) ;
#2159 = ORIENTED_EDGE ( 'NONE', *, *, #5956, .F. ) ;
#2160 = CARTESIAN_POINT ( 'NONE',  ( -5.028999999999999915, -0.3810000000000000053, 0.5080000000000000071 ) ) ;
#2161 = DIRECTION ( 'NONE',  ( 0.000000000000000000, -1.000000000000000000, 0.000000000000000000 ) ) ;
#2162 = DIRECTION ( 'NONE',  ( -0.000000000000000000, 1.000000000000000000, 0.000000000000000000 ) ) ;
#2163 = AXIS2_PLACEMENT_3D ( 'NONE', #355, #6845, #4343 ) ;
#2164 = FACE_OUTER_BOUND ( 'NONE', #7416, .T. ) ;
#2165 = FACE_OUTER_BOUND ( 'NONE', #2197, .T. ) ;
#2166 = ADVANCED_FACE ( 'NONE', ( #4935 ), #2017, .T. ) ;
#2167 = CARTESIAN_POINT ( 'NONE',  ( -5.028999999999999915, 0.8890000000000000124, 0.2540000000000000036 ) ) ;
#2168 = VECTOR ( 'NONE', #4667, 1000.000000000000000 ) ;
#2169 = ORIENTED_EDGE ( 'NONE', *, *, #3559, .T. ) ;
#2170 = VECTOR ( 'NONE', #4491, 1000.000000000000000 ) ;
#2171 = CARTESIAN_POINT ( 'NONE',  ( -3.797000000000000153, -4.698999999999999844, 1.574999999999999956 ) ) ;
#2172 = DIRECTION ( 'NONE',  ( 0.7931070766835153218, 0.000000000000000000, 0.6090822316522856994 ) ) ;
#2173 = ORIENTED_EDGE ( 'NONE', *, *, #6420, .F. ) ;
#2174 = CARTESIAN_POINT ( 'NONE',  ( -4.334999999999999964, 3.429000000000000270, 1.132999999999999785 ) ) ;
#2175 = DIRECTION ( 'NONE',  ( 0.000000000000000000, 1.000000000000000000, 0.000000000000000000 ) ) ;
#2176 = CARTESIAN_POINT ( 'NONE',  ( -4.089999999999999858, 1.650999999999999801, 1.574999999999999956 ) ) ;
#2177 = AXIS2_PLACEMENT_3D ( 'NONE', #3168, #5474, #171 ) ;
#2178 = VECTOR ( 'NONE', #6211, 1000.000000000000000 ) ;
#2179 = LINE ( 'NONE', #3424, #466 ) ;
#2180 = ORIENTED_EDGE ( 'NONE', *, *, #4891, .F. ) ;
#2181 = DIRECTION ( 'NONE',  ( 0.000000000000000000, 1.000000000000000000, 0.000000000000000000 ) ) ;
#2182 = EDGE_CURVE ( 'NONE', #2554, #6414, #4975, .T. ) ;
#2183 = PRESENTATION_STYLE_ASSIGNMENT (( #6263 ) ) ;
#2184 = AXIS2_PLACEMENT_3D ( 'NONE', #344, #5495, #6798 ) ;
#2185 = PLANE ( 'NONE',  #7458 ) ;
#2186 = ORIENTED_EDGE ( 'NONE', *, *, #5832, .F. ) ;
#2187 = AXIS2_PLACEMENT_3D ( 'NONE', #1437, #2517, #3685 ) ;
#2188 = VERTEX_POINT ( 'NONE', #7323 ) ;
#2189 = CARTESIAN_POINT ( 'NONE',  ( 5.321000000000000618, -1.650999999999999801, 0.2540000000000000036 ) ) ;
#2190 = DIRECTION ( 'NONE',  ( 0.000000000000000000, -1.000000000000000000, 0.000000000000000000 ) ) ;
#2191 = CARTESIAN_POINT ( 'NONE',  ( -4.089999999999999858, -0.8890000000000000124, 1.320999999999999952 ) ) ;
#2192 = EDGE_LOOP ( 'NONE', ( #60, #6727, #3123, #999 ) ) ;
#2193 = ORIENTED_EDGE ( 'NONE', *, *, #6556, .T. ) ;
#2194 = CYLINDRICAL_SURFACE ( 'NONE', #3331, 0.2540000000000000036 ) ;
#2195 = PLANE ( 'NONE',  #3659 ) ;
#2196 = EDGE_CURVE ( 'NONE', #4662, #7113, #2616, .T. ) ;
#2197 = EDGE_LOOP ( 'NONE', ( #4320, #1879, #4494, #1593, #5985, #1878, #2349, #7001, #1653, #5695, #3340, #3111 ) ) ;
#2198 = VERTEX_POINT ( 'NONE', #2832 ) ;
#2199 = AXIS2_PLACEMENT_3D ( 'NONE', #2125, #6359, #6284 ) ;
#2200 = CARTESIAN_POINT ( 'NONE',  ( -4.089999999999999858, -2.158999999999999808, 1.066999999999999948 ) ) ;
#2201 = CARTESIAN_POINT ( 'NONE',  ( 4.783000000000000362, -3.429000000000000270, 0.4420000000000000040 ) ) ;
#2202 = CARTESIAN_POINT ( 'NONE',  ( -4.783000000000000362, -0.3810000000000000053, 0.4420000000000000040 ) ) ;
#2203 = CARTESIAN_POINT ( 'NONE',  ( 4.089999999999999858, 2.920999999999999819, 1.574999999999999956 ) ) ;
#2204 = FACE_OUTER_BOUND ( 'NONE', #6381, .T. ) ;
#2205 = CARTESIAN_POINT ( 'NONE',  ( -4.089999999999999858, 0.8890000000000000124, 1.574999999999999956 ) ) ;
#2206 = ORIENTED_EDGE ( 'NONE', *, *, #4541, .F. ) ;
#2207 = LINE ( 'NONE', #1063, #4648 ) ;
#2208 = DIRECTION ( 'NONE',  ( -0.000000000000000000, 1.000000000000000000, 0.000000000000000000 ) ) ;
#2209 = ORIENTED_EDGE ( 'NONE', *, *, #844, .T. ) ;
#2210 = DIRECTION ( 'NONE',  ( 1.000000000000000000, 0.000000000000000000, 0.000000000000000000 ) ) ;
#2211 =( NAMED_UNIT ( * ) SI_UNIT ( $, .STERADIAN. ) SOLID_ANGLE_UNIT ( ) );
#2212 = CARTESIAN_POINT ( 'NONE',  ( 4.089999999999999858, -4.698999999999999844, 1.320999999999999952 ) ) ;
#2213 = AXIS2_PLACEMENT_3D ( 'NONE', #3588, #2308, #3477 ) ;
#2214 = CARTESIAN_POINT ( 'NONE',  ( 4.335256734746894658, -0.5503333333333333410, 1.133069161197122865 ) ) ;
#2215 = CARTESIAN_POINT ( 'NONE',  ( 4.089999999999999858, 4.698999999999999844, 1.066999999999999948 ) ) ;
#2216 = B_SPLINE_CURVE_WITH_KNOTS ( 'NONE', 3,
 ( #5639, #1937, #5018, #3248 ),
 .UNSPECIFIED., .F., .F.,
 ( 4, 4 ),
 ( 0.000000000000000000, 1.000000000000000000 ),
 .UNSPECIFIED. ) ;
#2217 = CYLINDRICAL_SURFACE ( 'NONE', #605, 0.2540000000000000036 ) ;
#2218 = VECTOR ( 'NONE', #2190, 1000.000000000000000 ) ;
#2219 = ADVANCED_FACE ( 'NONE', ( #6826 ), #3251, .T. ) ;
#2220 = CARTESIAN_POINT ( 'NONE',  ( 4.783000000000000362, 2.920999999999999819, 0.4420000000000000040 ) ) ;
#2221 = ORIENTED_EDGE ( 'NONE', *, *, #3479, .T. ) ;
#2222 = ORIENTED_EDGE ( 'NONE', *, *, #5858, .T. ) ;
#2223 = DIRECTION ( 'NONE',  ( 0.7931070766835157659, 0.000000000000000000, 0.6090822316522848112 ) ) ;
#2224 = DIRECTION ( 'NONE',  ( 0.000000000000000000, -1.000000000000000000, 0.000000000000000000 ) ) ;
#2225 = CARTESIAN_POINT ( 'NONE',  ( -4.538169246415237446, 4.529666666666667396, 0.3770451553572226611 ) ) ;
#2226 = ORIENTED_EDGE ( 'NONE', *, *, #1287, .T. ) ;
#2227 = ADVANCED_FACE ( 'NONE', ( #2710 ), #7399, .T. ) ;
#2228 = ORIENTED_EDGE ( 'NONE', *, *, #7575, .T. ) ;
#2229 = EDGE_CURVE ( 'NONE', #1528, #4092, #7436, .T. ) ;
#2230 = DIRECTION ( 'NONE',  ( 0.000000000000000000, -1.000000000000000000, 0.000000000000000000 ) ) ;
#2231 = CARTESIAN_POINT ( 'NONE',  ( -5.321000000000000618, -0.3810000000000000053, 0.2540000000000000036 ) ) ;
#2232 = EDGE_CURVE ( 'NONE', #81, #3354, #2841, .T. ) ;
#2233 = CARTESIAN_POINT ( 'NONE',  ( 4.783000000000000362, 0.8890000000000000124, 0.4420000000000000040 ) ) ;
#2234 = ORIENTED_EDGE ( 'NONE', *, *, #6421, .T. ) ;
#2235 = VERTEX_POINT ( 'NONE', #7480 ) ;
#2236 = FACE_OUTER_BOUND ( 'NONE', #5857, .T. ) ;
#2237 = DIRECTION ( 'NONE',  ( 0.000000000000000000, 0.000000000000000000, 1.000000000000000000 ) ) ;
#2238 = CARTESIAN_POINT ( 'NONE',  ( 4.334999999999999964, -2.920999999999999819, 1.132999999999999785 ) ) ;
#2239 = DIRECTION ( 'NONE',  ( 0.000000000000000000, 0.000000000000000000, 1.000000000000000000 ) ) ;
#2240 = CARTESIAN_POINT ( 'NONE',  ( 5.321000000000000618, -0.3810000000000000053, 0.000000000000000000 ) ) ;
#2241 = CARTESIAN_POINT ( 'NONE',  ( 5.321000000000000618, 1.650999999999999801, 0.2540000000000000036 ) ) ;
#2242 = ORIENTED_EDGE ( 'NONE', *, *, #502, .F. ) ;
#2243 = CIRCLE ( 'NONE', #2611, 0.5080000000000001181 ) ;
#2244 = PLANE ( 'NONE',  #6238 ) ;
#2245 = ADVANCED_FACE ( 'NONE', ( #2094 ), #3339, .F. ) ;
#2246 = DIRECTION ( 'NONE',  ( -0.7931070766835157659, 0.000000000000000000, 0.6090822316522848112 ) ) ;
#2247 = ORIENTED_EDGE ( 'NONE', *, *, #2139, .T. ) ;
#2248 = AXIS2_PLACEMENT_3D ( 'NONE', #7064, #3256, #230 ) ;
#2249 = DIRECTION ( 'NONE',  ( 0.000000000000000000, -1.000000000000000000, 0.000000000000000000 ) ) ;
#2250 = CARTESIAN_POINT ( 'NONE',  ( -3.797000000000000153, -0.3810000000000000053, 1.574999999999999956 ) ) ;
#2251 = CARTESIAN_POINT ( 'NONE',  ( 4.538000000000000256, -1.650999999999999801, 0.3770000000000000018 ) ) ;
#2252 = CARTESIAN_POINT ( 'NONE',  ( 4.334999999999999964, -0.3810000000000000053, 1.132999999999999785 ) ) ;
#2253 = VECTOR ( 'NONE', #1324, 1000.000000000000000 ) ;
#2254 = DIRECTION ( 'NONE',  ( 0.000000000000000000, 0.000000000000000000, 1.000000000000000000 ) ) ;
#2255 = CARTESIAN_POINT ( 'NONE',  ( 5.028999999999999915, 2.920999999999999819, 0.000000000000000000 ) ) ;
#2256 = SURFACE_STYLE_FILL_AREA ( #2922 ) ;
#2257 = B_SPLINE_CURVE_WITH_KNOTS ( 'NONE', 3,
 ( #6978, #6402, #2283, #4635 ),
 .UNSPECIFIED., .F., .F.,
 ( 4, 4 ),
 ( 0.000000000000000000, 1.000000000000000000 ),
 .UNSPECIFIED. ) ;
#2258 = ORIENTED_EDGE ( 'NONE', *, *, #2036, .F. ) ;
#2259 = EDGE_LOOP ( 'NONE', ( #2508, #71, #7055, #4879 ) ) ;
#2260 = LINE ( 'NONE', #2189, #3112 ) ;
#2261 = ORIENTED_EDGE ( 'NONE', *, *, #2404, .T. ) ;
#2262 = CYLINDRICAL_SURFACE ( 'NONE', #1845, 0.2540000000000000036 ) ;
#2263 = CARTESIAN_POINT ( 'NONE',  ( 4.783675919342393890, -4.360333333333333172, 0.4421813442138124439 ) ) ;
#2264 = EDGE_CURVE ( 'NONE', #2965, #6117, #4445, .T. ) ;
#2265 = ORIENTED_EDGE ( 'NONE', *, *, #2768, .T. ) ;
#2266 = ORIENTED_EDGE ( 'NONE', *, *, #3937, .T. ) ;
#2267 = SURFACE_STYLE_USAGE ( .BOTH. , #517 ) ;
#2268 = CARTESIAN_POINT ( 'NONE',  ( -4.538000000000000256, -0.8890000000000000124, 0.3770000000000000018 ) ) ;
#2269 = LINE ( 'NONE', #5989, #6232 ) ;
#2270 = ORIENTED_EDGE ( 'NONE', *, *, #1139, .T. ) ;
#2271 = ADVANCED_FACE ( 'NONE', ( #6787 ), #3299, .F. ) ;
#2272 = VERTEX_POINT ( 'NONE', #990 ) ;
#2273 = EDGE_CURVE ( 'NONE', #3413, #5103, #5679, .T. ) ;
#2274 = ORIENTED_EDGE ( 'NONE', *, *, #1209, .F. ) ;
#2275 = CARTESIAN_POINT ( 'NONE',  ( -4.334999999999999964, 4.698999999999999844, 1.132999999999999785 ) ) ;
#2276 = CARTESIAN_POINT ( 'NONE',  ( 4.335256734746894658, -3.090333333333333599, 1.133069161197122865 ) ) ;
#2277 = AXIS2_PLACEMENT_3D ( 'NONE', #3059, #5516, #5405 ) ;
#2278 = CARTESIAN_POINT ( 'NONE',  ( 3.797000000000000153, 2.920999999999999819, 1.320999999999999952 ) ) ;
#2279 = DIRECTION ( 'NONE',  ( 0.000000000000000000, 0.000000000000000000, 1.000000000000000000 ) ) ;
#2280 = CARTESIAN_POINT ( 'NONE',  ( -4.783000000000000362, 3.429000000000000270, 0.4420000000000000040 ) ) ;
#2281 = VECTOR ( 'NONE', #5391, 1000.000000000000000 ) ;
#2282 = ORIENTED_EDGE ( 'NONE', *, *, #4117, .F. ) ;
#2283 = CARTESIAN_POINT ( 'NONE',  ( 4.716099332124954024, -2.920999999999999819, 0.6941160045069316720 ) ) ;
#2284 = FACE_OUTER_BOUND ( 'NONE', #2956, .T. ) ;
#2285 = VERTEX_POINT ( 'NONE', #5717 ) ;
#2286 = VECTOR ( 'NONE', #5016, 1000.000000000000000 ) ;
#2287 = FACE_OUTER_BOUND ( 'NONE', #5232, .T. ) ;
#2288 = CARTESIAN_POINT ( 'NONE',  ( -4.089999999999999858, -0.3810000000000000053, 1.320999999999999952 ) ) ;
#2289 = DIRECTION ( 'NONE',  ( -1.000000000000000000, 0.000000000000000000, 0.000000000000000000 ) ) ;
#2290 = DIRECTION ( 'NONE',  ( 0.000000000000000000, 1.000000000000000000, 0.000000000000000000 ) ) ;
#2291 = VECTOR ( 'NONE', #6361, 1000.000000000000000 ) ;
#2292 = EDGE_CURVE ( 'NONE', #4579, #150, #493, .T. ) ;
#2293 =( GEOMETRIC_REPRESENTATION_CONTEXT ( 3 ) GLOBAL_UNCERTAINTY_ASSIGNED_CONTEXT ( ( #5330 ) ) GLOBAL_UNIT_ASSIGNED_CONTEXT ( ( #243, #2573, #3233 ) ) REPRESENTATION_CONTEXT ( 'NONE', 'WORKASPACE' ) );
#2294 = CARTESIAN_POINT ( 'NONE',  ( -4.783000000000000362, 4.191000000000000725, 0.4420000000000000040 ) ) ;
#2295 = DIRECTION ( 'NONE',  ( 0.000000000000000000, -1.000000000000000000, 0.000000000000000000 ) ) ;
#2296 = LINE ( 'NONE', #653, #338 ) ;
#2297 = VERTEX_POINT ( 'NONE', #2167 ) ;
#2298 = ORIENTED_EDGE ( 'NONE', *, *, #5249, .F. ) ;
#2299 = LINE ( 'NONE', #1156, #3495 ) ;
#2300 = CIRCLE ( 'NONE', #5000, 0.2539999999999996705 ) ;
#2301 = AXIS2_PLACEMENT_3D ( 'NONE', #5528, #2208, #6368 ) ;
#2302 = CARTESIAN_POINT ( 'NONE',  ( 3.797000000000000153, 0.3810000000000000053, 1.574999999999999956 ) ) ;
#2303 = DIRECTION ( 'NONE',  ( 0.000000000000000000, -1.000000000000000000, 0.000000000000000000 ) ) ;
#2304 = ORIENTED_EDGE ( 'NONE', *, *, #4857, .F. ) ;
#2305 = AXIS2_PLACEMENT_3D ( 'NONE', #6374, #4036, #574 ) ;
#2306 = VECTOR ( 'NONE', #2672, 1000.000000000000000 ) ;
#2307 = EDGE_LOOP ( 'NONE', ( #6466, #633, #2011, #1790 ) ) ;
#2308 = DIRECTION ( 'NONE',  ( 0.000000000000000000, -1.000000000000000000, 0.000000000000000000 ) ) ;
#2309 = CIRCLE ( 'NONE', #6243, 0.2540000000000000591 ) ;
#2310 = PRESENTATION_LAYER_ASSIGNMENT (  '', '', ( #6244 ) ) ;
#2311 = DIRECTION ( 'NONE',  ( 0.7931070766835166541, 0.000000000000000000, -0.6090822316522841451 ) ) ;
#2312 = VERTEX_POINT ( 'NONE', #1627 ) ;
#2313 = ORIENTED_EDGE ( 'NONE', *, *, #1914, .T. ) ;
#2314 = ORIENTED_EDGE ( 'NONE', *, *, #4860, .T. ) ;
#2315 = ORIENTED_EDGE ( 'NONE', *, *, #1019, .T. ) ;
#2316 = EDGE_CURVE ( 'NONE', #6024, #5468, #2670, .T. ) ;
#2317 = CARTESIAN_POINT ( 'NONE',  ( 3.797000000000000153, 3.429000000000000270, 1.320999999999999952 ) ) ;
#2318 = CARTESIAN_POINT ( 'NONE',  ( -4.581000000000000405, 0.8890000000000000124, 1.197999999999999954 ) ) ;
#2319 = CARTESIAN_POINT ( 'NONE',  ( -3.797000000000000153, 4.698999999999999844, 1.574999999999999956 ) ) ;
#2320 = CARTESIAN_POINT ( 'NONE',  ( 3.797000000000000153, -1.650999999999999801, 1.574999999999999956 ) ) ;
#2321 = ADVANCED_FACE ( 'NONE', ( #4520 ), #4479, .F. ) ;
#2322 = AXIS2_PLACEMENT_3D ( 'NONE', #1221, #1780, #2477 ) ;
#2323 = VERTEX_POINT ( 'NONE', #6206 ) ;
#2324 = CARTESIAN_POINT ( 'NONE',  ( -4.334999999999999964, 2.158999999999999808, 1.132999999999999785 ) ) ;
#2325 = EDGE_LOOP ( 'NONE', ( #1114, #6351, #5990, #5973 ) ) ;
#2326 = CARTESIAN_POINT ( 'NONE',  ( 3.798145634621056921, -1.748333333333333517, 1.305805962493186811 ) ) ;
#2327 = DIRECTION ( 'NONE',  ( 0.000000000000000000, -1.000000000000000000, 0.000000000000000000 ) ) ;
#2328 = EDGE_CURVE ( 'NONE', #4454, #1169, #943, .T. ) ;
#2329 = FACE_OUTER_BOUND ( 'NONE', #5400, .T. ) ;
#2330 = CIRCLE ( 'NONE', #4663, 0.5080000000000001181 ) ;
#2331 = EDGE_CURVE ( 'NONE', #1459, #1615, #5142, .T. ) ;
#2332 = DIRECTION ( 'NONE',  ( 0.000000000000000000, 1.000000000000000000, 0.000000000000000000 ) ) ;
#2333 = EDGE_CURVE ( 'NONE', #1552, #5190, #1025, .T. ) ;
#2334 = PLANE ( 'NONE',  #5569 ) ;
#2335 = LINE ( 'NONE', #2375, #6363 ) ;
#2336 = DIRECTION ( 'NONE',  ( -1.000000000000000000, 0.000000000000000000, 0.000000000000000000 ) ) ;
#2337 = VERTEX_POINT ( 'NONE', #7517 ) ;
#2338 = ORIENTED_EDGE ( 'NONE', *, *, #7031, .T. ) ;
#2339 = PLANE ( 'NONE',  #1751 ) ;
#2340 = CIRCLE ( 'NONE', #3338, 0.5080000000000001181 ) ;
#2341 = EDGE_CURVE ( 'NONE', #3187, #1489, #3027, .T. ) ;
#2342 = MECHANICAL_DESIGN_GEOMETRIC_PRESENTATION_REPRESENTATION (  '', ( #6021 ), #3973 ) ;
#2343 = CARTESIAN_POINT ( 'NONE',  ( -3.797000000000000153, -3.429000000000000270, 1.574999999999999956 ) ) ;
#2344 = DIRECTION ( 'NONE',  ( 1.000000000000000000, 0.000000000000000000, 0.000000000000000000 ) ) ;
#2345 = VERTEX_POINT ( 'NONE', #2241 ) ;
#2346 = VECTOR ( 'NONE', #7206, 1000.000000000000000 ) ;
#2347 = SURFACE_SIDE_STYLE ('',( #4797 ) ) ;
#2348 = B_SPLINE_CURVE_WITH_KNOTS ( 'NONE', 3,
 ( #2124, #6246, #4551, #5170 ),
 .UNSPECIFIED., .F., .F.,
 ( 4, 4 ),
 ( 0.000000000000000000, 1.000000000000000000 ),
 .UNSPECIFIED. ) ;
#2349 = ORIENTED_EDGE ( 'NONE', *, *, #5996, .T. ) ;
#2350 = CARTESIAN_POINT ( 'NONE',  ( 4.783000000000000362, 2.920999999999999819, 0.4420000000000000040 ) ) ;
#2351 = CARTESIAN_POINT ( 'NONE',  ( 5.321000000000000618, 1.650999999999999801, 0.000000000000000000 ) ) ;
#2352 = ORIENTED_EDGE ( 'NONE', *, *, #1392, .T. ) ;
#2353 = B_SPLINE_CURVE_WITH_KNOTS ( 'NONE', 3,
 ( #1475, #2716, #3146, #2595 ),
 .UNSPECIFIED., .F., .F.,
 ( 4, 4 ),
 ( 0.000000000000000000, 1.000000000000000000 ),
 .UNSPECIFIED. ) ;
#2354 = ORIENTED_EDGE ( 'NONE', *, *, #6661, .F. ) ;
#2355 = ORIENTED_EDGE ( 'NONE', *, *, #4152, .F. ) ;
#2356 = ORIENTED_EDGE ( 'NONE', *, *, #3503, .F. ) ;
#2357 = DIRECTION ( 'NONE',  ( -1.000000000000000000, 0.000000000000000000, 0.000000000000000000 ) ) ;
#2358 = CARTESIAN_POINT ( 'NONE',  ( 3.797000000000000153, -3.429000000000000270, 1.574999999999999956 ) ) ;
#2359 = CYLINDRICAL_SURFACE ( 'NONE', #1267, 0.2540000000000000036 ) ;
#2360 = CARTESIAN_POINT ( 'NONE',  ( 5.321000000000000618, -0.8890000000000000124, 0.000000000000000000 ) ) ;
#2361 = EDGE_CURVE ( 'NONE', #3626, #2942, #7017, .T. ) ;
#2362 = CARTESIAN_POINT ( 'NONE',  ( 5.321000000000000618, -3.429000000000000270, 0.2540000000000000036 ) ) ;
#2363 = ORIENTED_EDGE ( 'NONE', *, *, #6134, .F. ) ;
#2364 = CARTESIAN_POINT ( 'NONE',  ( -4.335256734746894658, 1.820333333333333359, 1.133069161197122865 ) ) ;
#2365 = VERTEX_POINT ( 'NONE', #2280 ) ;
#2366 = DIRECTION ( 'NONE',  ( 1.000000000000000000, 0.000000000000000000, 0.000000000000000000 ) ) ;
#2367 = CARTESIAN_POINT ( 'NONE',  ( -4.580830753584762327, -1.989666666666666472, 1.197954844642777461 ) ) ;
#2368 = CARTESIAN_POINT ( 'NONE',  ( 4.783000000000000362, 3.429000000000000270, 0.4420000000000000040 ) ) ;
#2369 = LINE ( 'NONE', #5307, #4383 ) ;
#2370 = VECTOR ( 'NONE', #5070, 1000.000000000000000 ) ;
#2371 = AXIS2_PLACEMENT_3D ( 'NONE', #3189, #7407, #1984 ) ;
#2372 = CARTESIAN_POINT ( 'NONE',  ( -4.716099332124954024, 4.191000000000000725, 0.6941160045069316720 ) ) ;
#2373 = EDGE_CURVE ( 'NONE', #1459, #4193, #1035, .T. ) ;
#2374 = PRODUCT_RELATED_PRODUCT_CATEGORY ( 'part', '', ( #4570 ) ) ;
#2375 = CARTESIAN_POINT ( 'NONE',  ( -3.797000000000000153, 0.8890000000000000124, 1.320999999999999952 ) ) ;
#2376 = VECTOR ( 'NONE', #5602, 1000.000000000000000 ) ;
#2377 = VERTEX_POINT ( 'NONE', #4132 ) ;
#2378 = ADVANCED_FACE ( 'NONE', ( #1775 ), #5937, .T. ) ;
#2379 = ORIENTED_EDGE ( 'NONE', *, *, #6879, .F. ) ;
#2380 = EDGE_CURVE ( 'NONE', #7034, #5961, #4976, .T. ) ;
#2381 = CARTESIAN_POINT ( 'NONE',  ( -4.581000000000000405, -0.3810000000000000053, 1.197999999999999954 ) ) ;
#2382 = VECTOR ( 'NONE', #5754, 1000.000000000000000 ) ;
#2383 = CARTESIAN_POINT ( 'NONE',  ( -4.089999999999999858, -2.158999999999999808, 1.066999999999999948 ) ) ;
#2384 = AXIS2_PLACEMENT_3D ( 'NONE', #7048, #4126, #1313 ) ;
#2385 = ORIENTED_EDGE ( 'NONE', *, *, #4119, .F. ) ;
#2386 = DIRECTION ( 'NONE',  ( 0.000000000000000000, -1.000000000000000000, 0.000000000000000000 ) ) ;
#2387 = EDGE_LOOP ( 'NONE', ( #6385, #4314, #4231, #6039 ) ) ;
#2388 = CARTESIAN_POINT ( 'NONE',  ( 4.089999999999999858, -3.429000000000000270, 1.320999999999999952 ) ) ;
#2389 = DIRECTION ( 'NONE',  ( 0.000000000000000000, 1.000000000000000000, 0.000000000000000000 ) ) ;
#2390 = ORIENTED_EDGE ( 'NONE', *, *, #1328, .F. ) ;
#2391 = EDGE_CURVE ( 'NONE', #3201, #7504, #567, .T. ) ;
#2392 = ORIENTED_EDGE ( 'NONE', *, *, #5663, .F. ) ;
#2393 = VERTEX_POINT ( 'NONE', #7052 ) ;
#2394 = EDGE_LOOP ( 'NONE', ( #5770, #4921, #7269, #5652 ) ) ;
#2395 = CARTESIAN_POINT ( 'NONE',  ( 4.334999999999999964, 3.429000000000000270, 1.132999999999999785 ) ) ;
#2396 = DIRECTION ( 'NONE',  ( 0.000000000000000000, -1.000000000000000000, 0.000000000000000000 ) ) ;
#2397 = LINE ( 'NONE', #2360, #1197 ) ;
#2398 = CARTESIAN_POINT ( 'NONE',  ( 4.783000000000000362, 2.158999999999999808, 0.4420000000000000040 ) ) ;
#2399 = VERTEX_POINT ( 'NONE', #1663 ) ;
#2400 = FACE_OUTER_BOUND ( 'NONE', #1361, .T. ) ;
#2401 = ORIENTED_EDGE ( 'NONE', *, *, #3182, .F. ) ;
#2402 = LINE ( 'NONE', #6518, #6549 ) ;
#2403 = DIRECTION ( 'NONE',  ( 0.000000000000000000, 0.000000000000000000, 1.000000000000000000 ) ) ;
#2404 = EDGE_CURVE ( 'NONE', #7544, #388, #1215, .T. ) ;
#2405 = PLANE ( 'NONE',  #699 ) ;
#2406 =( GEOMETRIC_REPRESENTATION_CONTEXT ( 3 ) GLOBAL_UNCERTAINTY_ASSIGNED_CONTEXT ( ( #6697 ) ) GLOBAL_UNIT_ASSIGNED_CONTEXT ( ( #750, #6047, #4279 ) ) REPRESENTATION_CONTEXT ( 'NONE', 'WORKASPACE' ) );
#2407 = DIRECTION ( 'NONE',  ( 0.2589693139543370881, 0.000000000000000000, 0.9658855493432024764 ) ) ;
#2408 = CLOSED_SHELL ( 'NONE', ( #7578, #3272, #3651, #7305, #7215, #6858, #3039, #5855, #4444, #2789, #2321, #2882, #5268, #797 ) ) ;
#2409 = AXIS2_PLACEMENT_3D ( 'NONE', #7358, #2086, #6588 ) ;
#2410 = DIRECTION ( 'NONE',  ( -0.2589693139543370881, 0.000000000000000000, 0.9658855493432024764 ) ) ;
#2411 = DIRECTION ( 'NONE',  ( 0.000000000000000000, -1.000000000000000000, 0.000000000000000000 ) ) ;
#2412 = ORIENTED_EDGE ( 'NONE', *, *, #6979, .F. ) ;
#2413 = VERTEX_POINT ( 'NONE', #2362 ) ;
#2414 = CARTESIAN_POINT ( 'NONE',  ( -3.797000000000000153, -1.650999999999999801, 1.574999999999999956 ) ) ;
#2415 = CARTESIAN_POINT ( 'NONE',  ( -3.797000000000000153, 5.244999999999999218, 1.590000000000000080 ) ) ;
#2416 = AXIS2_PLACEMENT_3D ( 'NONE', #2760, #7524, #3461 ) ;
#2417 = ORIENTED_EDGE ( 'NONE', *, *, #2893, .F. ) ;
#2418 = EDGE_CURVE ( 'NONE', #229, #5880, #6086, .T. ) ;
#2419 = DIRECTION ( 'NONE',  ( 1.000000000000000000, 0.000000000000000000, 0.000000000000000000 ) ) ;
#2420 = VECTOR ( 'NONE', #382, 1000.000000000000000 ) ;
#2421 = VERTEX_POINT ( 'NONE', #4169 ) ;
#2422 = CARTESIAN_POINT ( 'NONE',  ( -4.783000000000000362, 1.650999999999999801, 0.4420000000000000040 ) ) ;
#2423 = CARTESIAN_POINT ( 'NONE',  ( 4.581000000000000405, 0.8890000000000000124, 1.197999999999999954 ) ) ;
#2424 = STYLED_ITEM ( 'NONE', ( #5068 ), #5002 ) ;
#2425 = ORIENTED_EDGE ( 'NONE', *, *, #5901, .F. ) ;
#2426 = VECTOR ( 'NONE', #4969, 1000.000000000000000 ) ;
#2427 = ORIENTED_EDGE ( 'NONE', *, *, #2949, .F. ) ;
#2428 = VERTEX_POINT ( 'NONE', #1177 ) ;
#2429 = VERTEX_POINT ( 'NONE', #3566 ) ;
#2430 = AXIS2_PLACEMENT_3D ( 'NONE', #2383, #3003, #7177 ) ;
#2431 = VECTOR ( 'NONE', #6906, 1000.000000000000000 ) ;
#2432 = PLANE ( 'NONE',  #4704 ) ;
#2433 = CARTESIAN_POINT ( 'NONE',  ( -5.321000000000000618, -2.920999999999999819, 0.000000000000000000 ) ) ;
#2434 = EDGE_CURVE ( 'NONE', #204, #2874, #5902, .T. ) ;
#2435 = CARTESIAN_POINT ( 'NONE',  ( 5.321000000000000618, 4.698999999999999844, 0.2540000000000000036 ) ) ;
#2436 = PLANE ( 'NONE',  #2777 ) ;
#2437 = EDGE_LOOP ( 'NONE', ( #38, #3533, #4077, #5422 ) ) ;
#2438 = DIRECTION ( 'NONE',  ( 0.000000000000000000, 0.000000000000000000, -1.000000000000000000 ) ) ;
#2439 = ORIENTED_EDGE ( 'NONE', *, *, #5350, .F. ) ;
#2440 = DIRECTION ( 'NONE',  ( 1.000000000000000000, 0.000000000000000000, 0.000000000000000000 ) ) ;
#2441 = DIRECTION ( 'NONE',  ( 1.000000000000000000, 0.000000000000000000, 0.000000000000000000 ) ) ;
#2442 = DIRECTION ( 'NONE',  ( 0.000000000000000000, 0.000000000000000000, 1.000000000000000000 ) ) ;
#2443 = DIRECTION ( 'NONE',  ( 1.000000000000000000, 0.000000000000000000, 0.000000000000000000 ) ) ;
#2444 = VERTEX_POINT ( 'NONE', #3451 ) ;
#2445 = CARTESIAN_POINT ( 'NONE',  ( 5.028999999999999915, -3.429000000000000270, 0.5080000000000000071 ) ) ;
#2446 = EDGE_LOOP ( 'NONE', ( #6681, #1005, #6672, #3545 ) ) ;
#2447 = ORIENTED_EDGE ( 'NONE', *, *, #2292, .T. ) ;
#2448 = CARTESIAN_POINT ( 'NONE',  ( 5.028999999999999915, -2.158999999999999808, 0.000000000000000000 ) ) ;
#2449 = VECTOR ( 'NONE', #7444, 1000.000000000000000 ) ;
#2450 = CARTESIAN_POINT ( 'NONE',  ( 3.797000000000000153, -5.244999999999999218, 1.306000000000000050 ) ) ;
#2451 = EDGE_LOOP ( 'NONE', ( #779, #6614, #155, #7211 ) ) ;
#2452 = ADVANCED_FACE ( 'NONE', ( #5369 ), #2436, .T. ) ;
#2453 = CARTESIAN_POINT ( 'NONE',  ( 4.538000000000000256, 4.698999999999999844, 0.3770000000000000018 ) ) ;
#2454 = MANIFOLD_SOLID_BREP ( 'RxxCTxxS_3D_20201005_Pin9', #5846 ) ;
#2455 = ORIENTED_EDGE ( 'NONE', *, *, #3197, .F. ) ;
#2456 = CARTESIAN_POINT ( 'NONE',  ( 3.797000000000000153, -3.429000000000000270, 1.320999999999999952 ) ) ;
#2457 = CARTESIAN_POINT ( 'NONE',  ( 4.089999999999999858, 0.8890000000000000124, 1.066999999999999948 ) ) ;
#2458 = VECTOR ( 'NONE', #4005, 1000.000000000000000 ) ;
#2459 = ORIENTED_EDGE ( 'NONE', *, *, #4048, .F. ) ;
#2460 = ORIENTED_EDGE ( 'NONE', *, *, #5237, .F. ) ;
#2461 = EDGE_CURVE ( 'NONE', #727, #3704, #641, .T. ) ;
#2462 = VERTEX_POINT ( 'NONE', #26 ) ;
#2463 = ORIENTED_EDGE ( 'NONE', *, *, #3463, .T. ) ;
#2464 = ADVANCED_FACE ( 'NONE', ( #6626 ), #4892, .T. ) ;
#2465 = DIRECTION ( 'NONE',  ( 0.2589693139543370881, 0.000000000000000000, 0.9658855493432024764 ) ) ;
#2466 = DIRECTION ( 'NONE',  ( 0.9658855493432024764, 0.000000000000000000, -0.2589693139543370881 ) ) ;
#2467 = EDGE_CURVE ( 'NONE', #6768, #3238, #3635, .T. ) ;
#2468 = MANIFOLD_SOLID_BREP ( 'RxxCTxxS_3D_20201005_Pin5', #2525 ) ;
#2469 = DIRECTION ( 'NONE',  ( 1.000000000000000000, 0.000000000000000000, 0.000000000000000000 ) ) ;
#2470 = FACE_OUTER_BOUND ( 'NONE', #945, .T. ) ;
#2471 = ORIENTED_EDGE ( 'NONE', *, *, #2196, .T. ) ;
#2472 = ADVANCED_FACE ( 'NONE', ( #3169 ), #1849, .T. ) ;
#2473 = EDGE_CURVE ( 'NONE', #7109, #6888, #4732, .T. ) ;
#2474 = DIRECTION ( 'NONE',  ( 0.000000000000000000, -1.000000000000000000, 0.000000000000000000 ) ) ;
#2475 = EDGE_LOOP ( 'NONE', ( #4026, #5231, #3230, #2412 ) ) ;
#2476 = CARTESIAN_POINT ( 'NONE',  ( -4.089999999999999858, 0.8890000000000000124, 1.320999999999999952 ) ) ;
#2477 = DIRECTION ( 'NONE',  ( 0.7931070766835157659, 0.000000000000000000, 0.6090822316522848112 ) ) ;
#2478 = DIRECTION ( 'NONE',  ( 0.000000000000000000, -1.000000000000000000, 0.000000000000000000 ) ) ;
#2479 = CARTESIAN_POINT ( 'NONE',  ( 5.028999999999999915, 0.8890000000000000124, 0.000000000000000000 ) ) ;
#2480 = LINE ( 'NONE', #3216, #7409 ) ;
#2481 = ORIENTED_EDGE ( 'NONE', *, *, #2391, .F. ) ;
#2482 = EDGE_CURVE ( 'NONE', #6222, #4815, #3092, .T. ) ;
#2483 = CARTESIAN_POINT ( 'NONE',  ( 4.783000000000000362, 2.920999999999999819, 0.4420000000000000040 ) ) ;
#2484 =( NAMED_UNIT ( * ) SI_UNIT ( $, .STERADIAN. ) SOLID_ANGLE_UNIT ( ) );
#2485 = ORIENTED_EDGE ( 'NONE', *, *, #6552, .F. ) ;
#2486 = CARTESIAN_POINT ( 'NONE',  ( -4.334999999999999964, 2.158999999999999808, 1.132999999999999785 ) ) ;
#2487 = FACE_OUTER_BOUND ( 'NONE', #1294, .T. ) ;
#2488 = DIRECTION ( 'NONE',  ( 0.000000000000000000, -1.000000000000000000, 0.000000000000000000 ) ) ;
#2489 = ORIENTED_EDGE ( 'NONE', *, *, #7, .F. ) ;
#2490 = CARTESIAN_POINT ( 'NONE',  ( 5.028999999999999915, -3.429000000000000270, 0.000000000000000000 ) ) ;
#2491 = EDGE_CURVE ( 'NONE', #7583, #4387, #136, .T. ) ;
#2492 = ORIENTED_EDGE ( 'NONE', *, *, #6889, .T. ) ;
#2493 = CARTESIAN_POINT ( 'NONE',  ( 4.580830753584762327, -0.7196666666666667878, 1.197954844642777461 ) ) ;
#2494 = AXIS2_PLACEMENT_3D ( 'NONE', #3222, #4414, #268 ) ;
#2495 = DIRECTION ( 'NONE',  ( 0.000000000000000000, 0.000000000000000000, -1.000000000000000000 ) ) ;
#2496 = ADVANCED_FACE ( 'NONE', ( #4928 ), #6700, .T. ) ;
#2497 = ORIENTED_EDGE ( 'NONE', *, *, #4817, .F. ) ;
#2498 = AXIS2_PLACEMENT_3D ( 'NONE', #2201, #1056, #4233 ) ;
#2499 = ORIENTED_EDGE ( 'NONE', *, *, #43, .T. ) ;
#2500 = EDGE_LOOP ( 'NONE', ( #1566, #6393, #226, #4192 ) ) ;
#2501 = ORIENTED_EDGE ( 'NONE', *, *, #5394, .F. ) ;
#2502 = B_SPLINE_CURVE_WITH_KNOTS ( 'NONE', 3,
 ( #6592, #1286, #2367, #5445 ),
 .UNSPECIFIED., .F., .F.,
 ( 4, 4 ),
 ( 0.000000000000000000, 1.000000000000000000 ),
 .UNSPECIFIED. ) ;
#2503 = FACE_OUTER_BOUND ( 'NONE', #1548, .T. ) ;
#2504 = DIRECTION ( 'NONE',  ( 0.000000000000000000, 1.000000000000000000, 0.000000000000000000 ) ) ;
#2505 = PLANE ( 'NONE',  #3289 ) ;
#2506 = ADVANCED_FACE ( 'NONE', ( #2470 ), #1886, .T. ) ;
#2507 = DIRECTION ( 'NONE',  ( 0.000000000000000000, 0.000000000000000000, -1.000000000000000000 ) ) ;
#2508 = ORIENTED_EDGE ( 'NONE', *, *, #3515, .T. ) ;
#2509 = DIRECTION ( 'NONE',  ( 0.000000000000000000, 0.000000000000000000, -1.000000000000000000 ) ) ;
#2510 = ORIENTED_EDGE ( 'NONE', *, *, #5978, .F. ) ;
#2511 = CARTESIAN_POINT ( 'NONE',  ( -4.470144042195333789, 3.429000000000000270, 0.6289492480282171671 ) ) ;
#2512 = LINE ( 'NONE', #7022, #7237 ) ;
#2513 = LINE ( 'NONE', #183, #2346 ) ;
#2514 = DIRECTION ( 'NONE',  ( 0.000000000000000000, 1.000000000000000000, 0.000000000000000000 ) ) ;
#2515 = CARTESIAN_POINT ( 'NONE',  ( -5.321000000000000618, 4.191000000000000725, 0.2540000000000000036 ) ) ;
#2516 = ORIENTED_EDGE ( 'NONE', *, *, #221, .T. ) ;
#2517 = DIRECTION ( 'NONE',  ( -0.9658855493432024764, 0.000000000000000000, 0.2589693139543370881 ) ) ;
#2518 = DIRECTION ( 'NONE',  ( 0.000000000000000000, 0.000000000000000000, 1.000000000000000000 ) ) ;
#2519 = ORIENTED_EDGE ( 'NONE', *, *, #5733, .T. ) ;
#2520 = CARTESIAN_POINT ( 'NONE',  ( 4.538169246415237446, 3.259666666666666490, 0.3770451553572226611 ) ) ;
#2521 = LINE ( 'NONE', #4871, #102 ) ;
#2522 = EDGE_CURVE ( 'NONE', #2642, #3029, #5476, .T. ) ;
#2523 = CYLINDRICAL_SURFACE ( 'NONE', #1804, 0.2540000000000000036 ) ;
#2524 = B_SPLINE_CURVE_WITH_KNOTS ( 'NONE', 3,
 ( #5401, #7011, #6540, #705 ),
 .UNSPECIFIED., .F., .F.,
 ( 4, 4 ),
 ( 0.000000000000000000, 1.000000000000000000 ),
 .UNSPECIFIED. ) ;
#2525 = CLOSED_SHELL ( 'NONE', ( #2496, #3378, #241, #1195, #917, #6778, #3831, #4230, #7553, #4846, #3744, #4643, #3645, #1295 ) ) ;
#2526 = ORIENTED_EDGE ( 'NONE', *, *, #874, .F. ) ;
#2527 = CARTESIAN_POINT ( 'NONE',  ( -5.028999999999999915, 4.698999999999999844, 0.000000000000000000 ) ) ;
#2528 = VECTOR ( 'NONE', #4118, 1000.000000000000000 ) ;
#2529 = ORIENTED_EDGE ( 'NONE', *, *, #2812, .F. ) ;
#2530 = DIRECTION ( 'NONE',  ( -1.000000000000000000, 0.000000000000000000, 0.000000000000000000 ) ) ;
#2531 = VECTOR ( 'NONE', #4723, 1000.000000000000000 ) ;
#2532 = CARTESIAN_POINT ( 'NONE',  ( -5.321000000000000618, -4.191000000000000725, 0.2540000000000000036 ) ) ;
#2533 = EDGE_LOOP ( 'NONE', ( #310, #4607, #6404, #2425 ) ) ;
#2534 = VECTOR ( 'NONE', #2983, 1000.000000000000000 ) ;
#2535 = ORIENTED_EDGE ( 'NONE', *, *, #3550, .F. ) ;
#2536 = ORIENTED_EDGE ( 'NONE', *, *, #2561, .F. ) ;
#2537 = DIRECTION ( 'NONE',  ( -0.2589693139543370881, 0.000000000000000000, 0.9658855493432024764 ) ) ;
#2538 = CARTESIAN_POINT ( 'NONE',  ( -4.581000000000000405, 4.191000000000000725, 1.197999999999999954 ) ) ;
#2539 = AXIS2_PLACEMENT_3D ( 'NONE', #4259, #803, #591 ) ;
#2540 = AXIS2_PLACEMENT_3D ( 'NONE', #4102, #6481, #28 ) ;
#2541 = CARTESIAN_POINT ( 'NONE',  ( -4.334999999999999964, -1.650999999999999801, 1.132999999999999785 ) ) ;
#2542 = LINE ( 'NONE', #3782, #1414 ) ;
#2543 = ORIENTED_EDGE ( 'NONE', *, *, #4459, .T. ) ;
#2544 = EDGE_CURVE ( 'NONE', #1732, #3013, #3674, .T. ) ;
#2545 = VECTOR ( 'NONE', #3458, 1000.000000000000000 ) ;
#2546 = AXIS2_PLACEMENT_3D ( 'NONE', #4447, #6870, #947 ) ;
#2547 = CARTESIAN_POINT ( 'NONE',  ( -5.028999999999999915, 3.429000000000000270, 0.2540000000000000036 ) ) ;
#2548 = CARTESIAN_POINT ( 'NONE',  ( 4.538000000000000256, -2.920999999999999819, 0.3770000000000000018 ) ) ;
#2549 = DIRECTION ( 'NONE',  ( -0.000000000000000000, 1.000000000000000000, 0.000000000000000000 ) ) ;
#2550 = LINE ( 'NONE', #2625, #4796 ) ;
#2551 = CARTESIAN_POINT ( 'NONE',  ( -4.335256734746894658, -1.820333333333333359, 1.133069161197122865 ) ) ;
#2552 = B_SPLINE_CURVE_WITH_KNOTS ( 'NONE', 3,
 ( #4747, #4110, #2372, #2294 ),
 .UNSPECIFIED., .F., .F.,
 ( 4, 4 ),
 ( 0.000000000000000000, 1.000000000000000000 ),
 .UNSPECIFIED. ) ;
#2553 = CARTESIAN_POINT ( 'NONE',  ( -4.538000000000000256, -2.158999999999999808, 0.3770000000000000018 ) ) ;
#2554 = VERTEX_POINT ( 'NONE', #5437 ) ;
#2555 = PLANE ( 'NONE',  #5266 ) ;
#2556 = CARTESIAN_POINT ( 'NONE',  ( -4.089999999999999858, 2.920999999999999819, 1.574999999999999956 ) ) ;
#2557 = ORIENTED_EDGE ( 'NONE', *, *, #331, .F. ) ;
#2558 = EDGE_CURVE ( 'NONE', #2782, #1759, #5493, .T. ) ;
#2559 = CARTESIAN_POINT ( 'NONE',  ( -5.321000000000000618, -0.8890000000000000124, 0.2540000000000000036 ) ) ;
#2560 = ORIENTED_EDGE ( 'NONE', *, *, #6711, .T. ) ;
#2561 = EDGE_CURVE ( 'NONE', #6107, #5961, #2542, .T. ) ;
#2562 = EDGE_CURVE ( 'NONE', #5894, #7053, #6585, .T. ) ;
#2563 = CARTESIAN_POINT ( 'NONE',  ( -5.321000000000000618, 0.8890000000000000124, 0.000000000000000000 ) ) ;
#2564 = CARTESIAN_POINT ( 'NONE',  ( 5.321000000000000618, 1.650999999999999801, 0.000000000000000000 ) ) ;
#2565 = EDGE_LOOP ( 'NONE', ( #3579, #7400, #4122, #6120, #3220, #6928, #5813, #4939, #6914, #6419, #2, #4135 ) ) ;
#2566 = CARTESIAN_POINT ( 'NONE',  ( -3.797000000000000153, 4.698999999999999844, 1.320999999999999952 ) ) ;
#2567 = FILL_AREA_STYLE_COLOUR ( '', #937 ) ;
#2568 = CIRCLE ( 'NONE', #5161, 0.2539999999999996705 ) ;
#2569 = ADVANCED_FACE ( 'NONE', ( #3860 ), #6280, .T. ) ;
#2570 = ORIENTED_EDGE ( 'NONE', *, *, #3853, .F. ) ;
#2571 = LINE ( 'NONE', #4916, #3367 ) ;
#2572 = DIRECTION ( 'NONE',  ( 0.000000000000000000, 1.000000000000000000, 0.000000000000000000 ) ) ;
#2573 =( NAMED_UNIT ( * ) PLANE_ANGLE_UNIT ( ) SI_UNIT ( $, .RADIAN. ) );
#2574 = CIRCLE ( 'NONE', #2080, 0.2539999999999996705 ) ;
#2575 = ORIENTED_EDGE ( 'NONE', *, *, #6094, .F. ) ;
#2576 = ORIENTED_EDGE ( 'NONE', *, *, #6150, .F. ) ;
#2577 = EDGE_LOOP ( 'NONE', ( #1483, #2987, #6221, #1707 ) ) ;
#2578 = CARTESIAN_POINT ( 'NONE',  ( -4.716099332124954024, -4.698999999999999844, 0.6941160045069316720 ) ) ;
#2579 = CARTESIAN_POINT ( 'NONE',  ( -4.580830753584762327, 4.360333333333333172, 1.197954844642777461 ) ) ;
#2580 = DIRECTION ( 'NONE',  ( 0.000000000000000000, -1.000000000000000000, 0.000000000000000000 ) ) ;
#2581 = DIRECTION ( 'NONE',  ( 0.000000000000000000, 1.000000000000000000, 0.000000000000000000 ) ) ;
#2582 = CIRCLE ( 'NONE', #3208, 0.5080000000000001181 ) ;
#2583 = ORIENTED_EDGE ( 'NONE', *, *, #2391, .T. ) ;
#2584 = LINE ( 'NONE', #1462, #815 ) ;
#2585 = DIRECTION ( 'NONE',  ( 0.000000000000000000, 0.000000000000000000, -1.000000000000000000 ) ) ;
#2586 = CARTESIAN_POINT ( 'NONE',  ( -4.783000000000000362, 0.3810000000000000053, 0.4420000000000000040 ) ) ;
#2587 = CARTESIAN_POINT ( 'NONE',  ( -4.089999999999999858, 0.8890000000000000124, 1.574999999999999956 ) ) ;
#2588 = DIRECTION ( 'NONE',  ( 0.000000000000000000, -1.000000000000000000, 0.000000000000000000 ) ) ;
#2589 = EDGE_CURVE ( 'NONE', #2731, #4228, #6744, .T. ) ;
#2590 = DIRECTION ( 'NONE',  ( 0.000000000000000000, -1.000000000000000000, 0.000000000000000000 ) ) ;
#2591 = VERTEX_POINT ( 'NONE', #1460 ) ;
#2592 = FACE_OUTER_BOUND ( 'NONE', #4845, .T. ) ;
#2593 = CARTESIAN_POINT ( 'NONE',  ( -5.321000000000000618, -4.191000000000000725, 0.2540000000000000036 ) ) ;
#2594 = VERTEX_POINT ( 'NONE', #1582 ) ;
#2595 = CARTESIAN_POINT ( 'NONE',  ( -4.334999999999999964, -0.3810000000000000053, 1.132999999999999785 ) ) ;
#2596 = SURFACE_STYLE_FILL_AREA ( #3147 ) ;
#2597 = DIRECTION ( 'NONE',  ( -1.000000000000000000, 0.000000000000000000, 0.000000000000000000 ) ) ;
#2598 = CYLINDRICAL_SURFACE ( 'NONE', #4388, 0.5080000000000000071 ) ;
#2599 = EDGE_CURVE ( 'NONE', #4777, #3217, #1726, .T. ) ;
#2600 = ORIENTED_EDGE ( 'NONE', *, *, #1577, .T. ) ;
#2601 = DIRECTION ( 'NONE',  ( 0.000000000000000000, 0.09603645275204204801, -0.9953778175862694200 ) ) ;
#2602 = ADVANCED_FACE ( 'NONE', ( #4471 ), #896, .T. ) ;
#2603 = FILL_AREA_STYLE ('',( #4876 ) ) ;
#2604 = MANIFOLD_SOLID_BREP ( 'RxxCTxxS_3D_20201005_Pin10', #6460 ) ;
#2605 = ORIENTED_EDGE ( 'NONE', *, *, #3694, .F. ) ;
#2606 = CARTESIAN_POINT ( 'NONE',  ( 3.620000000000000107, 5.142999999999999794, 0.2540000000000000036 ) ) ;
#2607 = DIRECTION ( 'NONE',  ( 0.000000000000000000, -1.000000000000000000, 0.000000000000000000 ) ) ;
#2608 = DIRECTION ( 'NONE',  ( -0.9658855493432024764, 0.000000000000000000, -0.2589693139543370881 ) ) ;
#2609 = COLOUR_RGB ( '',0.7215686274509803821, 0.7215686274509803821, 0.7215686274509803821 ) ;
#2610 = ORIENTED_EDGE ( 'NONE', *, *, #1434, .F. ) ;
#2611 = AXIS2_PLACEMENT_3D ( 'NONE', #2215, #6376, #6261 ) ;
#2612 = AXIS2_PLACEMENT_3D ( 'NONE', #1068, #3456, #1105 ) ;
#2613 = VERTEX_POINT ( 'NONE', #7313 ) ;
#2614 = CARTESIAN_POINT ( 'NONE',  ( 5.321000000000000618, 4.191000000000000725, 0.000000000000000000 ) ) ;
#2615 = PLANE ( 'NONE',  #3936 ) ;
#2616 = CIRCLE ( 'NONE', #3983, 0.5080000000000001181 ) ;
#2617 = MANIFOLD_SOLID_BREP ( 'RxxCTxxS_3D_20201005_Pin12', #4856 ) ;
#2618 = DIRECTION ( 'NONE',  ( 0.000000000000000000, -1.000000000000000000, 0.000000000000000000 ) ) ;
#2619 = EDGE_CURVE ( 'NONE', #1044, #1168, #1298, .T. ) ;
#2620 = ORIENTED_EDGE ( 'NONE', *, *, #6183, .T. ) ;
#2621 = EDGE_LOOP ( 'NONE', ( #2043, #6663, #6470, #2980, #7154, #1610, #6658, #1376, #3554, #6767, #7105, #763 ) ) ;
#2622 = LINE ( 'NONE', #3786, #5135 ) ;
#2623 = DIRECTION ( 'NONE',  ( 0.000000000000000000, 1.000000000000000000, 0.000000000000000000 ) ) ;
#2624 = DIRECTION ( 'NONE',  ( 0.000000000000000000, 1.000000000000000000, 0.000000000000000000 ) ) ;
#2625 = CARTESIAN_POINT ( 'NONE',  ( -3.797000000000000153, 2.920999999999999819, 1.574999999999999956 ) ) ;
#2626 = DIRECTION ( 'NONE',  ( 0.000000000000000000, 1.000000000000000000, 0.000000000000000000 ) ) ;
#2627 = MANIFOLD_SOLID_BREP ( 'RxxCTxxS_3D_20201005_Pin16', #813 ) ;
#2628 = DIRECTION ( 'NONE',  ( 0.000000000000000000, -1.000000000000000000, 0.000000000000000000 ) ) ;
#2629 = VERTEX_POINT ( 'NONE', #4760 ) ;
#2630 = LINE ( 'NONE', #4411, #5753 ) ;
#2631 = ADVANCED_FACE ( 'NONE', ( #5955 ), #1495, .T. ) ;
#2632 = DIRECTION ( 'NONE',  ( -1.000000000000000000, 0.000000000000000000, 0.000000000000000000 ) ) ;
#2633 = ORIENTED_EDGE ( 'NONE', *, *, #3709, .F. ) ;
#2634 = CARTESIAN_POINT ( 'NONE',  ( -5.028999999999999915, 1.650999999999999801, 0.5080000000000000071 ) ) ;
#2635 = FACE_OUTER_BOUND ( 'NONE', #175, .T. ) ;
#2636 = FACE_OUTER_BOUND ( 'NONE', #281, .T. ) ;
#2637 = CARTESIAN_POINT ( 'NONE',  ( -4.538000000000000256, 0.8890000000000000124, 0.3770000000000000018 ) ) ;
#2638 = ORIENTED_EDGE ( 'NONE', *, *, #2661, .T. ) ;
#2639 = CARTESIAN_POINT ( 'NONE',  ( 5.028999999999999915, -0.3810000000000000053, 0.000000000000000000 ) ) ;
#2640 = SURFACE_STYLE_FILL_AREA ( #3804 ) ;
#2641 = EDGE_CURVE ( 'NONE', #92, #1353, #6867, .T. ) ;
#2642 = VERTEX_POINT ( 'NONE', #693 ) ;
#2643 = EDGE_LOOP ( 'NONE', ( #543, #7389, #1852, #6574 ) ) ;
#2644 = CARTESIAN_POINT ( 'NONE',  ( 4.089999999999999858, -1.650999999999999801, 1.574999999999999956 ) ) ;
#2645 = FACE_OUTER_BOUND ( 'NONE', #4703, .T. ) ;
#2646 = DIRECTION ( 'NONE',  ( 0.000000000000000000, 0.000000000000000000, -1.000000000000000000 ) ) ;
#2647 = EDGE_CURVE ( 'NONE', #3300, #4839, #734, .T. ) ;
#2648 = ORIENTED_EDGE ( 'NONE', *, *, #5057, .T. ) ;
#2649 = AXIS2_PLACEMENT_3D ( 'NONE', #3862, #2742, #1540 ) ;
#2650 = ORIENTED_EDGE ( 'NONE', *, *, #4247, .F. ) ;
#2651 = EDGE_CURVE ( 'NONE', #6434, #2444, #3040, .T. ) ;
#2652 = DIRECTION ( 'NONE',  ( 0.000000000000000000, 0.000000000000000000, 1.000000000000000000 ) ) ;
#2653 = LINE ( 'NONE', #1388, #5288 ) ;
#2654 = EDGE_CURVE ( 'NONE', #7271, #5379, #7145, .T. ) ;
#2655 = VECTOR ( 'NONE', #1939, 1000.000000000000000 ) ;
#2656 = LINE ( 'NONE', #4353, #3547 ) ;
#2657 = EDGE_LOOP ( 'NONE', ( #3646, #5370, #1535, #161, #2069, #4237, #2836, #20, #5781, #1835, #4614, #6315 ) ) ;
#2658 = CIRCLE ( 'NONE', #7203, 0.5080000000000001181 ) ;
#2659 = CARTESIAN_POINT ( 'NONE',  ( 4.783000000000000362, -4.698999999999999844, 0.4420000000000000040 ) ) ;
#2660 = ORIENTED_EDGE ( 'NONE', *, *, #2768, .F. ) ;
#2661 = EDGE_CURVE ( 'NONE', #724, #7307, #4262, .T. ) ;
#2662 = MECHANICAL_DESIGN_GEOMETRIC_PRESENTATION_REPRESENTATION (  '', ( #2424 ), #7448 ) ;
#2663 = CARTESIAN_POINT ( 'NONE',  ( 5.321000000000000618, -3.429000000000000270, 0.000000000000000000 ) ) ;
#2664 = VECTOR ( 'NONE', #5972, 1000.000000000000000 ) ;
#2665 = DIRECTION ( 'NONE',  ( -0.000000000000000000, 0.9974025331495797175, 0.07202906959555638311 ) ) ;
#2666 = CARTESIAN_POINT ( 'NONE',  ( -4.089999999999999858, -3.429000000000000270, 1.066999999999999948 ) ) ;
#2667 = LINE ( 'NONE', #2052, #7134 ) ;
#2668 = DIRECTION ( 'NONE',  ( 0.000000000000000000, 0.000000000000000000, 1.000000000000000000 ) ) ;
#2669 = AXIS2_PLACEMENT_3D ( 'NONE', #2563, #6104, #3224 ) ;
#2670 = LINE ( 'NONE', #5058, #5080 ) ;
#2671 = EDGE_LOOP ( 'NONE', ( #3669, #2726, #631, #6268 ) ) ;
#2672 = DIRECTION ( 'NONE',  ( 0.000000000000000000, 1.000000000000000000, 0.000000000000000000 ) ) ;
#2673 = CARTESIAN_POINT ( 'NONE',  ( -4.089999999999999858, -1.650999999999999801, 1.066999999999999948 ) ) ;
#2674 = ORIENTED_EDGE ( 'NONE', *, *, #1351, .F. ) ;
#2675 = CARTESIAN_POINT ( 'NONE',  ( -3.797000000000000153, -4.191000000000000725, 1.320999999999999952 ) ) ;
#2676 = DIRECTION ( 'NONE',  ( 1.000000000000000000, 0.000000000000000000, 0.000000000000000000 ) ) ;
#2677 = CIRCLE ( 'NONE', #5389, 0.5080000000000001181 ) ;
#2678 = AXIS2_PLACEMENT_3D ( 'NONE', #5527, #3104, #227 ) ;
#2679 = CARTESIAN_POINT ( 'NONE',  ( 5.028999999999999915, -4.191000000000000725, 0.5080000000000000071 ) ) ;
#2680 = DIRECTION ( 'NONE',  ( -1.000000000000000000, 0.000000000000000000, 0.000000000000000000 ) ) ;
#2681 = ORIENTED_EDGE ( 'NONE', *, *, #1303, .F. ) ;
#2682 = CARTESIAN_POINT ( 'NONE',  ( -4.089999999999999858, -1.650999999999999801, 1.320999999999999952 ) ) ;
#2683 = CARTESIAN_POINT ( 'NONE',  ( -5.321000000000000618, 2.920999999999999819, 0.000000000000000000 ) ) ;
#2684 = ORIENTED_EDGE ( 'NONE', *, *, #6160, .F. ) ;
#2685 = ORIENTED_EDGE ( 'NONE', *, *, #3206, .T. ) ;
#2686 = DIRECTION ( 'NONE',  ( 0.000000000000000000, 0.000000000000000000, 1.000000000000000000 ) ) ;
#2687 = ORIENTED_EDGE ( 'NONE', *, *, #536, .T. ) ;
#2688 = EDGE_CURVE ( 'NONE', #4682, #70, #2035, .T. ) ;
#2689 = PLANE ( 'NONE',  #1243 ) ;
#2690 = EDGE_CURVE ( 'NONE', #6493, #4159, #4187, .T. ) ;
#2691 = ORIENTED_EDGE ( 'NONE', *, *, #4419, .T. ) ;
#2692 = EDGE_LOOP ( 'NONE', ( #800, #5845, #6043, #6155 ) ) ;
#2693 = CARTESIAN_POINT ( 'NONE',  ( 4.580830753584762327, -3.259666666666666490, 1.197954844642777461 ) ) ;
#2694 = DIRECTION ( 'NONE',  ( 0.000000000000000000, 0.000000000000000000, 1.000000000000000000 ) ) ;
#2695 = AXIS2_PLACEMENT_3D ( 'NONE', #1279, #1314, #7588 ) ;
#2696 = LINE ( 'NONE', #3327, #3778 ) ;
#2697 = ORIENTED_EDGE ( 'NONE', *, *, #919, .T. ) ;
#2698 = ADVANCED_FACE ( 'NONE', ( #1343 ), #1196, .T. ) ;
#2699 = PRESENTATION_STYLE_ASSIGNMENT (( #3244 ) ) ;
#2700 = VERTEX_POINT ( 'NONE', #587 ) ;
#2701 = EDGE_CURVE ( 'NONE', #1875, #4585, #2933, .T. ) ;
#2702 = ADVANCED_FACE ( 'NONE', ( #5279 ), #10, .F. ) ;
#2703 = DIRECTION ( 'NONE',  ( -0.7931070766835157659, 0.000000000000000000, -0.6090822316522849222 ) ) ;
#2704 = DIRECTION ( 'NONE',  ( 0.000000000000000000, 0.000000000000000000, 1.000000000000000000 ) ) ;
#2705 = PLANE ( 'NONE',  #377 ) ;
#2706 = LINE ( 'NONE', #6092, #4945 ) ;
#2707 = LINE ( 'NONE', #7551, #588 ) ;
#2708 = VECTOR ( 'NONE', #4882, 1000.000000000000000 ) ;
#2709 = EDGE_CURVE ( 'NONE', #2188, #835, #6579, .T. ) ;
#2710 = FACE_OUTER_BOUND ( 'NONE', #3939, .T. ) ;
#2711 = EDGE_CURVE ( 'NONE', #4752, #7034, #6531, .T. ) ;
#2712 = ORIENTED_EDGE ( 'NONE', *, *, #5518, .F. ) ;
#2713 = LINE ( 'NONE', #4598, #4885 ) ;
#2714 = CARTESIAN_POINT ( 'NONE',  ( -5.028999999999999915, 2.158999999999999808, 0.5080000000000000071 ) ) ;
#2715 = ORIENTED_EDGE ( 'NONE', *, *, #6367, .T. ) ;
#2716 = CARTESIAN_POINT ( 'NONE',  ( -4.335256734746894658, -0.7196666666666667878, 1.133069161197122865 ) ) ;
#2717 = VERTEX_POINT ( 'NONE', #5033 ) ;
#2718 = DIRECTION ( 'NONE',  ( -1.000000000000000000, 0.000000000000000000, 0.000000000000000000 ) ) ;
#2719 = SURFACE_STYLE_USAGE ( .BOTH. , #387 ) ;
#2720 = ORIENTED_EDGE ( 'NONE', *, *, #5213, .T. ) ;
#2721 = EDGE_CURVE ( 'NONE', #2297, #2824, #4983, .T. ) ;
#2722 = FACE_OUTER_BOUND ( 'NONE', #379, .T. ) ;
#2723 = B_SPLINE_CURVE_WITH_KNOTS ( 'NONE', 3,
 ( #608, #1742, #1252, #3020 ),
 .UNSPECIFIED., .F., .F.,
 ( 4, 4 ),
 ( 0.000000000000000000, 1.000000000000000000 ),
 .UNSPECIFIED. ) ;
#2724 = ORIENTED_EDGE ( 'NONE', *, *, #1049, .F. ) ;
#2725 = MANIFOLD_SOLID_BREP ( 'RxxCTxxS_3D_20201005_Pin8', #4336 ) ;
#2726 = ORIENTED_EDGE ( 'NONE', *, *, #3559, .F. ) ;
#2727 = DIRECTION ( 'NONE',  ( 0.000000000000000000, 1.000000000000000000, 0.000000000000000000 ) ) ;
#2728 = ORIENTED_EDGE ( 'NONE', *, *, #733, .T. ) ;
#2729 = LINE ( 'NONE', #435, #4311 ) ;
#2730 = DIRECTION ( 'NONE',  ( -0.2589693139543370881, 0.000000000000000000, 0.9658855493432024764 ) ) ;
#2731 = VERTEX_POINT ( 'NONE', #3732 ) ;
#2732 = ORIENTED_EDGE ( 'NONE', *, *, #514, .F. ) ;
#2733 = EDGE_CURVE ( 'NONE', #3401, #6193, #806, .T. ) ;
#2734 = CYLINDRICAL_SURFACE ( 'NONE', #14, 0.5080000000000000071 ) ;
#2735 = MANIFOLD_SOLID_BREP ( 'RxxCTxxS_3D_20201005_Pin11', #1064 ) ;
#2736 = CARTESIAN_POINT ( 'NONE',  ( -4.334999999999999964, 3.429000000000000270, 1.132999999999999785 ) ) ;
#2737 = ORIENTED_EDGE ( 'NONE', *, *, #3006, .F. ) ;
#2738 = VECTOR ( 'NONE', #3999, 1000.000000000000000 ) ;
#2739 = VECTOR ( 'NONE', #7568, 1000.000000000000000 ) ;
#2740 = CARTESIAN_POINT ( 'NONE',  ( -3.442000000000000171, -5.168999999999999595, 2.641999999999999904 ) ) ;
#2741 = ORIENTED_EDGE ( 'NONE', *, *, #4429, .F. ) ;
#2742 = DIRECTION ( 'NONE',  ( 0.000000000000000000, 1.000000000000000000, 0.000000000000000000 ) ) ;
#2743 = VECTOR ( 'NONE', #7365, 1000.000000000000000 ) ;
#2744 = CARTESIAN_POINT ( 'NONE',  ( 3.797000000000000153, -0.8890000000000000124, 1.320999999999999952 ) ) ;
#2745 = DIRECTION ( 'NONE',  ( 0.000000000000000000, 1.000000000000000000, 0.000000000000000000 ) ) ;
#2746 = CARTESIAN_POINT ( 'NONE',  ( 5.028999999999999915, 4.698999999999999844, 0.5080000000000000071 ) ) ;
#2747 = AXIS2_PLACEMENT_3D ( 'NONE', #1211, #3055, #5859 ) ;
#2748 = CARTESIAN_POINT ( 'NONE',  ( 1.265666666666666718, 5.244504113622239672, 1.306047844313835249 ) ) ;
#2749 = EDGE_CURVE ( 'NONE', #120, #2312, #6765, .T. ) ;
#2750 = EDGE_CURVE ( 'NONE', #5633, #6117, #848, .T. ) ;
#2751 = DIRECTION ( 'NONE',  ( 0.000000000000000000, 1.000000000000000000, 0.000000000000000000 ) ) ;
#2752 = ORIENTED_EDGE ( 'NONE', *, *, #844, .F. ) ;
#2753 = CARTESIAN_POINT ( 'NONE',  ( 5.028999999999999915, -1.650999999999999801, 0.5080000000000000071 ) ) ;
#2754 = AXIS2_PLACEMENT_3D ( 'NONE', #6622, #1387, #2537 ) ;
#2755 = CARTESIAN_POINT ( 'NONE',  ( -4.089999999999999858, 3.429000000000000270, 1.574999999999999956 ) ) ;
#2756 = ORIENTED_EDGE ( 'NONE', *, *, #5630, .T. ) ;
#2757 = DIRECTION ( 'NONE',  ( 1.000000000000000000, 0.000000000000000000, 0.000000000000000000 ) ) ;
#2758 = DIRECTION ( 'NONE',  ( 0.7931070766835157659, 0.000000000000000000, 0.6090822316522848112 ) ) ;
#2759 = CARTESIAN_POINT ( 'NONE',  ( -3.797000000000000153, -1.650999999999999801, 1.320999999999999952 ) ) ;
#2760 = CARTESIAN_POINT ( 'NONE',  ( 3.797000000000000153, -4.698999999999999844, 1.320999999999999952 ) ) ;
#2761 = ORIENTED_EDGE ( 'NONE', *, *, #6131, .T. ) ;
#2762 = CARTESIAN_POINT ( 'NONE',  ( 4.089999999999999858, -4.698999999999999844, 1.066999999999999948 ) ) ;
#2763 = CARTESIAN_POINT ( 'NONE',  ( -4.783000000000000362, 0.8890000000000000124, 0.4420000000000000040 ) ) ;
#2764 = DIRECTION ( 'NONE',  ( 0.000000000000000000, 0.000000000000000000, 1.000000000000000000 ) ) ;
#2765 = VERTEX_POINT ( 'NONE', #3229 ) ;
#2766 = ORIENTED_EDGE ( 'NONE', *, *, #636, .T. ) ;
#2767 = CARTESIAN_POINT ( 'NONE',  ( 5.028999999999999915, 0.3810000000000000053, 0.5080000000000000071 ) ) ;
#2768 = EDGE_CURVE ( 'NONE', #4560, #5417, #4745, .T. ) ;
#2769 = ORIENTED_EDGE ( 'NONE', *, *, #1629, .T. ) ;
#2770 = DIRECTION ( 'NONE',  ( 0.9658855493432024764, 0.000000000000000000, -0.2589693139543370881 ) ) ;
#2771 = CARTESIAN_POINT ( 'NONE',  ( 3.797000000000000153, -2.158999999999999808, 1.320999999999999952 ) ) ;
#2772 = VERTEX_POINT ( 'NONE', #2029 ) ;
#2773 = ORIENTED_EDGE ( 'NONE', *, *, #3843, .T. ) ;
#2774 =( NAMED_UNIT ( * ) PLANE_ANGLE_UNIT ( ) SI_UNIT ( $, .RADIAN. ) );
#2775 = FACE_OUTER_BOUND ( 'NONE', #3858, .T. ) ;
#2776 = MANIFOLD_SOLID_BREP ( 'RxxCTxxS_3D_20201005_Pin3', #6090 ) ;
#2777 = AXIS2_PLACEMENT_3D ( 'NONE', #59, #7086, #100 ) ;
#2778 = CARTESIAN_POINT ( 'NONE',  ( 5.028999999999999915, 4.698999999999999844, 0.000000000000000000 ) ) ;
#2779 = ORIENTED_EDGE ( 'NONE', *, *, #3969, .F. ) ;
#2780 = CLOSED_SHELL ( 'NONE', ( #1876, #7353, #454, #7107, #4167, #5333, #5920, #1662, #7344, #3284, #2039, #3978, #6988, #2698 ) ) ;
#2781 = VECTOR ( 'NONE', #7392, 1000.000000000000000 ) ;
#2782 = VERTEX_POINT ( 'NONE', #1040 ) ;
#2783 = CARTESIAN_POINT ( 'NONE',  ( -3.797000000000000153, 1.650999999999999801, 1.320999999999999952 ) ) ;
#2784 = CYLINDRICAL_SURFACE ( 'NONE', #3118, 0.2540000000000000036 ) ;
#2785 = CARTESIAN_POINT ( 'NONE',  ( 4.334999999999999964, -3.429000000000000270, 1.132999999999999785 ) ) ;
#2786 = AXIS2_PLACEMENT_3D ( 'NONE', #1189, #69, #4680 ) ;
#2787 = CARTESIAN_POINT ( 'NONE',  ( 4.470144042195333789, 2.920999999999999819, 0.6289492480282171671 ) ) ;
#2788 = FACE_OUTER_BOUND ( 'NONE', #5916, .T. ) ;
#2789 = ADVANCED_FACE ( 'NONE', ( #1606 ), #4380, .F. ) ;
#2790 = DIRECTION ( 'NONE',  ( 0.000000000000000000, 0.000000000000000000, -1.000000000000000000 ) ) ;
#2791 = AXIS2_PLACEMENT_3D ( 'NONE', #1814, #5967, #7158 ) ;
#2792 = ORIENTED_EDGE ( 'NONE', *, *, #1896, .T. ) ;
#2793 = AXIS2_PLACEMENT_3D ( 'NONE', #5871, #5940, #5260 ) ;
#2794 = DIRECTION ( 'NONE',  ( 0.000000000000000000, -1.000000000000000000, 0.000000000000000000 ) ) ;
#2795 = CARTESIAN_POINT ( 'NONE',  ( 5.028999999999999915, 2.158999999999999808, 0.5080000000000000071 ) ) ;
#2796 = ORIENTED_EDGE ( 'NONE', *, *, #1504, .T. ) ;
#2797 = LINE ( 'NONE', #995, #2127 ) ;
#2798 = CARTESIAN_POINT ( 'NONE',  ( -4.089999999999999858, -2.920999999999999819, 1.066999999999999948 ) ) ;
#2799 = LINE ( 'NONE', #2140, #3282 ) ;
#2800 = AXIS2_PLACEMENT_3D ( 'NONE', #3838, #845, #4946 ) ;
#2801 = AXIS2_PLACEMENT_3D ( 'NONE', #4403, #5480, #4321 ) ;
#2802 = DIRECTION ( 'NONE',  ( 1.000000000000000000, 0.000000000000000000, 0.000000000000000000 ) ) ;
#2803 = FACE_OUTER_BOUND ( 'NONE', #3368, .T. ) ;
#2804 = ADVANCED_FACE ( 'NONE', ( #2144 ), #6296, .T. ) ;
#2805 = VECTOR ( 'NONE', #3470, 1000.000000000000000 ) ;
#2806 = FILL_AREA_STYLE_COLOUR ( '', #5497 ) ;
#2807 = ORIENTED_EDGE ( 'NONE', *, *, #2812, .T. ) ;
#2808 = MANIFOLD_SOLID_BREP ( 'RxxCTxxS_3D_20201005_Pin13', #7188 ) ;
#2809 = EDGE_CURVE ( 'NONE', #275, #2700, #4385, .T. ) ;
#2810 = AXIS2_PLACEMENT_3D ( 'NONE', #4301, #1407, #5574 ) ;
#2811 = ORIENTED_EDGE ( 'NONE', *, *, #3404, .F. ) ;
#2812 = EDGE_CURVE ( 'NONE', #198, #2099, #4000, .T. ) ;
#2813 = CARTESIAN_POINT ( 'NONE',  ( -4.538000000000000256, -1.650999999999999801, 0.3770000000000000018 ) ) ;
#2814 = ORIENTED_EDGE ( 'NONE', *, *, #3604, .T. ) ;
#2815 = CARTESIAN_POINT ( 'NONE',  ( 5.321000000000000618, 0.8890000000000000124, 0.2540000000000000036 ) ) ;
#2816 = LINE ( 'NONE', #7570, #6606 ) ;
#2817 = ORIENTED_EDGE ( 'NONE', *, *, #4319, .T. ) ;
#2818 =( GEOMETRIC_REPRESENTATION_CONTEXT ( 3 ) GLOBAL_UNCERTAINTY_ASSIGNED_CONTEXT ( ( #4626 ) ) GLOBAL_UNIT_ASSIGNED_CONTEXT ( ( #7563, #4532, #5727 ) ) REPRESENTATION_CONTEXT ( 'NONE', 'WORKASPACE' ) );
#2819 = EDGE_CURVE ( 'NONE', #6185, #3963, #5881, .T. ) ;
#2820 = ORIENTED_EDGE ( 'NONE', *, *, #6692, .F. ) ;
#2821 = CARTESIAN_POINT ( 'NONE',  ( -5.321000000000000618, 3.429000000000000270, 0.000000000000000000 ) ) ;
#2822 = CARTESIAN_POINT ( 'NONE',  ( 5.321000000000000618, -2.920999999999999819, 0.2540000000000000036 ) ) ;
#2823 = ORIENTED_EDGE ( 'NONE', *, *, #5663, .T. ) ;
#2824 = VERTEX_POINT ( 'NONE', #2763 ) ;
#2825 = VECTOR ( 'NONE', #5591, 1000.000000000000000 ) ;
#2826 = DIRECTION ( 'NONE',  ( 1.000000000000000000, 0.000000000000000000, 0.000000000000000000 ) ) ;
#2827 = B_SPLINE_CURVE_WITH_KNOTS ( 'NONE', 3,
 ( #496, #6980, #5682, #2835 ),
 .UNSPECIFIED., .F., .F.,
 ( 4, 4 ),
 ( 0.000000000000000000, 1.000000000000000000 ),
 .UNSPECIFIED. ) ;
#2828 = CARTESIAN_POINT ( 'NONE',  ( 5.321000000000000618, -0.8890000000000000124, 0.2540000000000000036 ) ) ;
#2829 = DIRECTION ( 'NONE',  ( 1.000000000000000000, 0.000000000000000000, 0.000000000000000000 ) ) ;
#2830 = FACE_OUTER_BOUND ( 'NONE', #6568, .T. ) ;
#2831 = FACE_OUTER_BOUND ( 'NONE', #923, .T. ) ;
#2832 = CARTESIAN_POINT ( 'NONE',  ( -4.538000000000000256, 4.698999999999999844, 0.3770000000000000018 ) ) ;
#2833 = ORIENTED_EDGE ( 'NONE', *, *, #6480, .F. ) ;
#2834 = DIRECTION ( 'NONE',  ( -1.000000000000000000, 0.000000000000000000, 0.000000000000000000 ) ) ;
#2835 = CARTESIAN_POINT ( 'NONE',  ( 4.334999999999999964, 0.3810000000000000053, 1.132999999999999785 ) ) ;
#2836 = ORIENTED_EDGE ( 'NONE', *, *, #4616, .T. ) ;
#2837 = CYLINDRICAL_SURFACE ( 'NONE', #166, 0.5080000000000000071 ) ;
#2838 = DIRECTION ( 'NONE',  ( 1.000000000000000000, 0.000000000000000000, 0.000000000000000000 ) ) ;
#2839 = ADVANCED_FACE ( 'NONE', ( #2845 ), #2217, .F. ) ;
#2840 = CARTESIAN_POINT ( 'NONE',  ( -5.321000000000000618, -0.8890000000000000124, 0.2540000000000000036 ) ) ;
#2841 = B_SPLINE_CURVE_WITH_KNOTS ( 'NONE', 3,
 ( #5098, #1061, #3377, #6904 ),
 .UNSPECIFIED., .F., .F.,
 ( 4, 4 ),
 ( 0.000000000000000000, 1.000000000000000000 ),
 .UNSPECIFIED. ) ;
#2842 = CIRCLE ( 'NONE', #4914, 0.2540000000000000591 ) ;
#2843 = CARTESIAN_POINT ( 'NONE',  ( 3.620000000000000107, 5.142999999999999794, 0.2540000000000000036 ) ) ;
#2844 = DIRECTION ( 'NONE',  ( 0.2589693139543370881, 0.000000000000000000, 0.9658855493432024764 ) ) ;
#2845 = FACE_OUTER_BOUND ( 'NONE', #2643, .T. ) ;
#2846 = VECTOR ( 'NONE', #258, 1000.000000000000000 ) ;
#2847 = DIRECTION ( 'NONE',  ( 0.000000000000000000, 0.000000000000000000, -1.000000000000000000 ) ) ;
#2848 = VERTEX_POINT ( 'NONE', #5229 ) ;
#2849 = ORIENTED_EDGE ( 'NONE', *, *, #4164, .T. ) ;
#2850 = LINE ( 'NONE', #1755, #7039 ) ;
#2851 = CARTESIAN_POINT ( 'NONE',  ( -3.441568773900155254, -1.723000000000000087, 2.641854284739228564 ) ) ;
#2852 = LINE ( 'NONE', #474, #482 ) ;
#2853 = EDGE_CURVE ( 'NONE', #3891, #4174, #7527, .T. ) ;
#2854 = VERTEX_POINT ( 'NONE', #6378 ) ;
#2855 = EDGE_CURVE ( 'NONE', #5116, #3589, #486, .T. ) ;
#2856 = ORIENTED_EDGE ( 'NONE', *, *, #4255, .F. ) ;
#2857 = PRESENTATION_STYLE_ASSIGNMENT (( #2267 ) ) ;
#2858 = DIRECTION ( 'NONE',  ( -0.7931070766835166541, 0.000000000000000000, -0.6090822316522841451 ) ) ;
#2859 = MANIFOLD_SOLID_BREP ( 'RxxCTxxS_3D_20201005_Pin6', #5367 ) ;
#2860 = CARTESIAN_POINT ( 'NONE',  ( 4.716099332124954024, 0.8890000000000000124, 0.6941160045069316720 ) ) ;
#2861 = VERTEX_POINT ( 'NONE', #5415 ) ;
#2862 = ORIENTED_EDGE ( 'NONE', *, *, #7356, .T. ) ;
#2863 = CARTESIAN_POINT ( 'NONE',  ( 4.538000000000000256, -2.920999999999999819, 0.3770000000000000018 ) ) ;
#2864 = LINE ( 'NONE', #5819, #4919 ) ;
#2865 = EDGE_CURVE ( 'NONE', #2594, #7077, #5380, .T. ) ;
#2866 = CARTESIAN_POINT ( 'NONE',  ( 3.797000000000000153, 5.244999999999999218, 1.306000000000000050 ) ) ;
#2867 = DIRECTION ( 'NONE',  ( -0.7931070766835157659, 0.000000000000000000, 0.6090822316522848112 ) ) ;
#2868 = AXIS2_PLACEMENT_3D ( 'NONE', #1964, #6079, #206 ) ;
#2869 = PRESENTATION_STYLE_ASSIGNMENT (( #4100 ) ) ;
#2870 = ORIENTED_EDGE ( 'NONE', *, *, #3281, .T. ) ;
#2871 = CIRCLE ( 'NONE', #5443, 0.2539999999999996705 ) ;
#2872 = CARTESIAN_POINT ( 'NONE',  ( 4.581000000000000405, 2.158999999999999808, 1.197999999999999954 ) ) ;
#2873 = CARTESIAN_POINT ( 'NONE',  ( 4.538000000000000256, -1.650999999999999801, 0.3770000000000000018 ) ) ;
#2874 = VERTEX_POINT ( 'NONE', #5879 ) ;
#2875 = CIRCLE ( 'NONE', #2612, 0.5080000000000001181 ) ;
#2876 = CARTESIAN_POINT ( 'NONE',  ( -4.648549666062477215, -0.8890000000000000124, 0.9460580022534657019 ) ) ;
#2877 = CARTESIAN_POINT ( 'NONE',  ( -4.470144042195333789, -0.3810000000000000053, 0.6289492480282171671 ) ) ;
#2878 = PLANE ( 'NONE',  #599 ) ;
#2879 = DIRECTION ( 'NONE',  ( 0.000000000000000000, 0.000000000000000000, -1.000000000000000000 ) ) ;
#2880 = VECTOR ( 'NONE', #7130, 1000.000000000000000 ) ;
#2881 = FACE_OUTER_BOUND ( 'NONE', #399, .T. ) ;
#2882 = ADVANCED_FACE ( 'NONE', ( #2921 ), #1188, .T. ) ;
#2883 = DIRECTION ( 'NONE',  ( 0.000000000000000000, 1.000000000000000000, 0.000000000000000000 ) ) ;
#2884 = CARTESIAN_POINT ( 'NONE',  ( 5.321000000000000618, -4.698999999999999844, 0.000000000000000000 ) ) ;
#2885 = ORIENTED_EDGE ( 'NONE', *, *, #3880, .T. ) ;
#2886 = ORIENTED_EDGE ( 'NONE', *, *, #2491, .T. ) ;
#2887 = CARTESIAN_POINT ( 'NONE',  ( 4.580830753584762327, -4.360333333333333172, 1.197954844642777461 ) ) ;
#2888 = DIRECTION ( 'NONE',  ( 0.000000000000000000, -1.000000000000000000, 0.000000000000000000 ) ) ;
#2889 = CARTESIAN_POINT ( 'NONE',  ( -3.797000000000000153, 0.3810000000000000053, 1.320999999999999952 ) ) ;
#2890 = VERTEX_POINT ( 'NONE', #4787 ) ;
#2891 = ADVANCED_FACE ( 'NONE', ( #7138 ), #3542, .T. ) ;
#2892 = EDGE_LOOP ( 'NONE', ( #1026, #2401, #5856, #1304 ) ) ;
#2893 = EDGE_CURVE ( 'NONE', #7340, #398, #7586, .T. ) ;
#2894 = LINE ( 'NONE', #1837, #5044 ) ;
#2895 = LINE ( 'NONE', #7579, #1925 ) ;
#2896 = ORIENTED_EDGE ( 'NONE', *, *, #6967, .T. ) ;
#2897 = ADVANCED_FACE ( 'NONE', ( #6491 ), #7026, .T. ) ;
#2898 = ORIENTED_EDGE ( 'NONE', *, *, #6498, .T. ) ;
#2899 = EDGE_CURVE ( 'NONE', #1391, #5035, #361, .T. ) ;
#2900 = EDGE_LOOP ( 'NONE', ( #4713, #3665, #3391, #3586 ) ) ;
#2901 = EDGE_CURVE ( 'NONE', #1850, #2393, #2335, .T. ) ;
#2902 = CARTESIAN_POINT ( 'NONE',  ( -5.028999999999999915, -1.650999999999999801, 0.5080000000000000071 ) ) ;
#2903 = CARTESIAN_POINT ( 'NONE',  ( -4.580830753584762327, 4.529666666666667396, 1.197954844642777461 ) ) ;
#2904 = ADVANCED_FACE ( 'NONE', ( #4213 ), #5834, .T. ) ;
#2905 = STYLED_ITEM ( 'NONE', ( #2869 ), #2454 ) ;
#2906 = DIRECTION ( 'NONE',  ( 0.000000000000000000, 1.000000000000000000, 0.000000000000000000 ) ) ;
#2907 = CARTESIAN_POINT ( 'NONE',  ( 5.321000000000000618, -1.650999999999999801, 0.2540000000000000036 ) ) ;
#2908 =( NAMED_UNIT ( * ) SI_UNIT ( $, .STERADIAN. ) SOLID_ANGLE_UNIT ( ) );
#2909 = EDGE_LOOP ( 'NONE', ( #4427, #2633, #5708, #4088 ) ) ;
#2910 = EDGE_CURVE ( 'NONE', #443, #2399, #3576, .T. ) ;
#2911 = B_SPLINE_CURVE_WITH_KNOTS ( 'NONE', 3,
 ( #4266, #199, #4840, #2422 ),
 .UNSPECIFIED., .F., .F.,
 ( 4, 4 ),
 ( 0.000000000000000000, 1.000000000000000000 ),
 .UNSPECIFIED. ) ;
#2912 = DIRECTION ( 'NONE',  ( 1.000000000000000000, 0.000000000000000000, 0.000000000000000000 ) ) ;
#2913 = ORIENTED_EDGE ( 'NONE', *, *, #4972, .F. ) ;
#2914 = CIRCLE ( 'NONE', #2649, 0.2539999999999996705 ) ;
#2915 = CARTESIAN_POINT ( 'NONE',  ( 5.321000000000000618, -3.429000000000000270, 0.2540000000000000036 ) ) ;
#2916 = CARTESIAN_POINT ( 'NONE',  ( -5.321000000000000618, -4.698999999999999844, 0.2540000000000000036 ) ) ;
#2917 = CARTESIAN_POINT ( 'NONE',  ( -3.797000000000000153, 3.429000000000000270, 1.574999999999999956 ) ) ;
#2918 = CARTESIAN_POINT ( 'NONE',  ( -4.581000000000000405, 4.698999999999999844, 1.197999999999999954 ) ) ;
#2919 = VECTOR ( 'NONE', #2959, 1000.000000000000000 ) ;
#2920 = PLANE ( 'NONE',  #4210 ) ;
#2921 = FACE_OUTER_BOUND ( 'NONE', #6842, .T. ) ;
#2922 = FILL_AREA_STYLE ('',( #2806 ) ) ;
#2923 = VERTEX_POINT ( 'NONE', #2483 ) ;
#2924 = ORIENTED_EDGE ( 'NONE', *, *, #4107, .F. ) ;
#2925 = PLANE ( 'NONE',  #1873 ) ;
#2926 = AXIS2_PLACEMENT_3D ( 'NONE', #785, #5515, #4395 ) ;
#2927 = AXIS2_PLACEMENT_3D ( 'NONE', #3686, #3613, #4144 ) ;
#2928 = CARTESIAN_POINT ( 'NONE',  ( -4.538169246415237446, 3.259666666666666934, 0.3770451553572226611 ) ) ;
#2929 = PLANE ( 'NONE',  #713 ) ;
#2930 = ORIENTED_EDGE ( 'NONE', *, *, #5153, .F. ) ;
#2931 = VECTOR ( 'NONE', #2067, 1000.000000000000000 ) ;
#2932 = AXIS2_PLACEMENT_3D ( 'NONE', #263, #6635, #7250 ) ;
#2933 = LINE ( 'NONE', #121, #3529 ) ;
#2934 = ADVANCED_FACE ( 'NONE', ( #5345 ), #4827, .F. ) ;
#2935 = ORIENTED_EDGE ( 'NONE', *, *, #6194, .T. ) ;
#2936 = DIRECTION ( 'NONE',  ( -0.2589693139543370881, 0.000000000000000000, 0.9658855493432024764 ) ) ;
#2937 = ADVANCED_FACE ( 'NONE', ( #1717 ), #4073, .T. ) ;
#2938 = CIRCLE ( 'NONE', #2062, 0.5080000000000001181 ) ;
#2939 = STYLED_ITEM ( 'NONE', ( #6184 ), #2776 ) ;
#2940 = CARTESIAN_POINT ( 'NONE',  ( 3.797000000000000153, 1.650999999999999801, 1.320999999999999952 ) ) ;
#2941 = ORIENTED_EDGE ( 'NONE', *, *, #5842, .T. ) ;
#2942 = VERTEX_POINT ( 'NONE', #6673 ) ;
#2943 = ORIENTED_EDGE ( 'NONE', *, *, #1303, .T. ) ;
#2944 = ORIENTED_EDGE ( 'NONE', *, *, #900, .F. ) ;
#2945 = CARTESIAN_POINT ( 'NONE',  ( -4.089999999999999858, 4.698999999999999844, 1.574999999999999956 ) ) ;
#2946 = LINE ( 'NONE', #1847, #2960 ) ;
#2947 = DIRECTION ( 'NONE',  ( 0.000000000000000000, 0.000000000000000000, -1.000000000000000000 ) ) ;
#2948 = CARTESIAN_POINT ( 'NONE',  ( 4.783000000000000362, -3.429000000000000270, 0.4420000000000000040 ) ) ;
#2949 = EDGE_CURVE ( 'NONE', #3285, #3701, #1333, .T. ) ;
#2950 = EDGE_CURVE ( 'NONE', #6959, #2034, #722, .T. ) ;
#2951 = ADVANCED_FACE ( 'NONE', ( #3721 ), #6601, .T. ) ;
#2952 = ADVANCED_FACE ( 'NONE', ( #3253 ), #1979, .T. ) ;
#2953 = VECTOR ( 'NONE', #3064, 1000.000000000000000 ) ;
#2954 = ORIENTED_EDGE ( 'NONE', *, *, #1555, .F. ) ;
#2955 = CARTESIAN_POINT ( 'NONE',  ( -5.028999999999999915, 3.429000000000000270, 0.5080000000000000071 ) ) ;
#2956 = EDGE_LOOP ( 'NONE', ( #3060, #4348, #2356, #4543 ) ) ;
#2957 = LINE ( 'NONE', #4175, #6061 ) ;
#2958 = CARTESIAN_POINT ( 'NONE',  ( 5.321000000000000618, 0.3810000000000000053, 0.2540000000000000036 ) ) ;
#2959 = DIRECTION ( 'NONE',  ( 0.000000000000000000, 0.000000000000000000, -1.000000000000000000 ) ) ;
#2960 = VECTOR ( 'NONE', #6541, 1000.000000000000000 ) ;
#2961 = DIRECTION ( 'NONE',  ( -1.000000000000000000, 0.000000000000000000, 0.000000000000000000 ) ) ;
#2962 = DIRECTION ( 'NONE',  ( 0.000000000000000000, 0.000000000000000000, -1.000000000000000000 ) ) ;
#2963 = DIRECTION ( 'NONE',  ( -0.7931070766835153218, 0.000000000000000000, -0.6090822316522856994 ) ) ;
#2964 = ORIENTED_EDGE ( 'NONE', *, *, #890, .T. ) ;
#2965 = VERTEX_POINT ( 'NONE', #6025 ) ;
#2966 = LINE ( 'NONE', #6496, #5332 ) ;
#2967 = CIRCLE ( 'NONE', #1601, 0.2540000000000000591 ) ;
#2968 = LINE ( 'NONE', #5386, #5141 ) ;
#2969 = EDGE_CURVE ( 'NONE', #838, #7253, #7231, .T. ) ;
#2970 = ORIENTED_EDGE ( 'NONE', *, *, #4117, .T. ) ;
#2971 = AXIS2_PLACEMENT_3D ( 'NONE', #7513, #6396, #4475 ) ;
#2972 = VECTOR ( 'NONE', #5276, 1000.000000000000000 ) ;
#2973 = VERTEX_POINT ( 'NONE', #836 ) ;
#2974 = CARTESIAN_POINT ( 'NONE',  ( -5.321000000000000618, -0.3810000000000000053, 0.2540000000000000036 ) ) ;
#2975 = CARTESIAN_POINT ( 'NONE',  ( -5.028999999999999915, 4.698999999999999844, 0.2540000000000000036 ) ) ;
#2976 = EDGE_LOOP ( 'NONE', ( #1493, #4693, #5362, #2913 ) ) ;
#2977 = ORIENTED_EDGE ( 'NONE', *, *, #2750, .F. ) ;
#2978 = EDGE_CURVE ( 'NONE', #5800, #5132, #6060, .T. ) ;
#2979 = ORIENTED_EDGE ( 'NONE', *, *, #3702, .T. ) ;
#2980 = ORIENTED_EDGE ( 'NONE', *, *, #6160, .T. ) ;
#2981 = CARTESIAN_POINT ( 'NONE',  ( -4.089999999999999858, 3.429000000000000270, 1.320999999999999952 ) ) ;
#2982 = LINE ( 'NONE', #5899, #5897 ) ;
#2983 = DIRECTION ( 'NONE',  ( -1.000000000000000000, 0.000000000000000000, 0.000000000000000000 ) ) ;
#2984 = CARTESIAN_POINT ( 'NONE',  ( -3.797000000000000153, 4.191000000000000725, 1.320999999999999952 ) ) ;
#2985 = VERTEX_POINT ( 'NONE', #7289 ) ;
#2986 = LINE ( 'NONE', #4173, #1683 ) ;
#2987 = ORIENTED_EDGE ( 'NONE', *, *, #115, .F. ) ;
#2988 = PLANE ( 'NONE',  #5215 ) ;
#2989 = DIRECTION ( 'NONE',  ( 0.000000000000000000, -1.000000000000000000, 0.000000000000000000 ) ) ;
#2990 = EDGE_CURVE ( 'NONE', #3096, #5492, #4291, .T. ) ;
#2991 = PRESENTATION_LAYER_ASSIGNMENT (  '', '', ( #7153 ) ) ;
#2992 = CARTESIAN_POINT ( 'NONE',  ( 3.620000000000000107, 5.142999999999999794, 0.2540000000000000036 ) ) ;
#2993 = AXIS2_PLACEMENT_3D ( 'NONE', #5653, #389, #1639 ) ;
#2994 = VECTOR ( 'NONE', #1513, 1000.000000000000000 ) ;
#2995 = CARTESIAN_POINT ( 'NONE',  ( -5.028999999999999915, 1.650999999999999801, 0.2540000000000000036 ) ) ;
#2996 = DIRECTION ( 'NONE',  ( 0.000000000000000000, 0.000000000000000000, 1.000000000000000000 ) ) ;
#2997 = AXIS2_PLACEMENT_3D ( 'NONE', #924, #3885, #3267 ) ;
#2998 = FILL_AREA_STYLE_COLOUR ( '', #7075 ) ;
#2999 = ORIENTED_EDGE ( 'NONE', *, *, #6001, .F. ) ;
#3000 = ORIENTED_EDGE ( 'NONE', *, *, #5237, .T. ) ;
#3001 = DIRECTION ( 'NONE',  ( 0.7931070766835166541, 0.000000000000000000, -0.6090822316522841451 ) ) ;
#3002 = VECTOR ( 'NONE', #869, 1000.000000000000000 ) ;
#3003 = DIRECTION ( 'NONE',  ( 0.000000000000000000, -1.000000000000000000, 0.000000000000000000 ) ) ;
#3004 = VECTOR ( 'NONE', #5472, 1000.000000000000000 ) ;
#3005 = EDGE_LOOP ( 'NONE', ( #4146, #5297, #1583, #7202 ) ) ;
#3006 = EDGE_CURVE ( 'NONE', #3217, #3544, #6975, .T. ) ;
#3007 = ORIENTED_EDGE ( 'NONE', *, *, #7220, .T. ) ;
#3008 = CARTESIAN_POINT ( 'NONE',  ( -4.538000000000000256, 0.3810000000000000053, 0.3770000000000000018 ) ) ;
#3009 = CARTESIAN_POINT ( 'NONE',  ( 4.538000000000000256, 4.191000000000000725, 0.3770000000000000018 ) ) ;
#3010 = EDGE_LOOP ( 'NONE', ( #4381, #6119, #897, #735 ) ) ;
#3011 = ORIENTED_EDGE ( 'NONE', *, *, #7178, .T. ) ;
#3012 = ORIENTED_EDGE ( 'NONE', *, *, #2467, .F. ) ;
#3013 = VERTEX_POINT ( 'NONE', #1399 ) ;
#3014 = CARTESIAN_POINT ( 'NONE',  ( -4.538000000000000256, 0.3810000000000000053, 0.3770000000000000018 ) ) ;
#3015 = CARTESIAN_POINT ( 'NONE',  ( -4.783000000000000362, 2.158999999999999808, 0.4420000000000000040 ) ) ;
#3016 = DIRECTION ( 'NONE',  ( 0.000000000000000000, 0.000000000000000000, 1.000000000000000000 ) ) ;
#3017 = CARTESIAN_POINT ( 'NONE',  ( 5.028999999999999915, -3.429000000000000270, 0.5080000000000000071 ) ) ;
#3018 = ORIENTED_EDGE ( 'NONE', *, *, #6583, .T. ) ;
#3019 = VECTOR ( 'NONE', #5866, 1000.000000000000000 ) ;
#3020 = CARTESIAN_POINT ( 'NONE',  ( 4.538000000000000256, -4.698999999999999844, 0.3770000000000000018 ) ) ;
#3021 = ORIENTED_EDGE ( 'NONE', *, *, #2028, .T. ) ;
#3022 = CARTESIAN_POINT ( 'NONE',  ( 3.797000000000000153, -3.429000000000000270, 1.320999999999999952 ) ) ;
#3023 = CARTESIAN_POINT ( 'NONE',  ( 3.797000000000000153, -4.191000000000000725, 1.574999999999999956 ) ) ;
#3024 = CYLINDRICAL_SURFACE ( 'NONE', #4256, 0.5080000000000000071 ) ;
#3025 = ADVANCED_FACE ( 'NONE', ( #3754 ), #3828, .T. ) ;
#3026 = AXIS2_PLACEMENT_3D ( 'NONE', #6500, #5995, #1232 ) ;
#3027 = B_SPLINE_CURVE_WITH_KNOTS ( 'NONE', 3,
 ( #4595, #907, #1250, #2398 ),
 .UNSPECIFIED., .F., .F.,
 ( 4, 4 ),
 ( 0.000000000000000000, 1.000000000000000000 ),
 .UNSPECIFIED. ) ;
#3028 = LINE ( 'NONE', #7601, #5205 ) ;
#3029 = VERTEX_POINT ( 'NONE', #2058 ) ;
#3030 = AXIS2_PLACEMENT_3D ( 'NONE', #963, #4953, #5037 ) ;
#3031 = DIRECTION ( 'NONE',  ( -0.7931070766835157659, 0.000000000000000000, -0.6090822316522848112 ) ) ;
#3032 = ORIENTED_EDGE ( 'NONE', *, *, #4571, .T. ) ;
#3033 = ORIENTED_EDGE ( 'NONE', *, *, #4541, .T. ) ;
#3034 = DIRECTION ( 'NONE',  ( 0.000000000000000000, 0.000000000000000000, -1.000000000000000000 ) ) ;
#3035 = CARTESIAN_POINT ( 'NONE',  ( 4.334999999999999964, -0.8890000000000000124, 1.132999999999999785 ) ) ;
#3036 = STYLED_ITEM ( 'NONE', ( #3962 ), #5290 ) ;
#3037 = ORIENTED_EDGE ( 'NONE', *, *, #4063, .T. ) ;
#3038 = ADVANCED_FACE ( 'NONE', ( #4902 ), #2555, .T. ) ;
#3039 = ADVANCED_FACE ( 'NONE', ( #2592 ), #7327, .T. ) ;
#3040 = LINE ( 'NONE', #1762, #2281 ) ;
#3041 = EDGE_CURVE ( 'NONE', #5738, #3557, #5559, .T. ) ;
#3042 = CIRCLE ( 'NONE', #223, 0.5080000000000001181 ) ;
#3043 = AXIS2_PLACEMENT_3D ( 'NONE', #418, #3912, #5757 ) ;
#3044 = ORIENTED_EDGE ( 'NONE', *, *, #1381, .T. ) ;
#3045 = CARTESIAN_POINT ( 'NONE',  ( 4.538169246415237446, -4.529666666666667396, 0.3770451553572226611 ) ) ;
#3046 = CYLINDRICAL_SURFACE ( 'NONE', #1122, 0.2540000000000000036 ) ;
#3047 = EDGE_LOOP ( 'NONE', ( #528, #2363, #7150, #5537 ) ) ;
#3048 = EDGE_CURVE ( 'NONE', #4194, #1054, #2630, .T. ) ;
#3049 = EDGE_CURVE ( 'NONE', #1621, #1552, #1471, .T. ) ;
#3050 = VERTEX_POINT ( 'NONE', #7173 ) ;
#3051 = ORIENTED_EDGE ( 'NONE', *, *, #7161, .F. ) ;
#3052 = ORIENTED_EDGE ( 'NONE', *, *, #5432, .F. ) ;
#3053 = AXIS2_PLACEMENT_3D ( 'NONE', #4823, #1857, #612 ) ;
#3054 = VECTOR ( 'NONE', #3185, 1000.000000000000000 ) ;
#3055 = DIRECTION ( 'NONE',  ( 0.000000000000000000, -1.000000000000000000, 0.000000000000000000 ) ) ;
#3056 = CARTESIAN_POINT ( 'NONE',  ( -4.783000000000000362, -1.650999999999999801, 0.4420000000000000040 ) ) ;
#3057 = CARTESIAN_POINT ( 'NONE',  ( 5.028999999999999915, 0.8890000000000000124, 0.2540000000000000036 ) ) ;
#3058 = EDGE_CURVE ( 'NONE', #3029, #6930, #7402, .T. ) ;
#3059 = CARTESIAN_POINT ( 'NONE',  ( 4.783000000000000362, 0.3810000000000000053, 0.4420000000000000040 ) ) ;
#3060 = ORIENTED_EDGE ( 'NONE', *, *, #3836, .F. ) ;
#3061 = CARTESIAN_POINT ( 'NONE',  ( -4.538000000000000256, -2.920999999999999819, 0.3770000000000000018 ) ) ;
#3062 = ORIENTED_EDGE ( 'NONE', *, *, #6464, .F. ) ;
#3063 = CARTESIAN_POINT ( 'NONE',  ( -3.620000000000000107, 5.142999999999999794, 0.2540000000000000036 ) ) ;
#3064 = DIRECTION ( 'NONE',  ( 0.000000000000000000, -1.000000000000000000, 0.000000000000000000 ) ) ;
#3065 = CARTESIAN_POINT ( 'NONE',  ( -5.028999999999999915, -2.920999999999999819, 0.2540000000000000036 ) ) ;
#3066 = CARTESIAN_POINT ( 'NONE',  ( 4.089999999999999858, 1.650999999999999801, 1.574999999999999956 ) ) ;
#3067 = EDGE_CURVE ( 'NONE', #1301, #5657, #4372, .T. ) ;
#3068 = CARTESIAN_POINT ( 'NONE',  ( -4.783000000000000362, -4.191000000000000725, 0.4420000000000000040 ) ) ;
#3069 = ORIENTED_EDGE ( 'NONE', *, *, #6084, .T. ) ;
#3070 = EDGE_CURVE ( 'NONE', #1628, #7307, #600, .T. ) ;
#3071 = LINE ( 'NONE', #5949, #6590 ) ;
#3072 = EDGE_LOOP ( 'NONE', ( #855, #4509, #4574, #7102 ) ) ;
#3073 = FACE_OUTER_BOUND ( 'NONE', #6425, .T. ) ;
#3074 = VECTOR ( 'NONE', #4773, 1000.000000000000000 ) ;
#3075 = DIRECTION ( 'NONE',  ( 1.000000000000000000, 0.000000000000000000, 0.000000000000000000 ) ) ;
#3076 = CARTESIAN_POINT ( 'NONE',  ( -4.089999999999999858, 4.698999999999999844, 1.320999999999999952 ) ) ;
#3077 = ORIENTED_EDGE ( 'NONE', *, *, #1205, .F. ) ;
#3078 = ORIENTED_EDGE ( 'NONE', *, *, #1426, .F. ) ;
#3079 = CARTESIAN_POINT ( 'NONE',  ( 4.089999999999999858, -0.8890000000000000124, 1.066999999999999948 ) ) ;
#3080 = ADVANCED_FACE ( 'NONE', ( #5100 ), #417, .F. ) ;
#3081 = CARTESIAN_POINT ( 'NONE',  ( -5.321000000000000618, -4.191000000000000725, 0.000000000000000000 ) ) ;
#3082 = B_SPLINE_CURVE_WITH_KNOTS ( 'NONE', 3,
 ( #4684, #5120, #5735, #6305 ),
 .UNSPECIFIED., .F., .F.,
 ( 4, 4 ),
 ( 0.000000000000000000, 1.000000000000000000 ),
 .UNSPECIFIED. ) ;
#3083 = EDGE_CURVE ( 'NONE', #1129, #348, #1594, .T. ) ;
#3084 = VECTOR ( 'NONE', #49, 1000.000000000000000 ) ;
#3085 = VERTEX_POINT ( 'NONE', #7519 ) ;
#3086 = ORIENTED_EDGE ( 'NONE', *, *, #1111, .F. ) ;
#3087 = VERTEX_POINT ( 'NONE', #1667 ) ;
#3088 = EDGE_LOOP ( 'NONE', ( #4055, #7076, #6288, #3811 ) ) ;
#3089 = CARTESIAN_POINT ( 'NONE',  ( -5.028999999999999915, 4.191000000000000725, 0.000000000000000000 ) ) ;
#3090 = LINE ( 'NONE', #7350, #989 ) ;
#3091 = PLANE ( 'NONE',  #1315 ) ;
#3092 = LINE ( 'NONE', #5552, #5358 ) ;
#3093 = ORIENTED_EDGE ( 'NONE', *, *, #3709, .T. ) ;
#3094 = ADVANCED_FACE ( 'NONE', ( #7368 ), #1631, .T. ) ;
#3095 = LINE ( 'NONE', #1934, #477 ) ;
#3096 = VERTEX_POINT ( 'NONE', #1102 ) ;
#3097 = DIRECTION ( 'NONE',  ( 0.000000000000000000, 0.000000000000000000, 1.000000000000000000 ) ) ;
#3098 = DIRECTION ( 'NONE',  ( 0.000000000000000000, -1.000000000000000000, 0.000000000000000000 ) ) ;
#3099 = B_SPLINE_CURVE_WITH_KNOTS ( 'NONE', 3,
 ( #1006, #240, #2071, #7341 ),
 .UNSPECIFIED., .F., .F.,
 ( 4, 4 ),
 ( 0.000000000000000000, 1.000000000000000000 ),
 .UNSPECIFIED. ) ;
#3100 = CYLINDRICAL_SURFACE ( 'NONE', #6521, 0.5080000000000000071 ) ;
#3101 = LINE ( 'NONE', #1184, #336 ) ;
#3102 = CARTESIAN_POINT ( 'NONE',  ( 4.538000000000000256, 0.8890000000000000124, 0.3770000000000000018 ) ) ;
#3103 = ORIENTED_EDGE ( 'NONE', *, *, #6075, .T. ) ;
#3104 = DIRECTION ( 'NONE',  ( 0.000000000000000000, -1.000000000000000000, 0.000000000000000000 ) ) ;
#3105 = CARTESIAN_POINT ( 'NONE',  ( 4.089999999999999858, 2.158999999999999808, 1.320999999999999952 ) ) ;
#3106 = ORIENTED_EDGE ( 'NONE', *, *, #164, .F. ) ;
#3107 = CARTESIAN_POINT ( 'NONE',  ( 3.797000000000000153, -4.698999999999999844, 1.574999999999999956 ) ) ;
#3108 = DIRECTION ( 'NONE',  ( -1.000000000000000000, 0.000000000000000000, 0.000000000000000000 ) ) ;
#3109 = VECTOR ( 'NONE', #6319, 1000.000000000000000 ) ;
#3110 = FACE_OUTER_BOUND ( 'NONE', #895, .T. ) ;
#3111 = ORIENTED_EDGE ( 'NONE', *, *, #4298, .T. ) ;
#3112 = VECTOR ( 'NONE', #544, 1000.000000000000000 ) ;
#3113 = CARTESIAN_POINT ( 'NONE',  ( 3.797000000000000153, -2.920999999999999819, 1.574999999999999956 ) ) ;
#3114 = SURFACE_STYLE_USAGE ( .BOTH. , #3263 ) ;
#3115 = AXIS2_PLACEMENT_3D ( 'NONE', #5525, #146, #4246 ) ;
#3116 = ORIENTED_EDGE ( 'NONE', *, *, #6312, .T. ) ;
#3117 = CARTESIAN_POINT ( 'NONE',  ( -5.321000000000000618, 4.698999999999999844, 0.2540000000000000036 ) ) ;
#3118 = AXIS2_PLACEMENT_3D ( 'NONE', #6821, #7393, #2704 ) ;
#3119 = DIRECTION ( 'NONE',  ( -0.000000000000000000, 1.000000000000000000, 0.000000000000000000 ) ) ;
#3120 = ADVANCED_FACE ( 'NONE', ( #2131 ), #2244, .T. ) ;
#3121 = ORIENTED_EDGE ( 'NONE', *, *, #4597, .F. ) ;
#3122 = VECTOR ( 'NONE', #4315, 1000.000000000000000 ) ;
#3123 = ORIENTED_EDGE ( 'NONE', *, *, #2558, .T. ) ;
#3124 = EDGE_CURVE ( 'NONE', #6193, #3328, #6789, .T. ) ;
#3125 = EDGE_LOOP ( 'NONE', ( #6218, #3052, #4116, #1734 ) ) ;
#3126 = VERTEX_POINT ( 'NONE', #1507 ) ;
#3127 = DIRECTION ( 'NONE',  ( 0.000000000000000000, 1.000000000000000000, 0.000000000000000000 ) ) ;
#3128 = CARTESIAN_POINT ( 'NONE',  ( 4.089999999999999858, -2.920999999999999819, 1.574999999999999956 ) ) ;
#3129 = CARTESIAN_POINT ( 'NONE',  ( 4.783000000000000362, 1.650999999999999801, 0.4420000000000000040 ) ) ;
#3130 = EDGE_CURVE ( 'NONE', #558, #6185, #2713, .T. ) ;
#3131 = DIRECTION ( 'NONE',  ( 0.000000000000000000, 1.000000000000000000, 0.000000000000000000 ) ) ;
#3132 = ORIENTED_EDGE ( 'NONE', *, *, #511, .T. ) ;
#3133 = EDGE_CURVE ( 'NONE', #2429, #1044, #438, .T. ) ;
#3134 = ADVANCED_FACE ( 'NONE', ( #7439 ), #4481, .T. ) ;
#3135 = CARTESIAN_POINT ( 'NONE',  ( 4.089999999999999858, 0.8890000000000000124, 1.066999999999999948 ) ) ;
#3136 = CARTESIAN_POINT ( 'NONE',  ( -5.028999999999999915, -4.191000000000000725, 0.000000000000000000 ) ) ;
#3137 = DIRECTION ( 'NONE',  ( 1.000000000000000000, 0.000000000000000000, 0.000000000000000000 ) ) ;
#3138 = CARTESIAN_POINT ( 'NONE',  ( 5.321000000000000618, -3.429000000000000270, 0.000000000000000000 ) ) ;
#3139 = PLANE ( 'NONE',  #5634 ) ;
#3140 = EDGE_CURVE ( 'NONE', #4670, #7552, #992, .T. ) ;
#3141 = CARTESIAN_POINT ( 'NONE',  ( -5.028999999999999915, -0.3810000000000000053, 0.000000000000000000 ) ) ;
#3142 = ORIENTED_EDGE ( 'NONE', *, *, #3943, .F. ) ;
#3143 = CARTESIAN_POINT ( 'NONE',  ( -4.334999999999999964, 4.698999999999999844, 1.132999999999999785 ) ) ;
#3144 = DIRECTION ( 'NONE',  ( 1.000000000000000000, 0.000000000000000000, 0.000000000000000000 ) ) ;
#3145 = EDGE_LOOP ( 'NONE', ( #3419, #2519, #3675, #1413, #6005, #254, #7481, #3975, #4457, #4205, #2002, #4225 ) ) ;
#3146 = CARTESIAN_POINT ( 'NONE',  ( -4.335256734746894658, -0.5503333333333333410, 1.133069161197122865 ) ) ;
#3147 = FILL_AREA_STYLE ('',( #7295 ) ) ;
#3148 = VECTOR ( 'NONE', #1424, 1000.000000000000000 ) ;
#3149 = PLANE ( 'NONE',  #2305 ) ;
#3150 = CARTESIAN_POINT ( 'NONE',  ( 5.028999999999999915, -4.698999999999999844, 0.5080000000000000071 ) ) ;
#3151 = ORIENTED_EDGE ( 'NONE', *, *, #4252, .F. ) ;
#3152 = VECTOR ( 'NONE', #2530, 1000.000000000000000 ) ;
#3153 = DIRECTION ( 'NONE',  ( 0.000000000000000000, 0.000000000000000000, 1.000000000000000000 ) ) ;
#3154 = ORIENTED_EDGE ( 'NONE', *, *, #7376, .F. ) ;
#3155 = DIRECTION ( 'NONE',  ( 0.9658855493432024764, 0.000000000000000000, -0.2589693139543370881 ) ) ;
#3156 = VECTOR ( 'NONE', #6448, 1000.000000000000000 ) ;
#3157 = CARTESIAN_POINT ( 'NONE',  ( -4.783000000000000362, -0.3810000000000000053, 0.4420000000000000040 ) ) ;
#3158 = CARTESIAN_POINT ( 'NONE',  ( 3.797000000000000153, 4.698999999999999844, 1.574999999999999956 ) ) ;
#3159 = ORIENTED_EDGE ( 'NONE', *, *, #2264, .T. ) ;
#3160 = CIRCLE ( 'NONE', #7456, 0.5080000000000001181 ) ;
#3161 =( GEOMETRIC_REPRESENTATION_CONTEXT ( 3 ) GLOBAL_UNCERTAINTY_ASSIGNED_CONTEXT ( ( #96 ) ) GLOBAL_UNIT_ASSIGNED_CONTEXT ( ( #3389, #7027, #2484 ) ) REPRESENTATION_CONTEXT ( 'NONE', 'WORKASPACE' ) );
#3162 = VERTEX_POINT ( 'NONE', #529 ) ;
#3163 = VERTEX_POINT ( 'NONE', #5719 ) ;
#3164 = ADVANCED_FACE ( 'NONE', ( #6290 ), #1028, .T. ) ;
#3165 = PLANE ( 'NONE',  #2754 ) ;
#3166 = DIRECTION ( 'NONE',  ( 1.000000000000000000, 0.000000000000000000, 0.000000000000000000 ) ) ;
#3167 = CIRCLE ( 'NONE', #2539, 0.5080000000000001181 ) ;
#3168 = CARTESIAN_POINT ( 'NONE',  ( 4.089999999999999858, 3.429000000000000270, 1.066999999999999948 ) ) ;
#3169 = FACE_OUTER_BOUND ( 'NONE', #4091, .T. ) ;
#3170 = B_SPLINE_CURVE_WITH_KNOTS ( 'NONE', 3,
 ( #209, #2008, #1458, #3815 ),
 .UNSPECIFIED., .F., .F.,
 ( 4, 4 ),
 ( 0.000000000000000000, 1.000000000000000000 ),
 .UNSPECIFIED. ) ;
#3171 = EDGE_LOOP ( 'NONE', ( #5338, #889, #2999, #4757 ) ) ;
#3172 = VECTOR ( 'NONE', #6258, 1000.000000000000000 ) ;
#3173 = VECTOR ( 'NONE', #196, 1000.000000000000000 ) ;
#3174 = CYLINDRICAL_SURFACE ( 'NONE', #4755, 0.5080000000000000071 ) ;
#3175 = DIRECTION ( 'NONE',  ( 1.000000000000000000, 0.000000000000000000, 0.000000000000000000 ) ) ;
#3176 =( NAMED_UNIT ( * ) PLANE_ANGLE_UNIT ( ) SI_UNIT ( $, .RADIAN. ) );
#3177 = EDGE_CURVE ( 'NONE', #5532, #5765, #2207, .T. ) ;
#3178 = CARTESIAN_POINT ( 'NONE',  ( 4.783000000000000362, -1.650999999999999801, 0.4420000000000000040 ) ) ;
#3179 = CARTESIAN_POINT ( 'NONE',  ( -4.334999999999999964, -2.158999999999999808, 1.132999999999999785 ) ) ;
#3180 = ADVANCED_FACE ( 'NONE', ( #5177 ), #6366, .T. ) ;
#3181 = COLOUR_RGB ( '',0.7215686274509803821, 0.7215686274509803821, 0.7215686274509803821 ) ;
#3182 = EDGE_CURVE ( 'NONE', #5957, #6260, #2257, .T. ) ;
#3183 = DIRECTION ( 'NONE',  ( 1.000000000000000000, 0.000000000000000000, 0.000000000000000000 ) ) ;
#3184 = ORIENTED_EDGE ( 'NONE', *, *, #4484, .F. ) ;
#3185 = DIRECTION ( 'NONE',  ( 0.000000000000000000, -1.000000000000000000, 0.000000000000000000 ) ) ;
#3186 = DIRECTION ( 'NONE',  ( 0.000000000000000000, 0.000000000000000000, 1.000000000000000000 ) ) ;
#3187 = VERTEX_POINT ( 'NONE', #2872 ) ;
#3188 = CARTESIAN_POINT ( 'NONE',  ( -5.028999999999999915, -4.191000000000000725, 0.5080000000000000071 ) ) ;
#3189 = CARTESIAN_POINT ( 'NONE',  ( -4.089999999999999858, -0.3810000000000000053, 1.066999999999999948 ) ) ;
#3190 = FACE_OUTER_BOUND ( 'NONE', #2075, .T. ) ;
#3191 = LINE ( 'NONE', #3877, #1079 ) ;
#3192 = ORIENTED_EDGE ( 'NONE', *, *, #5858, .F. ) ;
#3193 = DIRECTION ( 'NONE',  ( 0.000000000000000000, -1.000000000000000000, 0.000000000000000000 ) ) ;
#3194 = AXIS2_PLACEMENT_3D ( 'NONE', #5794, #4674, #1554 ) ;
#3195 = ORIENTED_EDGE ( 'NONE', *, *, #32, .T. ) ;
#3196 = DIRECTION ( 'NONE',  ( 0.000000000000000000, 0.000000000000000000, 1.000000000000000000 ) ) ;
#3197 = EDGE_CURVE ( 'NONE', #3704, #5035, #3492, .T. ) ;
#3198 = CARTESIAN_POINT ( 'NONE',  ( -3.797000000000000153, -2.920999999999999819, 1.320999999999999952 ) ) ;
#3199 = CARTESIAN_POINT ( 'NONE',  ( 3.797000000000000153, -2.158999999999999808, 1.320999999999999952 ) ) ;
#3200 = EDGE_LOOP ( 'NONE', ( #475, #5428, #3261, #1408 ) ) ;
#3201 = VERTEX_POINT ( 'NONE', #7554 ) ;
#3202 = CYLINDRICAL_SURFACE ( 'NONE', #6439, 0.2540000000000000036 ) ;
#3203 = DIRECTION ( 'NONE',  ( -0.2589693139543370881, 0.000000000000000000, 0.9658855493432024764 ) ) ;
#3204 = VECTOR ( 'NONE', #665, 1000.000000000000000 ) ;
#3205 = CARTESIAN_POINT ( 'NONE',  ( -4.580830753584762327, 1.989666666666666472, 1.197954844642777461 ) ) ;
#3206 = EDGE_CURVE ( 'NONE', #4819, #7078, #1330, .T. ) ;
#3207 = DIRECTION ( 'NONE',  ( 0.000000000000000000, 1.000000000000000000, 0.000000000000000000 ) ) ;
#3208 = AXIS2_PLACEMENT_3D ( 'NONE', #4822, #6054, #1856 ) ;
#3209 = ORIENTED_EDGE ( 'NONE', *, *, #7115, .T. ) ;
#3210 = LINE ( 'NONE', #753, #3779 ) ;
#3211 = DIRECTION ( 'NONE',  ( 0.000000000000000000, 1.000000000000000000, 0.000000000000000000 ) ) ;
#3212 =( NAMED_UNIT ( * ) SI_UNIT ( $, .STERADIAN. ) SOLID_ANGLE_UNIT ( ) );
#3213 = CARTESIAN_POINT ( 'NONE',  ( 5.321000000000000618, 2.158999999999999808, 0.2540000000000000036 ) ) ;
#3214 = CARTESIAN_POINT ( 'NONE',  ( 5.321000000000000618, 2.920999999999999819, 0.000000000000000000 ) ) ;
#3215 = ADVANCED_FACE ( 'NONE', ( #4339 ), #769, .T. ) ;
#3216 = CARTESIAN_POINT ( 'NONE',  ( -4.538000000000000256, 0.3810000000000000053, 0.3770000000000000018 ) ) ;
#3217 = VERTEX_POINT ( 'NONE', #5462 ) ;
#3218 = CARTESIAN_POINT ( 'NONE',  ( 5.028999999999999915, -3.429000000000000270, 0.000000000000000000 ) ) ;
#3219 = FACE_OUTER_BOUND ( 'NONE', #6628, .T. ) ;
#3220 = ORIENTED_EDGE ( 'NONE', *, *, #3133, .T. ) ;
#3221 = EDGE_CURVE ( 'NONE', #7223, #3285, #4261, .T. ) ;
#3222 = CARTESIAN_POINT ( 'NONE',  ( -5.028999999999999915, 0.3810000000000000053, 0.5080000000000000071 ) ) ;
#3223 = CARTESIAN_POINT ( 'NONE',  ( -3.738766325493320775, -5.210840550968030449, 0.9552191433318218960 ) ) ;
#3224 = DIRECTION ( 'NONE',  ( 0.000000000000000000, 0.000000000000000000, 1.000000000000000000 ) ) ;
#3225 = CARTESIAN_POINT ( 'NONE',  ( -4.089999999999999858, 1.650999999999999801, 1.320999999999999952 ) ) ;
#3226 = EDGE_CURVE ( 'NONE', #4171, #2444, #3764, .T. ) ;
#3227 = ORIENTED_EDGE ( 'NONE', *, *, #1427, .T. ) ;
#3228 = DIRECTION ( 'NONE',  ( 0.000000000000000000, 0.000000000000000000, -1.000000000000000000 ) ) ;
#3229 = CARTESIAN_POINT ( 'NONE',  ( -4.783000000000000362, 4.698999999999999844, 0.4420000000000000040 ) ) ;
#3230 = ORIENTED_EDGE ( 'NONE', *, *, #2661, .F. ) ;
#3231 = LINE ( 'NONE', #2644, #4214 ) ;
#3232 = CARTESIAN_POINT ( 'NONE',  ( 5.321000000000000618, 4.191000000000000725, 0.2540000000000000036 ) ) ;
#3233 =( NAMED_UNIT ( * ) SI_UNIT ( $, .STERADIAN. ) SOLID_ANGLE_UNIT ( ) );
#3234 = ORIENTED_EDGE ( 'NONE', *, *, #3376, .F. ) ;
#3235 = EDGE_CURVE ( 'NONE', #4194, #5773, #7181, .T. ) ;
#3236 = AXIS2_PLACEMENT_3D ( 'NONE', #2995, #651, #6449 ) ;
#3237 = CIRCLE ( 'NONE', #664, 0.2539999999999996705 ) ;
#3238 = VERTEX_POINT ( 'NONE', #4379 ) ;
#3239 = CYLINDRICAL_SURFACE ( 'NONE', #2868, 0.5080000000000000071 ) ;
#3240 = CARTESIAN_POINT ( 'NONE',  ( 3.797000000000000153, 5.244999999999999218, 1.590000000000000080 ) ) ;
#3241 = CARTESIAN_POINT ( 'NONE',  ( -5.028999999999999915, -4.698999999999999844, 0.2540000000000000036 ) ) ;
#3242 = ORIENTED_EDGE ( 'NONE', *, *, #5820, .F. ) ;
#3243 = VECTOR ( 'NONE', #6666, 1000.000000000000000 ) ;
#3244 = SURFACE_STYLE_USAGE ( .BOTH. , #3940 ) ;
#3245 = ORIENTED_EDGE ( 'NONE', *, *, #650, .T. ) ;
#3246 = FACE_OUTER_BOUND ( 'NONE', #116, .T. ) ;
#3247 = CARTESIAN_POINT ( 'NONE',  ( 5.321000000000000618, 0.8890000000000000124, 0.2540000000000000036 ) ) ;
#3248 = CARTESIAN_POINT ( 'NONE',  ( -4.783000000000000362, -2.158999999999999808, 0.4420000000000000040 ) ) ;
#3249 = DIRECTION ( 'NONE',  ( 0.000000000000000000, 0.000000000000000000, -1.000000000000000000 ) ) ;
#3250 = CARTESIAN_POINT ( 'NONE',  ( -4.581000000000000405, -0.8890000000000000124, 1.197999999999999954 ) ) ;
#3251 = PLANE ( 'NONE',  #1756 ) ;
#3252 = EDGE_LOOP ( 'NONE', ( #962, #5160, #6966, #4610 ) ) ;
#3253 = FACE_OUTER_BOUND ( 'NONE', #3264, .T. ) ;
#3254 = CARTESIAN_POINT ( 'NONE',  ( 5.028999999999999915, 2.158999999999999808, 0.2540000000000000036 ) ) ;
#3255 = ORIENTED_EDGE ( 'NONE', *, *, #2589, .T. ) ;
#3256 = DIRECTION ( 'NONE',  ( 0.000000000000000000, 1.000000000000000000, 0.000000000000000000 ) ) ;
#3257 = CARTESIAN_POINT ( 'NONE',  ( 3.797000000000000153, -2.920999999999999819, 1.320999999999999952 ) ) ;
#3258 = EDGE_CURVE ( 'NONE', #2150, #5633, #3803, .T. ) ;
#3259 = DIRECTION ( 'NONE',  ( 0.000000000000000000, -1.000000000000000000, 0.000000000000000000 ) ) ;
#3260 = LINE ( 'NONE', #2564, #5377 ) ;
#3261 = ORIENTED_EDGE ( 'NONE', *, *, #3503, .T. ) ;
#3262 = CARTESIAN_POINT ( 'NONE',  ( -3.797000000000000153, -0.8890000000000000124, 1.574999999999999956 ) ) ;
#3263 = SURFACE_SIDE_STYLE ('',( #4913 ) ) ;
#3264 = EDGE_LOOP ( 'NONE', ( #5451, #3728, #6369, #6617 ) ) ;
#3265 = ORIENTED_EDGE ( 'NONE', *, *, #6555, .F. ) ;
#3266 = PRESENTATION_LAYER_ASSIGNMENT (  '', '', ( #2905 ) ) ;
#3267 = DIRECTION ( 'NONE',  ( 0.000000000000000000, 0.000000000000000000, 1.000000000000000000 ) ) ;
#3268 = VERTEX_POINT ( 'NONE', #920 ) ;
#3269 = B_SPLINE_CURVE_WITH_KNOTS ( 'NONE', 3,
 ( #601, #4165, #672, #3014 ),
 .UNSPECIFIED., .F., .F.,
 ( 4, 4 ),
 ( 0.000000000000000000, 1.000000000000000000 ),
 .UNSPECIFIED. ) ;
#3270 = DIRECTION ( 'NONE',  ( -0.7931070766835157659, 0.000000000000000000, 0.6090822316522848112 ) ) ;
#3271 = LINE ( 'NONE', #4918, #3655 ) ;
#3272 = ADVANCED_FACE ( 'NONE', ( #7299 ), #1446, .T. ) ;
#3273 = ORIENTED_EDGE ( 'NONE', *, *, #3041, .T. ) ;
#3274 = EDGE_CURVE ( 'NONE', #7537, #5073, #1377, .T. ) ;
#3275 = EDGE_CURVE ( 'NONE', #1053, #5817, #4875, .T. ) ;
#3276 = AXIS2_PLACEMENT_3D ( 'NONE', #4303, #4991, #6648 ) ;
#3277 = B_SPLINE_CURVE_WITH_KNOTS ( 'NONE', 3,
 ( #772, #3045, #4880, #3735 ),
 .UNSPECIFIED., .F., .F.,
 ( 4, 4 ),
 ( 0.000000000000000000, 1.000000000000000000 ),
 .UNSPECIFIED. ) ;
#3278 = VECTOR ( 'NONE', #406, 1000.000000000000000 ) ;
#3279 = ORIENTED_EDGE ( 'NONE', *, *, #492, .T. ) ;
#3280 = DIRECTION ( 'NONE',  ( -0.000000000000000000, 1.000000000000000000, 0.000000000000000000 ) ) ;
#3281 = EDGE_CURVE ( 'NONE', #5060, #2923, #4045, .T. ) ;
#3282 = VECTOR ( 'NONE', #4486, 1000.000000000000000 ) ;
#3283 = DIRECTION ( 'NONE',  ( 0.000000000000000000, 1.000000000000000000, 0.000000000000000000 ) ) ;
#3284 = ADVANCED_FACE ( 'NONE', ( #6108 ), #6611, .T. ) ;
#3285 = VERTEX_POINT ( 'NONE', #6723 ) ;
#3286 = AXIS2_PLACEMENT_3D ( 'NONE', #3923, #1074, #5230 ) ;
#3287 = PRESENTATION_STYLE_ASSIGNMENT (( #7354 ) ) ;
#3288 = ORIENTED_EDGE ( 'NONE', *, *, #810, .F. ) ;
#3289 = AXIS2_PLACEMENT_3D ( 'NONE', #3129, #7311, #2618 ) ;
#3290 = FACE_OUTER_BOUND ( 'NONE', #6882, .T. ) ;
#3291 = VECTOR ( 'NONE', #5906, 1000.000000000000000 ) ;
#3292 = LINE ( 'NONE', #216, #910 ) ;
#3293 = DIRECTION ( 'NONE',  ( 0.000000000000000000, 0.000000000000000000, 1.000000000000000000 ) ) ;
#3294 = ADVANCED_FACE ( 'NONE', ( #2027 ), #883, .F. ) ;
#3295 = DIRECTION ( 'NONE',  ( 0.7931070766835157659, 0.000000000000000000, 0.6090822316522848112 ) ) ;
#3296 = DIRECTION ( 'NONE',  ( -1.000000000000000000, 0.000000000000000000, 0.000000000000000000 ) ) ;
#3297 = CIRCLE ( 'NONE', #5009, 0.5080000000000001181 ) ;
#3298 = AXIS2_PLACEMENT_3D ( 'NONE', #652, #1292, #1224 ) ;
#3299 = CYLINDRICAL_SURFACE ( 'NONE', #1636, 0.2540000000000000036 ) ;
#3300 = VERTEX_POINT ( 'NONE', #307 ) ;
#3301 = DIRECTION ( 'NONE',  ( 0.7931070766835153218, 0.000000000000000000, -0.6090822316522856994 ) ) ;
#3302 = DIRECTION ( 'NONE',  ( 0.000000000000000000, -1.000000000000000000, 0.000000000000000000 ) ) ;
#3303 = EDGE_LOOP ( 'NONE', ( #3069, #3970, #4182, #231 ) ) ;
#3304 = DIRECTION ( 'NONE',  ( -1.000000000000000000, 0.000000000000000000, 0.000000000000000000 ) ) ;
#3305 = LINE ( 'NONE', #3257, #3832 ) ;
#3306 = VECTOR ( 'NONE', #449, 1000.000000000000000 ) ;
#3307 = MECHANICAL_DESIGN_GEOMETRIC_PRESENTATION_REPRESENTATION (  '', ( #4528 ), #2818 ) ;
#3308 = CARTESIAN_POINT ( 'NONE',  ( -4.089999999999999858, -0.8890000000000000124, 1.066999999999999948 ) ) ;
#3309 = CARTESIAN_POINT ( 'NONE',  ( 3.797000000000000153, 0.3810000000000000053, 1.320999999999999952 ) ) ;
#3310 = ORIENTED_EDGE ( 'NONE', *, *, #4152, .T. ) ;
#3311 = DIRECTION ( 'NONE',  ( 0.000000000000000000, -1.000000000000000000, 0.000000000000000000 ) ) ;
#3312 = ADVANCED_FACE ( 'NONE', ( #5500 ), #805, .T. ) ;
#3313 = SURFACE_SIDE_STYLE ('',( #4572 ) ) ;
#3314 = VERTEX_POINT ( 'NONE', #4989 ) ;
#3315 = ORIENTED_EDGE ( 'NONE', *, *, #7115, .F. ) ;
#3316 = CARTESIAN_POINT ( 'NONE',  ( -4.581000000000000405, 4.191000000000000725, 1.197999999999999954 ) ) ;
#3317 = ORIENTED_EDGE ( 'NONE', *, *, #6168, .F. ) ;
#3318 = DIRECTION ( 'NONE',  ( 0.000000000000000000, 0.000000000000000000, 1.000000000000000000 ) ) ;
#3319 = LINE ( 'NONE', #2033, #3408 ) ;
#3320 = ORIENTED_EDGE ( 'NONE', *, *, #6539, .T. ) ;
#3321 = VECTOR ( 'NONE', #330, 1000.000000000000000 ) ;
#3322 = ORIENTED_EDGE ( 'NONE', *, *, #6343, .T. ) ;
#3323 = EDGE_CURVE ( 'NONE', #7214, #3774, #4912, .T. ) ;
#3324 = CARTESIAN_POINT ( 'NONE',  ( -4.538000000000000256, -4.191000000000000725, 0.3770000000000000018 ) ) ;
#3325 = CIRCLE ( 'NONE', #1713, 0.2540000000000003366 ) ;
#3326 = EDGE_CURVE ( 'NONE', #4795, #3578, #1989, .T. ) ;
#3327 = CARTESIAN_POINT ( 'NONE',  ( -3.797000000000000153, 3.429000000000000270, 1.320999999999999952 ) ) ;
#3328 = VERTEX_POINT ( 'NONE', #3262 ) ;
#3329 = FILL_AREA_STYLE_COLOUR ( '', #7561 ) ;
#3330 = EDGE_LOOP ( 'NONE', ( #1609, #5929, #1991, #6281 ) ) ;
#3331 = AXIS2_PLACEMENT_3D ( 'NONE', #5777, #4011, #1532 ) ;
#3332 = DIRECTION ( 'NONE',  ( 0.000000000000000000, 1.000000000000000000, 0.000000000000000000 ) ) ;
#3333 = FACE_OUTER_BOUND ( 'NONE', #2437, .T. ) ;
#3334 = CARTESIAN_POINT ( 'NONE',  ( 3.797000000000000153, -4.191000000000000725, 1.574999999999999956 ) ) ;
#3335 = DIRECTION ( 'NONE',  ( 0.000000000000000000, -1.000000000000000000, 0.000000000000000000 ) ) ;
#3336 = CARTESIAN_POINT ( 'NONE',  ( -3.797000000000000153, -1.650999999999999801, 1.574999999999999956 ) ) ;
#3337 = CIRCLE ( 'NONE', #1457, 0.5080000000000001181 ) ;
#3338 = AXIS2_PLACEMENT_3D ( 'NONE', #2110, #4499, #3270 ) ;
#3339 = CYLINDRICAL_SURFACE ( 'NONE', #7042, 0.2540000000000000036 ) ;
#3340 = ORIENTED_EDGE ( 'NONE', *, *, #2910, .T. ) ;
#3341 = EDGE_CURVE ( 'NONE', #5880, #5115, #5608, .T. ) ;
#3342 = DIRECTION ( 'NONE',  ( 1.000000000000000000, 0.000000000000000000, 0.000000000000000000 ) ) ;
#3343 = PLANE ( 'NONE',  #5980 ) ;
#3344 = ORIENTED_EDGE ( 'NONE', *, *, #6604, .T. ) ;
#3345 = FACE_OUTER_BOUND ( 'NONE', #1575, .T. ) ;
#3346 =( LENGTH_UNIT ( ) NAMED_UNIT ( * ) SI_UNIT ( .MILLI., .METRE. ) );
#3347 = CARTESIAN_POINT ( 'NONE',  ( 4.089999999999999858, 4.698999999999999844, 1.320999999999999952 ) ) ;
#3348 =( LENGTH_UNIT ( ) NAMED_UNIT ( * ) SI_UNIT ( .MILLI., .METRE. ) );
#3349 = VERTEX_POINT ( 'NONE', #1910 ) ;
#3350 = DIRECTION ( 'NONE',  ( 0.000000000000000000, 0.000000000000000000, 1.000000000000000000 ) ) ;
#3351 = VERTEX_POINT ( 'NONE', #1685 ) ;
#3352 = ORIENTED_EDGE ( 'NONE', *, *, #7025, .F. ) ;
#3353 = LINE ( 'NONE', #850, #6467 ) ;
#3354 = VERTEX_POINT ( 'NONE', #5159 ) ;
#3355 = CARTESIAN_POINT ( 'NONE',  ( -3.797000000000000153, -3.429000000000000270, 1.574999999999999956 ) ) ;
#3356 = CARTESIAN_POINT ( 'NONE',  ( 3.797000000000000153, 0.8890000000000000124, 1.574999999999999956 ) ) ;
#3357 = B_SPLINE_CURVE_WITH_KNOTS ( 'NONE', 3,
 ( #6313, #5778, #368, #3895 ),
 .UNSPECIFIED., .F., .F.,
 ( 4, 4 ),
 ( 0.000000000000000000, 1.000000000000000000 ),
 .UNSPECIFIED. ) ;
#3358 = ORIENTED_EDGE ( 'NONE', *, *, #7316, .F. ) ;
#3359 = ORIENTED_EDGE ( 'NONE', *, *, #2341, .F. ) ;
#3360 =( GEOMETRIC_REPRESENTATION_CONTEXT ( 3 ) GLOBAL_UNCERTAINTY_ASSIGNED_CONTEXT ( ( #708 ) ) GLOBAL_UNIT_ASSIGNED_CONTEXT ( ( #4505, #5199, #3361 ) ) REPRESENTATION_CONTEXT ( 'NONE', 'WORKASPACE' ) );
#3361 =( NAMED_UNIT ( * ) SI_UNIT ( $, .STERADIAN. ) SOLID_ANGLE_UNIT ( ) );
#3362 = DIRECTION ( 'NONE',  ( 0.9658855493432024764, 0.000000000000000000, -0.2589693139543370881 ) ) ;
#3363 = EDGE_CURVE ( 'NONE', #5196, #5146, #1046, .T. ) ;
#3364 = DIRECTION ( 'NONE',  ( 0.7931070766835157659, 0.000000000000000000, -0.6090822316522848112 ) ) ;
#3365 = VERTEX_POINT ( 'NONE', #6885 ) ;
#3366 = VECTOR ( 'NONE', #4785, 1000.000000000000000 ) ;
#3367 = VECTOR ( 'NONE', #7266, 1000.000000000000000 ) ;
#3368 = EDGE_LOOP ( 'NONE', ( #3242, #5921, #7509, #337 ) ) ;
#3369 = LINE ( 'NONE', #4589, #6219 ) ;
#3370 = CARTESIAN_POINT ( 'NONE',  ( -4.089999999999999858, -2.158999999999999808, 1.066999999999999948 ) ) ;
#3371 = LINE ( 'NONE', #3904, #7252 ) ;
#3372 = DIRECTION ( 'NONE',  ( 0.000000000000000000, -1.000000000000000000, 0.000000000000000000 ) ) ;
#3373 = AXIS2_PLACEMENT_3D ( 'NONE', #5105, #3383, #7443 ) ;
#3374 = DIRECTION ( 'NONE',  ( 0.000000000000000000, -1.000000000000000000, 0.000000000000000000 ) ) ;
#3375 = EDGE_CURVE ( 'NONE', #6977, #2428, #1724, .T. ) ;
#3376 = EDGE_CURVE ( 'NONE', #3578, #5372, #6, .T. ) ;
#3377 = CARTESIAN_POINT ( 'NONE',  ( 4.783675919342393890, -0.7196666666666667878, 0.4421813442138124439 ) ) ;
#3378 = ADVANCED_FACE ( 'NONE', ( #1613 ), #2929, .T. ) ;
#3379 = VERTEX_POINT ( 'NONE', #2889 ) ;
#3380 = CARTESIAN_POINT ( 'NONE',  ( 4.402572021097666877, 4.191000000000000725, 0.8809746240141085316 ) ) ;
#3381 = CARTESIAN_POINT ( 'NONE',  ( -4.783000000000000362, 4.191000000000000725, 0.4420000000000000040 ) ) ;
#3382 = ORIENTED_EDGE ( 'NONE', *, *, #2901, .F. ) ;
#3383 = DIRECTION ( 'NONE',  ( 0.000000000000000000, 0.000000000000000000, -1.000000000000000000 ) ) ;
#3384 = CARTESIAN_POINT ( 'NONE',  ( -5.321000000000000618, 2.920999999999999819, 0.000000000000000000 ) ) ;
#3385 = DIRECTION ( 'NONE',  ( 0.000000000000000000, 1.000000000000000000, 0.000000000000000000 ) ) ;
#3386 = EDGE_CURVE ( 'NONE', #4780, #229, #3082, .T. ) ;
#3387 = CYLINDRICAL_SURFACE ( 'NONE', #89, 0.5080000000000000071 ) ;
#3388 = DIRECTION ( 'NONE',  ( -0.7931070766835157659, 0.000000000000000000, 0.6090822316522848112 ) ) ;
#3389 =( LENGTH_UNIT ( ) NAMED_UNIT ( * ) SI_UNIT ( .MILLI., .METRE. ) );
#3390 = ORIENTED_EDGE ( 'NONE', *, *, #2749, .T. ) ;
#3391 = ORIENTED_EDGE ( 'NONE', *, *, #6131, .F. ) ;
#3392 = LINE ( 'NONE', #7531, #7405 ) ;
#3393 = VERTEX_POINT ( 'NONE', #7461 ) ;
#3394 = PLANE ( 'NONE',  #5305 ) ;
#3395 = DIRECTION ( 'NONE',  ( 1.000000000000000000, 0.000000000000000000, 0.000000000000000000 ) ) ;
#3396 = ORIENTED_EDGE ( 'NONE', *, *, #5689, .T. ) ;
#3397 = ORIENTED_EDGE ( 'NONE', *, *, #4675, .T. ) ;
#3398 = DIRECTION ( 'NONE',  ( 0.000000000000000000, 1.000000000000000000, 0.000000000000000000 ) ) ;
#3399 = PRESENTATION_LAYER_ASSIGNMENT (  '', '', ( #1533 ) ) ;
#3400 = CARTESIAN_POINT ( 'NONE',  ( -5.028999999999999915, 2.158999999999999808, 0.000000000000000000 ) ) ;
#3401 = VERTEX_POINT ( 'NONE', #2191 ) ;
#3402 = AXIS2_PLACEMENT_3D ( 'NONE', #1448, #6149, #3926 ) ;
#3403 = ORIENTED_EDGE ( 'NONE', *, *, #3274, .F. ) ;
#3404 = EDGE_CURVE ( 'NONE', #3163, #580, #5804, .T. ) ;
#3405 = DIRECTION ( 'NONE',  ( -1.000000000000000000, 0.000000000000000000, 0.000000000000000000 ) ) ;
#3406 = CARTESIAN_POINT ( 'NONE',  ( -4.335256734746894658, -3.259666666666666490, 1.133069161197122865 ) ) ;
#3407 = CARTESIAN_POINT ( 'NONE',  ( -3.679379309127736253, 5.177159449031959682, 0.6045868191613660292 ) ) ;
#3408 = VECTOR ( 'NONE', #3808, 1000.000000000000000 ) ;
#3409 = DIRECTION ( 'NONE',  ( 0.000000000000000000, -1.000000000000000000, 0.000000000000000000 ) ) ;
#3410 = DIRECTION ( 'NONE',  ( -0.000000000000000000, 1.000000000000000000, 0.000000000000000000 ) ) ;
#3411 = PRODUCT_DEFINITION_SHAPE ( 'NONE', 'NONE',  #5806 ) ;
#3412 = DIRECTION ( 'NONE',  ( 0.000000000000000000, -1.000000000000000000, 0.000000000000000000 ) ) ;
#3413 = VERTEX_POINT ( 'NONE', #5699 ) ;
#3414 = AXIS2_PLACEMENT_3D ( 'NONE', #2714, #6907, #2172 ) ;
#3415 = DIRECTION ( 'NONE',  ( 0.000000000000000000, 0.000000000000000000, -1.000000000000000000 ) ) ;
#3416 = B_SPLINE_CURVE_WITH_KNOTS ( 'NONE', 3,
 ( #3324, #7468, #2154, #3935 ),
 .UNSPECIFIED., .F., .F.,
 ( 4, 4 ),
 ( 0.000000000000000000, 1.000000000000000000 ),
 .UNSPECIFIED. ) ;
#3417 = EDGE_CURVE ( 'NONE', #7265, #2854, #2852, .T. ) ;
#3418 = FACE_OUTER_BOUND ( 'NONE', #1239, .T. ) ;
#3419 = ORIENTED_EDGE ( 'NONE', *, *, #7161, .T. ) ;
#3420 = DIRECTION ( 'NONE',  ( 0.000000000000000000, 1.000000000000000000, 0.000000000000000000 ) ) ;
#3421 = EDGE_CURVE ( 'NONE', #2198, #113, #1882, .T. ) ;
#3422 = LINE ( 'NONE', #997, #4268 ) ;
#3423 = PRESENTATION_LAYER_ASSIGNMENT (  '', '', ( #2424 ) ) ;
#3424 = CARTESIAN_POINT ( 'NONE',  ( -5.321000000000000618, 2.158999999999999808, 0.000000000000000000 ) ) ;
#3425 = LINE ( 'NONE', #6295, #2738 ) ;
#3426 = VECTOR ( 'NONE', #3395, 1000.000000000000000 ) ;
#3427 = CARTESIAN_POINT ( 'NONE',  ( -5.028999999999999915, -3.429000000000000270, 0.2540000000000000036 ) ) ;
#3428 = ORIENTED_EDGE ( 'NONE', *, *, #66, .T. ) ;
#3429 = AXIS2_PLACEMENT_3D ( 'NONE', #3648, #2996, #114 ) ;
#3430 = ORIENTED_EDGE ( 'NONE', *, *, #6761, .F. ) ;
#3431 = CARTESIAN_POINT ( 'NONE',  ( 3.797000000000000153, 2.920999999999999819, 1.320999999999999952 ) ) ;
#3432 = ORIENTED_EDGE ( 'NONE', *, *, #5090, .T. ) ;
#3433 = FACE_OUTER_BOUND ( 'NONE', #5582, .T. ) ;
#3434 = DIRECTION ( 'NONE',  ( 0.000000000000000000, 0.000000000000000000, 1.000000000000000000 ) ) ;
#3435 = B_SPLINE_CURVE_WITH_KNOTS ( 'NONE', 3,
 ( #6943, #6372, #2877, #6406 ),
 .UNSPECIFIED., .F., .F.,
 ( 4, 4 ),
 ( 0.000000000000000000, 1.000000000000000000 ),
 .UNSPECIFIED. ) ;
#3436 = ORIENTED_EDGE ( 'NONE', *, *, #2091, .F. ) ;
#3437 = EDGE_CURVE ( 'NONE', #398, #698, #2816, .T. ) ;
#3438 = VERTEX_POINT ( 'NONE', #1009 ) ;
#3439 = DIRECTION ( 'NONE',  ( -1.000000000000000000, 0.000000000000000000, 0.000000000000000000 ) ) ;
#3440 = DIRECTION ( 'NONE',  ( -0.9658855493432024764, 0.000000000000000000, 0.2589693139543370881 ) ) ;
#3441 = VERTEX_POINT ( 'NONE', #6919 ) ;
#3442 = ORIENTED_EDGE ( 'NONE', *, *, #5628, .F. ) ;
#3443 = CIRCLE ( 'NONE', #249, 0.2540000000000000591 ) ;
#3444 = CARTESIAN_POINT ( 'NONE',  ( 4.089999999999999858, -2.158999999999999808, 1.066999999999999948 ) ) ;
#3445 = PLANE ( 'NONE',  #6924 ) ;
#3446 = DIRECTION ( 'NONE',  ( 0.000000000000000000, 0.000000000000000000, -1.000000000000000000 ) ) ;
#3447 = DIRECTION ( 'NONE',  ( 0.000000000000000000, 0.000000000000000000, -1.000000000000000000 ) ) ;
#3448 = CARTESIAN_POINT ( 'NONE',  ( -1.265666666666666718, 5.244504113622239672, 1.306047844313835249 ) ) ;
#3449 = EDGE_CURVE ( 'NONE', #6222, #7544, #5840, .T. ) ;
#3450 = B_SPLINE_CURVE_WITH_KNOTS ( 'NONE', 3,
 ( #3857, #2116, #402, #2736 ),
 .UNSPECIFIED., .F., .F.,
 ( 4, 4 ),
 ( 0.000000000000000000, 1.000000000000000000 ),
 .UNSPECIFIED. ) ;
#3451 = CARTESIAN_POINT ( 'NONE',  ( 3.797000000000000153, 3.429000000000000270, 1.320999999999999952 ) ) ;
#3452 = ORIENTED_EDGE ( 'NONE', *, *, #6749, .F. ) ;
#3453 = DIRECTION ( 'NONE',  ( -0.000000000000000000, 1.000000000000000000, 0.000000000000000000 ) ) ;
#3454 = DIRECTION ( 'NONE',  ( 0.9658855493432024764, 0.000000000000000000, 0.2589693139543370881 ) ) ;
#3455 = ORIENTED_EDGE ( 'NONE', *, *, #1209, .T. ) ;
#3456 = DIRECTION ( 'NONE',  ( 0.000000000000000000, 1.000000000000000000, 0.000000000000000000 ) ) ;
#3457 = PLANE ( 'NONE',  #3194 ) ;
#3458 = DIRECTION ( 'NONE',  ( 0.000000000000000000, 1.000000000000000000, 0.000000000000000000 ) ) ;
#3459 = VECTOR ( 'NONE', #7541, 1000.000000000000000 ) ;
#3460 = ADVANCED_FACE ( 'NONE', ( #4006 ), #7033, .T. ) ;
#3461 = DIRECTION ( 'NONE',  ( 0.000000000000000000, -1.000000000000000000, 0.000000000000000000 ) ) ;
#3462 = LINE ( 'NONE', #349, #5933 ) ;
#3463 = EDGE_CURVE ( 'NONE', #6212, #3365, #7494, .T. ) ;
#3464 = CARTESIAN_POINT ( 'NONE',  ( 4.089999999999999858, -3.429000000000000270, 1.066999999999999948 ) ) ;
#3465 =( NAMED_UNIT ( * ) PLANE_ANGLE_UNIT ( ) SI_UNIT ( $, .RADIAN. ) );
#3466 = ORIENTED_EDGE ( 'NONE', *, *, #6421, .F. ) ;
#3467 = EDGE_LOOP ( 'NONE', ( #3677, #1372, #2941, #1689, #854, #3910, #4240, #442, #4992, #2870, #4075, #5547 ) ) ;
#3468 = CARTESIAN_POINT ( 'NONE',  ( -5.028999999999999915, -2.920999999999999819, 0.000000000000000000 ) ) ;
#3469 = CARTESIAN_POINT ( 'NONE',  ( -4.538000000000000256, 3.429000000000000270, 0.3770000000000000018 ) ) ;
#3470 = DIRECTION ( 'NONE',  ( 0.000000000000000000, 0.000000000000000000, -1.000000000000000000 ) ) ;
#3471 = VERTEX_POINT ( 'NONE', #5236 ) ;
#3472 = EDGE_CURVE ( 'NONE', #2393, #5882, #841, .T. ) ;
#3473 = EDGE_CURVE ( 'NONE', #2285, #4228, #6384, .T. ) ;
#3474 = EDGE_CURVE ( 'NONE', #1833, #5553, #3297, .T. ) ;
#3475 = ORIENTED_EDGE ( 'NONE', *, *, #2690, .T. ) ;
#3476 = B_SPLINE_CURVE_WITH_KNOTS ( 'NONE', 3,
 ( #5918, #4218, #1336, #6029 ),
 .UNSPECIFIED., .F., .F.,
 ( 4, 4 ),
 ( 0.000000000000000000, 1.000000000000000000 ),
 .UNSPECIFIED. ) ;
#3477 = DIRECTION ( 'NONE',  ( 0.000000000000000000, 0.000000000000000000, -1.000000000000000000 ) ) ;
#3478 = DIRECTION ( 'NONE',  ( 1.000000000000000000, 0.000000000000000000, 0.000000000000000000 ) ) ;
#3479 = EDGE_CURVE ( 'NONE', #1561, #4904, #3509, .T. ) ;
#3480 = EDGE_LOOP ( 'NONE', ( #1047, #618, #5643, #4470 ) ) ;
#3481 = ORIENTED_EDGE ( 'NONE', *, *, #5440, .F. ) ;
#3482 = ORIENTED_EDGE ( 'NONE', *, *, #7058, .F. ) ;
#3483 = CARTESIAN_POINT ( 'NONE',  ( -4.334999999999999964, -3.429000000000000270, 1.132999999999999785 ) ) ;
#3484 = CARTESIAN_POINT ( 'NONE',  ( 5.028999999999999915, 2.158999999999999808, 0.2540000000000000036 ) ) ;
#3485 = AXIS2_PLACEMENT_3D ( 'NONE', #5726, #7061, #1715 ) ;
#3486 = UNCERTAINTY_MEASURE_WITH_UNIT (LENGTH_MEASURE( 1.000000000000000082E-05 ), #4679, 'distance_accuracy_value', 'NONE');
#3487 = DIRECTION ( 'NONE',  ( 0.000000000000000000, 0.000000000000000000, 1.000000000000000000 ) ) ;
#3488 = DIRECTION ( 'NONE',  ( 1.000000000000000000, 0.000000000000000000, 0.000000000000000000 ) ) ;
#3489 = VECTOR ( 'NONE', #3874, 1000.000000000000000 ) ;
#3490 = ORIENTED_EDGE ( 'NONE', *, *, #2182, .F. ) ;
#3491 = CIRCLE ( 'NONE', #1383, 0.2540000000000000591 ) ;
#3492 = LINE ( 'NONE', #1704, #5994 ) ;
#3493 = FACE_OUTER_BOUND ( 'NONE', #5565, .T. ) ;
#3494 = EDGE_LOOP ( 'NONE', ( #655, #1817, #4342, #2142 ) ) ;
#3495 = VECTOR ( 'NONE', #6300, 1000.000000000000000 ) ;
#3496 = CARTESIAN_POINT ( 'NONE',  ( 5.028999999999999915, 3.429000000000000270, 0.2540000000000000036 ) ) ;
#3497 = DIRECTION ( 'NONE',  ( 0.000000000000000000, 0.000000000000000000, 1.000000000000000000 ) ) ;
#3498 = CARTESIAN_POINT ( 'NONE',  ( 5.321000000000000618, -2.920999999999999819, 0.2540000000000000036 ) ) ;
#3499 = CARTESIAN_POINT ( 'NONE',  ( 4.581000000000000405, -2.158999999999999808, 1.197999999999999954 ) ) ;
#3500 = AXIS2_PLACEMENT_3D ( 'NONE', #2744, #6317, #4590 ) ;
#3501 = LINE ( 'NONE', #5947, #3366 ) ;
#3502 = SURFACE_STYLE_USAGE ( .BOTH. , #5948 ) ;
#3503 = EDGE_CURVE ( 'NONE', #6722, #275, #1696, .T. ) ;
#3504 = SURFACE_STYLE_USAGE ( .BOTH. , #5728 ) ;
#3505 = ORIENTED_EDGE ( 'NONE', *, *, #1452, .F. ) ;
#3506 = EDGE_LOOP ( 'NONE', ( #4504, #5361, #5736, #5852 ) ) ;
#3507 = CARTESIAN_POINT ( 'NONE',  ( 3.797000000000000153, -5.244999999999999218, 1.306000000000000050 ) ) ;
#3508 = LINE ( 'NONE', #4208, #6277 ) ;
#3509 = LINE ( 'NONE', #3356, #1688 ) ;
#3510 = ORIENTED_EDGE ( 'NONE', *, *, #412, .T. ) ;
#3511 = FILL_AREA_STYLE ('',( #6200 ) ) ;
#3512 = ORIENTED_EDGE ( 'NONE', *, *, #5624, .T. ) ;
#3513 = EDGE_CURVE ( 'NONE', #3238, #3441, #4883, .T. ) ;
#3514 = DIRECTION ( 'NONE',  ( 0.000000000000000000, 0.000000000000000000, -1.000000000000000000 ) ) ;
#3515 = EDGE_CURVE ( 'NONE', #4904, #70, #1792, .T. ) ;
#3516 = ADVANCED_FACE ( 'NONE', ( #2487 ), #622, .T. ) ;
#3517 = FACE_OUTER_BOUND ( 'NONE', #589, .T. ) ;
#3518 = ORIENTED_EDGE ( 'NONE', *, *, #6085, .T. ) ;
#3519 = ORIENTED_EDGE ( 'NONE', *, *, #7591, .T. ) ;
#3520 = ORIENTED_EDGE ( 'NONE', *, *, #5541, .T. ) ;
#3521 = ORIENTED_EDGE ( 'NONE', *, *, #4708, .T. ) ;
#3522 = CARTESIAN_POINT ( 'NONE',  ( -4.783675919342393890, 3.259666666666666934, 0.4421813442138124439 ) ) ;
#3523 = CARTESIAN_POINT ( 'NONE',  ( -3.797000000000000153, 5.244999999999999218, 1.306000000000000050 ) ) ;
#3524 = MECHANICAL_DESIGN_GEOMETRIC_PRESENTATION_REPRESENTATION (  '', ( #5240 ), #5365 ) ;
#3525 = DIRECTION ( 'NONE',  ( 0.000000000000000000, 1.000000000000000000, 0.000000000000000000 ) ) ;
#3526 = FACE_OUTER_BOUND ( 'NONE', #1199, .T. ) ;
#3527 = B_SPLINE_CURVE_WITH_KNOTS ( 'NONE', 3,
 ( #4176, #5944, #5341, #1822 ),
 .UNSPECIFIED., .F., .F.,
 ( 4, 4 ),
 ( 0.000000000000000000, 1.000000000000000000 ),
 .UNSPECIFIED. ) ;
#3528 = CARTESIAN_POINT ( 'NONE',  ( 4.089999999999999858, 4.698999999999999844, 1.066999999999999948 ) ) ;
#3529 = VECTOR ( 'NONE', #4224, 1000.000000000000000 ) ;
#3530 = ORIENTED_EDGE ( 'NONE', *, *, #1995, .F. ) ;
#3531 = EDGE_CURVE ( 'NONE', #3393, #7583, #4832, .T. ) ;
#3532 = CARTESIAN_POINT ( 'NONE',  ( 4.783675919342393890, -3.259666666666666934, 0.4421813442138124439 ) ) ;
#3533 = ORIENTED_EDGE ( 'NONE', *, *, #1287, .F. ) ;
#3534 = CIRCLE ( 'NONE', #2163, 0.2540000000000003366 ) ;
#3535 = CARTESIAN_POINT ( 'NONE',  ( 4.089999999999999858, -2.158999999999999808, 1.320999999999999952 ) ) ;
#3536 = CARTESIAN_POINT ( 'NONE',  ( -4.089999999999999858, -2.920999999999999819, 1.320999999999999952 ) ) ;
#3537 = CARTESIAN_POINT ( 'NONE',  ( 3.797000000000000153, 3.429000000000000270, 1.574999999999999956 ) ) ;
#3538 = CARTESIAN_POINT ( 'NONE',  ( 4.089999999999999858, 3.429000000000000270, 1.574999999999999956 ) ) ;
#3539 = CIRCLE ( 'NONE', #213, 0.5080000000000001181 ) ;
#3540 = VECTOR ( 'NONE', #7564, 1000.000000000000000 ) ;
#3541 = CARTESIAN_POINT ( 'NONE',  ( -4.089999999999999858, -2.158999999999999808, 1.320999999999999952 ) ) ;
#3542 = PLANE ( 'NONE',  #3429 ) ;
#3543 = DIRECTION ( 'NONE',  ( 0.000000000000000000, 0.000000000000000000, -1.000000000000000000 ) ) ;
#3544 = VERTEX_POINT ( 'NONE', #4257 ) ;
#3545 = ORIENTED_EDGE ( 'NONE', *, *, #3437, .F. ) ;
#3546 = LINE ( 'NONE', #5883, #7284 ) ;
#3547 = VECTOR ( 'NONE', #3780, 1000.000000000000000 ) ;
#3548 = AXIS2_PLACEMENT_3D ( 'NONE', #570, #2912, #3569 ) ;
#3549 = CARTESIAN_POINT ( 'NONE',  ( 4.089999999999999858, -3.429000000000000270, 1.574999999999999956 ) ) ;
#3550 = EDGE_CURVE ( 'NONE', #6148, #6977, #6237, .T. ) ;
#3551 = VERTEX_POINT ( 'NONE', #6608 ) ;
#3552 = VECTOR ( 'NONE', #2597, 1000.000000000000000 ) ;
#3553 = VECTOR ( 'NONE', #2834, 1000.000000000000000 ) ;
#3554 = ORIENTED_EDGE ( 'NONE', *, *, #4801, .T. ) ;
#3555 = FACE_OUTER_BOUND ( 'NONE', #6482, .T. ) ;
#3556 = MECHANICAL_DESIGN_GEOMETRIC_PRESENTATION_REPRESENTATION (  '', ( #2939 ), #6861 ) ;
#3557 = VERTEX_POINT ( 'NONE', #1337 ) ;
#3558 = ORIENTED_EDGE ( 'NONE', *, *, #6450, .F. ) ;
#3559 = EDGE_CURVE ( 'NONE', #4216, #6558, #6486, .T. ) ;
#3560 = ORIENTED_EDGE ( 'NONE', *, *, #2316, .T. ) ;
#3561 = ORIENTED_EDGE ( 'NONE', *, *, #2121, .T. ) ;
#3562 = CARTESIAN_POINT ( 'NONE',  ( -4.783000000000000362, 2.920999999999999819, 0.4420000000000000040 ) ) ;
#3563 = CARTESIAN_POINT ( 'NONE',  ( -4.089999999999999858, 2.920999999999999819, 1.066999999999999948 ) ) ;
#3564 = UNCERTAINTY_MEASURE_WITH_UNIT (LENGTH_MEASURE( 1.000000000000000082E-05 ), #3346, 'distance_accuracy_value', 'NONE');
#3565 = DIRECTION ( 'NONE',  ( -1.000000000000000000, 0.000000000000000000, 0.000000000000000000 ) ) ;
#3566 = CARTESIAN_POINT ( 'NONE',  ( 4.334999999999999964, 4.191000000000000725, 1.132999999999999785 ) ) ;
#3567 = VECTOR ( 'NONE', #2403, 1000.000000000000000 ) ;
#3568 = ORIENTED_EDGE ( 'NONE', *, *, #5861, .F. ) ;
#3569 = DIRECTION ( 'NONE',  ( 0.000000000000000000, 1.000000000000000000, 0.000000000000000000 ) ) ;
#3570 = ORIENTED_EDGE ( 'NONE', *, *, #3820, .T. ) ;
#3571 = CARTESIAN_POINT ( 'NONE',  ( -4.334999999999999964, -3.429000000000000270, 1.132999999999999785 ) ) ;
#3572 = LINE ( 'NONE', #3536, #2953 ) ;
#3573 = DIRECTION ( 'NONE',  ( 0.000000000000000000, -1.000000000000000000, 0.000000000000000000 ) ) ;
#3574 = EDGE_CURVE ( 'NONE', #677, #204, #2968, .T. ) ;
#3575 = CARTESIAN_POINT ( 'NONE',  ( -3.797000000000000153, 5.244999999999999218, 1.306000000000000050 ) ) ;
#3576 = LINE ( 'NONE', #5914, #1567 ) ;
#3577 = CARTESIAN_POINT ( 'NONE',  ( 4.089999999999999858, 0.8890000000000000124, 1.320999999999999952 ) ) ;
#3578 = VERTEX_POINT ( 'NONE', #6497 ) ;
#3579 = ORIENTED_EDGE ( 'NONE', *, *, #6809, .T. ) ;
#3580 = PLANE ( 'NONE',  #6055 ) ;
#3581 = VECTOR ( 'NONE', #395, 1000.000000000000000 ) ;
#3582 = CARTESIAN_POINT ( 'NONE',  ( 4.334999999999999964, -1.650999999999999801, 1.132999999999999785 ) ) ;
#3583 = VERTEX_POINT ( 'NONE', #3035 ) ;
#3584 =( GEOMETRIC_REPRESENTATION_CONTEXT ( 3 ) GLOBAL_UNCERTAINTY_ASSIGNED_CONTEXT ( ( #4096 ) ) GLOBAL_UNIT_ASSIGNED_CONTEXT ( ( #829, #3176, #3212 ) ) REPRESENTATION_CONTEXT ( 'NONE', 'WORKASPACE' ) );
#3585 = DIRECTION ( 'NONE',  ( 0.000000000000000000, 1.000000000000000000, 0.000000000000000000 ) ) ;
#3586 = ORIENTED_EDGE ( 'NONE', *, *, #79, .F. ) ;
#3587 = CARTESIAN_POINT ( 'NONE',  ( 3.797000000000000153, 0.8890000000000000124, 1.320999999999999952 ) ) ;
#3588 = CARTESIAN_POINT ( 'NONE',  ( -4.089999999999999858, -1.650999999999999801, 1.066999999999999948 ) ) ;
#3589 = VERTEX_POINT ( 'NONE', #3549 ) ;
#3590 = VERTEX_POINT ( 'NONE', #4219 ) ;
#3591 = ORIENTED_EDGE ( 'NONE', *, *, #6324, .F. ) ;
#3592 = ORIENTED_EDGE ( 'NONE', *, *, #511, .F. ) ;
#3593 = EDGE_CURVE ( 'NONE', #4113, #740, #5316, .T. ) ;
#3594 = DIRECTION ( 'NONE',  ( 0.000000000000000000, -1.000000000000000000, 0.000000000000000000 ) ) ;
#3595 = CYLINDRICAL_SURFACE ( 'NONE', #2695, 0.2540000000000000036 ) ;
#3596 = CARTESIAN_POINT ( 'NONE',  ( -5.321000000000000618, -1.650999999999999801, 0.000000000000000000 ) ) ;
#3597 = CARTESIAN_POINT ( 'NONE',  ( -5.321000000000000618, 4.191000000000000725, 0.000000000000000000 ) ) ;
#3598 = EDGE_LOOP ( 'NONE', ( #980, #419, #2120, #849, #5841, #273, #2209, #5273, #1666, #4004, #3344, #2113 ) ) ;
#3599 = CARTESIAN_POINT ( 'NONE',  ( 4.783000000000000362, -2.920999999999999819, 0.4420000000000000040 ) ) ;
#3600 = EDGE_LOOP ( 'NONE', ( #6271, #6837, #6401, #1793 ) ) ;
#3601 = DIRECTION ( 'NONE',  ( 0.000000000000000000, -1.000000000000000000, 0.000000000000000000 ) ) ;
#3602 = CARTESIAN_POINT ( 'NONE',  ( -5.028999999999999915, -1.650999999999999801, 0.5080000000000000071 ) ) ;
#3603 = B_SPLINE_CURVE_WITH_KNOTS ( 'NONE', 3,
 ( #2318, #5292, #1773, #4127 ),
 .UNSPECIFIED., .F., .F.,
 ( 4, 4 ),
 ( 0.000000000000000000, 1.000000000000000000 ),
 .UNSPECIFIED. ) ;
#3604 = EDGE_CURVE ( 'NONE', #46, #1875, #109, .T. ) ;
#3605 = VECTOR ( 'NONE', #781, 1000.000000000000000 ) ;
#3606 = DIRECTION ( 'NONE',  ( -1.000000000000000000, 0.000000000000000000, 0.000000000000000000 ) ) ;
#3607 = EDGE_CURVE ( 'NONE', #2854, #2377, #658, .T. ) ;
#3608 = EDGE_CURVE ( 'NONE', #1206, #7062, #6020, .T. ) ;
#3609 = AXIS2_PLACEMENT_3D ( 'NONE', #6971, #1738, #2239 ) ;
#3610 = DIRECTION ( 'NONE',  ( 0.000000000000000000, -1.000000000000000000, 0.000000000000000000 ) ) ;
#3611 =( NAMED_UNIT ( * ) PLANE_ANGLE_UNIT ( ) SI_UNIT ( $, .RADIAN. ) );
#3612 = VECTOR ( 'NONE', #5759, 1000.000000000000000 ) ;
#3613 = DIRECTION ( 'NONE',  ( 0.000000000000000000, -1.000000000000000000, 0.000000000000000000 ) ) ;
#3614 = VERTEX_POINT ( 'NONE', #7142 ) ;
#3615 = ORIENTED_EDGE ( 'NONE', *, *, #1800, .T. ) ;
#3616 = CARTESIAN_POINT ( 'NONE',  ( -5.028999999999999915, 2.158999999999999808, 0.000000000000000000 ) ) ;
#3617 = FACE_OUTER_BOUND ( 'NONE', #7277, .T. ) ;
#3618 = CIRCLE ( 'NONE', #3987, 0.5080000000000001181 ) ;
#3619 = ORIENTED_EDGE ( 'NONE', *, *, #675, .T. ) ;
#3620 = CARTESIAN_POINT ( 'NONE',  ( -4.581000000000000405, 3.429000000000000270, 1.197999999999999954 ) ) ;
#3621 = EDGE_LOOP ( 'NONE', ( #6391, #3452, #5050, #4901 ) ) ;
#3622 = LINE ( 'NONE', #4157, #5607 ) ;
#3623 = EDGE_CURVE ( 'NONE', #609, #7191, #2521, .T. ) ;
#3624 = DIRECTION ( 'NONE',  ( 0.000000000000000000, 1.000000000000000000, 0.000000000000000000 ) ) ;
#3625 = ORIENTED_EDGE ( 'NONE', *, *, #4201, .T. ) ;
#3626 = VERTEX_POINT ( 'NONE', #7221 ) ;
#3627 = ORIENTED_EDGE ( 'NONE', *, *, #6556, .F. ) ;
#3628 = ORIENTED_EDGE ( 'NONE', *, *, #6690, .T. ) ;
#3629 = CARTESIAN_POINT ( 'NONE',  ( 4.335256734746894658, 3.090333333333333599, 1.133069161197122865 ) ) ;
#3630 = DIRECTION ( 'NONE',  ( 0.000000000000000000, 1.000000000000000000, 0.000000000000000000 ) ) ;
#3631 = UNCERTAINTY_MEASURE_WITH_UNIT (LENGTH_MEASURE( 1.000000000000000082E-05 ), #6779, 'distance_accuracy_value', 'NONE');
#3632 = EDGE_CURVE ( 'NONE', #7191, #3314, #6455, .T. ) ;
#3633 = CARTESIAN_POINT ( 'NONE',  ( -5.321000000000000618, 2.920999999999999819, 0.2540000000000000036 ) ) ;
#3634 = EDGE_CURVE ( 'NONE', #4228, #1053, #3654, .T. ) ;
#3635 = LINE ( 'NONE', #6011, #2155 ) ;
#3636 = ORIENTED_EDGE ( 'NONE', *, *, #5306, .T. ) ;
#3637 = CARTESIAN_POINT ( 'NONE',  ( 3.797000000000000153, 2.158999999999999808, 1.574999999999999956 ) ) ;
#3638 = ORIENTED_EDGE ( 'NONE', *, *, #4238, .T. ) ;
#3639 = CARTESIAN_POINT ( 'NONE',  ( -4.089999999999999858, -2.158999999999999808, 1.320999999999999952 ) ) ;
#3640 = FACE_OUTER_BOUND ( 'NONE', #2976, .T. ) ;
#3641 = CARTESIAN_POINT ( 'NONE',  ( 4.538000000000000256, 2.158999999999999808, 0.3770000000000000018 ) ) ;
#3642 = PLANE ( 'NONE',  #4042 ) ;
#3643 = PRESENTATION_LAYER_ASSIGNMENT (  '', '', ( #6951 ) ) ;
#3644 = DIRECTION ( 'NONE',  ( 0.000000000000000000, 1.000000000000000000, 0.000000000000000000 ) ) ;
#3645 = ADVANCED_FACE ( 'NONE', ( #3617 ), #5953, .T. ) ;
#3646 = ORIENTED_EDGE ( 'NONE', *, *, #1111, .T. ) ;
#3647 = AXIS2_PLACEMENT_3D ( 'NONE', #6899, #1094, #3332 ) ;
#3648 = CARTESIAN_POINT ( 'NONE',  ( 3.797000000000000153, 0.8890000000000000124, 1.574999999999999956 ) ) ;
#3649 = DIRECTION ( 'NONE',  ( 0.000000000000000000, 0.000000000000000000, 1.000000000000000000 ) ) ;
#3650 = ORIENTED_EDGE ( 'NONE', *, *, #5003, .F. ) ;
#3651 = ADVANCED_FACE ( 'NONE', ( #3190 ), #7332, .T. ) ;
#3652 = DIRECTION ( 'NONE',  ( 0.000000000000000000, 0.000000000000000000, -1.000000000000000000 ) ) ;
#3653 = AXIS2_PLACEMENT_3D ( 'NONE', #376, #4594, #6320 ) ;
#3654 = LINE ( 'NONE', #5351, #1564 ) ;
#3655 = VECTOR ( 'NONE', #5618, 1000.000000000000000 ) ;
#3656 = DIRECTION ( 'NONE',  ( -1.000000000000000000, 0.000000000000000000, 0.000000000000000000 ) ) ;
#3657 = EDGE_LOOP ( 'NONE', ( #131, #5287, #4212, #5776 ) ) ;
#3658 = DIRECTION ( 'NONE',  ( 0.000000000000000000, 1.000000000000000000, 0.000000000000000000 ) ) ;
#3659 = AXIS2_PLACEMENT_3D ( 'NONE', #7179, #194, #731 ) ;
#3660 = STYLED_ITEM ( 'NONE', ( #6525 ), #5318 ) ;
#3661 = ORIENTED_EDGE ( 'NONE', *, *, #1985, .F. ) ;
#3662 = LINE ( 'NONE', #1234, #4735 ) ;
#3663 = DIRECTION ( 'NONE',  ( 0.7931070766835157659, 0.000000000000000000, 0.6090822316522848112 ) ) ;
#3664 = AXIS2_PLACEMENT_3D ( 'NONE', #7257, #5604, #6719 ) ;
#3665 = ORIENTED_EDGE ( 'NONE', *, *, #4076, .F. ) ;
#3666 = EDGE_CURVE ( 'NONE', #6493, #443, #4640, .T. ) ;
#3667 = ORIENTED_EDGE ( 'NONE', *, *, #280, .T. ) ;
#3668 = ORIENTED_EDGE ( 'NONE', *, *, #2482, .T. ) ;
#3669 = ORIENTED_EDGE ( 'NONE', *, *, #5716, .T. ) ;
#3670 = CIRCLE ( 'NONE', #1675, 0.5080000000000001181 ) ;
#3671 = DIRECTION ( 'NONE',  ( 0.000000000000000000, 1.000000000000000000, 0.000000000000000000 ) ) ;
#3672 = CYLINDRICAL_SURFACE ( 'NONE', #1108, 0.2540000000000000036 ) ;
#3673 = FACE_OUTER_BOUND ( 'NONE', #5511, .T. ) ;
#3674 = LINE ( 'NONE', #7123, #3148 ) ;
#3675 = ORIENTED_EDGE ( 'NONE', *, *, #7127, .T. ) ;
#3676 = DIRECTION ( 'NONE',  ( 0.000000000000000000, -1.000000000000000000, 0.000000000000000000 ) ) ;
#3677 = ORIENTED_EDGE ( 'NONE', *, *, #5384, .T. ) ;
#3678 = LINE ( 'NONE', #3639, #6674 ) ;
#3679 = CARTESIAN_POINT ( 'NONE',  ( 4.538000000000000256, -3.429000000000000270, 0.3770000000000000018 ) ) ;
#3680 = EDGE_CURVE ( 'NONE', #5657, #4690, #4518, .T. ) ;
#3681 = CARTESIAN_POINT ( 'NONE',  ( -4.089999999999999858, -2.920999999999999819, 1.066999999999999948 ) ) ;
#3682 = FACE_OUTER_BOUND ( 'NONE', #4798, .T. ) ;
#3683 = CARTESIAN_POINT ( 'NONE',  ( -4.089999999999999858, 2.158999999999999808, 1.066999999999999948 ) ) ;
#3684 = ORIENTED_EDGE ( 'NONE', *, *, #4419, .F. ) ;
#3685 = DIRECTION ( 'NONE',  ( 0.000000000000000000, 1.000000000000000000, 0.000000000000000000 ) ) ;
#3686 = CARTESIAN_POINT ( 'NONE',  ( -3.797000000000000153, -5.244999999999999218, 1.306000000000000050 ) ) ;
#3687 = ORIENTED_EDGE ( 'NONE', *, *, #2196, .F. ) ;
#3688 = LINE ( 'NONE', #2414, #3729 ) ;
#3689 = VECTOR ( 'NONE', #1491, 1000.000000000000000 ) ;
#3690 = EDGE_CURVE ( 'NONE', #3328, #6930, #880, .T. ) ;
#3691 = DIRECTION ( 'NONE',  ( 0.000000000000000000, 1.000000000000000000, 0.000000000000000000 ) ) ;
#3692 = CARTESIAN_POINT ( 'NONE',  ( -2.776864999999999917, 4.270000000000000462, 2.641999999999999904 ) ) ;
#3693 = ORIENTED_EDGE ( 'NONE', *, *, #6262, .F. ) ;
#3694 = EDGE_CURVE ( 'NONE', #1253, #5382, #915, .T. ) ;
#3695 = DIRECTION ( 'NONE',  ( -1.000000000000000000, 0.000000000000000000, 0.000000000000000000 ) ) ;
#3696 = DIRECTION ( 'NONE',  ( 0.000000000000000000, -1.000000000000000000, 0.000000000000000000 ) ) ;
#3697 = ORIENTED_EDGE ( 'NONE', *, *, #4302, .T. ) ;
#3698 = CARTESIAN_POINT ( 'NONE',  ( -4.089999999999999858, -1.650999999999999801, 1.320999999999999952 ) ) ;
#3699 = CARTESIAN_POINT ( 'NONE',  ( 3.797000000000000153, -5.244999999999999218, 1.306000000000000050 ) ) ;
#3700 = EDGE_CURVE ( 'NONE', #46, #6112, #5097, .T. ) ;
#3701 = VERTEX_POINT ( 'NONE', #5029 ) ;
#3702 = EDGE_CURVE ( 'NONE', #2642, #5562, #2054, .T. ) ;
#3703 = ADVANCED_FACE ( 'NONE', ( #1443 ), #6066, .T. ) ;
#3704 = VERTEX_POINT ( 'NONE', #6643 ) ;
#3705 = ORIENTED_EDGE ( 'NONE', *, *, #2361, .T. ) ;
#3706 = ORIENTED_EDGE ( 'NONE', *, *, #6150, .T. ) ;
#3707 = LINE ( 'NONE', #6044, #3605 ) ;
#3708 = LINE ( 'NONE', #5550, #3689 ) ;
#3709 = EDGE_CURVE ( 'NONE', #2629, #415, #1967, .T. ) ;
#3710 = UNCERTAINTY_MEASURE_WITH_UNIT (LENGTH_MEASURE( 1.000000000000000082E-05 ), #1519, 'distance_accuracy_value', 'NONE');
#3711 = PLANE ( 'NONE',  #5501 ) ;
#3712 = CARTESIAN_POINT ( 'NONE',  ( 4.089999999999999858, 2.920999999999999819, 1.066999999999999948 ) ) ;
#3713 = ORIENTED_EDGE ( 'NONE', *, *, #5996, .F. ) ;
#3714 = DIRECTION ( 'NONE',  ( 1.000000000000000000, 0.000000000000000000, 0.000000000000000000 ) ) ;
#3715 = PLANE ( 'NONE',  #5339 ) ;
#3716 = DIRECTION ( 'NONE',  ( 0.7931070766835157659, 0.000000000000000000, 0.6090822316522848112 ) ) ;
#3717 = FACE_OUTER_BOUND ( 'NONE', #2106, .T. ) ;
#3718 = PLANE ( 'NONE',  #4021 ) ;
#3719 = DIRECTION ( 'NONE',  ( 0.000000000000000000, 1.000000000000000000, 0.000000000000000000 ) ) ;
#3720 = ORIENTED_EDGE ( 'NONE', *, *, #4721, .F. ) ;
#3721 = FACE_OUTER_BOUND ( 'NONE', #3600, .T. ) ;
#3722 = DIRECTION ( 'NONE',  ( 0.000000000000000000, 1.000000000000000000, 0.000000000000000000 ) ) ;
#3723 = VERTEX_POINT ( 'NONE', #3726 ) ;
#3724 = CARTESIAN_POINT ( 'NONE',  ( -5.321000000000000618, -0.3810000000000000053, 0.2540000000000000036 ) ) ;
#3725 =( NAMED_UNIT ( * ) SI_UNIT ( $, .STERADIAN. ) SOLID_ANGLE_UNIT ( ) );
#3726 = CARTESIAN_POINT ( 'NONE',  ( -3.442000000000000171, 5.168999999999999595, 2.641999999999999904 ) ) ;
#3727 = DIRECTION ( 'NONE',  ( -1.000000000000000000, 0.000000000000000000, 0.000000000000000000 ) ) ;
#3728 = ORIENTED_EDGE ( 'NONE', *, *, #1832, .F. ) ;
#3729 = VECTOR ( 'NONE', #4184, 1000.000000000000000 ) ;
#3730 = CARTESIAN_POINT ( 'NONE',  ( 5.028999999999999915, 2.920999999999999819, 0.5080000000000000071 ) ) ;
#3731 = EDGE_CURVE ( 'NONE', #3544, #6535, #271, .T. ) ;
#3732 = CARTESIAN_POINT ( 'NONE',  ( 5.321000000000000618, -0.8890000000000000124, 0.000000000000000000 ) ) ;
#3733 = VECTOR ( 'NONE', #3412, 1000.000000000000000 ) ;
#3734 = ORIENTED_EDGE ( 'NONE', *, *, #3922, .F. ) ;
#3735 = CARTESIAN_POINT ( 'NONE',  ( 4.538000000000000256, -4.191000000000000725, 0.3770000000000000018 ) ) ;
#3736 = VECTOR ( 'NONE', #3594, 1000.000000000000000 ) ;
#3737 = DIRECTION ( 'NONE',  ( 0.000000000000000000, -1.000000000000000000, 0.000000000000000000 ) ) ;
#3738 = VERTEX_POINT ( 'NONE', #2101 ) ;
#3739 = EDGE_LOOP ( 'NONE', ( #7339, #2206, #6279, #5241 ) ) ;
#3740 = ORIENTED_EDGE ( 'NONE', *, *, #5289, .T. ) ;
#3741 = EDGE_CURVE ( 'NONE', #560, #3920, #2024, .T. ) ;
#3742 = CARTESIAN_POINT ( 'NONE',  ( -4.648549666062477215, -4.698999999999999844, 0.9460580022534657019 ) ) ;
#3743 = DIRECTION ( 'NONE',  ( 0.000000000000000000, 1.000000000000000000, 0.000000000000000000 ) ) ;
#3744 = ADVANCED_FACE ( 'NONE', ( #7296 ), #4374, .F. ) ;
#3745 = CARTESIAN_POINT ( 'NONE',  ( -5.028999999999999915, 0.3810000000000000053, 0.2540000000000000036 ) ) ;
#3746 = ORIENTED_EDGE ( 'NONE', *, *, #7357, .F. ) ;
#3747 = CARTESIAN_POINT ( 'NONE',  ( 5.028999999999999915, -3.429000000000000270, 0.000000000000000000 ) ) ;
#3748 = LINE ( 'NONE', #6088, #7166 ) ;
#3749 = DIRECTION ( 'NONE',  ( 0.000000000000000000, -1.000000000000000000, 0.000000000000000000 ) ) ;
#3750 = CARTESIAN_POINT ( 'NONE',  ( 5.321000000000000618, -4.191000000000000725, 0.2540000000000000036 ) ) ;
#3751 = DIRECTION ( 'NONE',  ( -0.000000000000000000, 1.000000000000000000, 0.000000000000000000 ) ) ;
#3752 = ORIENTED_EDGE ( 'NONE', *, *, #6931, .T. ) ;
#3753 = ADVANCED_FACE ( 'NONE', ( #304 ), #3876, .T. ) ;
#3754 = FACE_OUTER_BOUND ( 'NONE', #2577, .T. ) ;
#3755 = LINE ( 'NONE', #6062, #4389 ) ;
#3756 = ORIENTED_EDGE ( 'NONE', *, *, #5766, .F. ) ;
#3757 = DIRECTION ( 'NONE',  ( 0.000000000000000000, 1.000000000000000000, 0.000000000000000000 ) ) ;
#3758 = DIRECTION ( 'NONE',  ( 0.9658855493432024764, 0.000000000000000000, -0.2589693139543370881 ) ) ;
#3759 = VECTOR ( 'NONE', #5295, 1000.000000000000000 ) ;
#3760 = CYLINDRICAL_SURFACE ( 'NONE', #7338, 0.2540000000000000036 ) ;
#3761 = DIRECTION ( 'NONE',  ( 0.000000000000000000, 1.000000000000000000, 0.000000000000000000 ) ) ;
#3762 = ORIENTED_EDGE ( 'NONE', *, *, #478, .T. ) ;
#3763 = VECTOR ( 'NONE', #5134, 1000.000000000000000 ) ;
#3764 = LINE ( 'NONE', #4949, #1210 ) ;
#3765 = ORIENTED_EDGE ( 'NONE', *, *, #160, .T. ) ;
#3766 = CARTESIAN_POINT ( 'NONE',  ( 4.783000000000000362, -2.920999999999999819, 0.4420000000000000040 ) ) ;
#3767 = MECHANICAL_DESIGN_GEOMETRIC_PRESENTATION_REPRESENTATION (  '', ( #3036 ), #3161 ) ;
#3768 = LINE ( 'NONE', #809, #751 ) ;
#3769 = CARTESIAN_POINT ( 'NONE',  ( 4.783000000000000362, 4.191000000000000725, 0.4420000000000000040 ) ) ;
#3770 = ADVANCED_FACE ( 'NONE', ( #2636 ), #3760, .F. ) ;
#3771 = ORIENTED_EDGE ( 'NONE', *, *, #1381, .F. ) ;
#3772 = VECTOR ( 'NONE', #1247, 1000.000000000000000 ) ;
#3773 = AXIS2_PLACEMENT_3D ( 'NONE', #1981, #4329, #2518 ) ;
#3774 = VERTEX_POINT ( 'NONE', #4296 ) ;
#3775 = ORIENTED_EDGE ( 'NONE', *, *, #3386, .F. ) ;
#3776 = CARTESIAN_POINT ( 'NONE',  ( -5.028999999999999915, -2.158999999999999808, 0.000000000000000000 ) ) ;
#3777 = CARTESIAN_POINT ( 'NONE',  ( -1.147333333333333982, -5.169027938546406631, 2.642002017628226174 ) ) ;
#3778 = VECTOR ( 'NONE', #6927, 1000.000000000000000 ) ;
#3779 = VECTOR ( 'NONE', #6014, 1000.000000000000000 ) ;
#3780 = DIRECTION ( 'NONE',  ( -1.000000000000000000, 0.000000000000000000, 0.000000000000000000 ) ) ;
#3781 = EDGE_CURVE ( 'NONE', #5800, #3354, #1208, .T. ) ;
#3782 = CARTESIAN_POINT ( 'NONE',  ( 4.089999999999999858, 4.191000000000000725, 1.320999999999999952 ) ) ;
#3783 = ORIENTED_EDGE ( 'NONE', *, *, #2328, .F. ) ;
#3784 = AXIS2_PLACEMENT_3D ( 'NONE', #2679, #6216, #3799 ) ;
#3785 = AXIS2_PLACEMENT_3D ( 'NONE', #6647, #6070, #3228 ) ;
#3786 = CARTESIAN_POINT ( 'NONE',  ( 4.089999999999999858, 0.3810000000000000053, 1.574999999999999956 ) ) ;
#3787 = CARTESIAN_POINT ( 'NONE',  ( -5.028999999999999915, 2.920999999999999819, 0.000000000000000000 ) ) ;
#3788 = DIRECTION ( 'NONE',  ( 0.000000000000000000, 1.000000000000000000, 0.000000000000000000 ) ) ;
#3789 = LINE ( 'NONE', #2126, #1748 ) ;
#3790 = CARTESIAN_POINT ( 'NONE',  ( -4.580830753584762327, -0.7196666666666667878, 1.197954844642777461 ) ) ;
#3791 = AXIS2_PLACEMENT_3D ( 'NONE', #538, #2883, #6878 ) ;
#3792 = LINE ( 'NONE', #1331, #1157 ) ;
#3793 = ORIENTED_EDGE ( 'NONE', *, *, #2121, .F. ) ;
#3794 = CARTESIAN_POINT ( 'NONE',  ( -3.797000000000000153, 2.158999999999999808, 1.320999999999999952 ) ) ;
#3795 = FACE_OUTER_BOUND ( 'NONE', #5352, .T. ) ;
#3796 = ORIENTED_EDGE ( 'NONE', *, *, #6026, .T. ) ;
#3797 = DIRECTION ( 'NONE',  ( 1.000000000000000000, 0.000000000000000000, 0.000000000000000000 ) ) ;
#3798 = ORIENTED_EDGE ( 'NONE', *, *, #7397, .T. ) ;
#3799 = DIRECTION ( 'NONE',  ( -0.7931070766835157659, 0.000000000000000000, 0.6090822316522848112 ) ) ;
#3800 = ADVANCED_FACE ( 'NONE', ( #1374 ), #3149, .T. ) ;
#3801 = LINE ( 'NONE', #347, #5745 ) ;
#3802 = ORIENTED_EDGE ( 'NONE', *, *, #3049, .T. ) ;
#3803 = LINE ( 'NONE', #2527, #5509 ) ;
#3804 = FILL_AREA_STYLE ('',( #6724 ) ) ;
#3805 = ORIENTED_EDGE ( 'NONE', *, *, #76, .T. ) ;
#3806 = FACE_OUTER_BOUND ( 'NONE', #1231, .T. ) ;
#3807 = CARTESIAN_POINT ( 'NONE',  ( -5.028999999999999915, 0.3810000000000000053, 0.2540000000000000036 ) ) ;
#3808 = DIRECTION ( 'NONE',  ( 1.000000000000000000, 0.000000000000000000, 0.000000000000000000 ) ) ;
#3809 = B_SPLINE_CURVE_WITH_KNOTS ( 'NONE', 3,
 ( #3499, #5831, #1185, #1637 ),
 .UNSPECIFIED., .F., .F.,
 ( 4, 4 ),
 ( 0.000000000000000000, 1.000000000000000000 ),
 .UNSPECIFIED. ) ;
#3810 = ORIENTED_EDGE ( 'NONE', *, *, #1452, .T. ) ;
#3811 = ORIENTED_EDGE ( 'NONE', *, *, #4238, .F. ) ;
#3812 = DIRECTION ( 'NONE',  ( 0.000000000000000000, 0.000000000000000000, 1.000000000000000000 ) ) ;
#3813 = CARTESIAN_POINT ( 'NONE',  ( -3.442000000000000171, -5.168999999999999595, 2.641999999999999904 ) ) ;
#3814 = VECTOR ( 'NONE', #7303, 1000.000000000000000 ) ;
#3815 = CARTESIAN_POINT ( 'NONE',  ( -4.783000000000000362, -1.650999999999999801, 0.4420000000000000040 ) ) ;
#3816 = ORIENTED_EDGE ( 'NONE', *, *, #1727, .T. ) ;
#3817 = DIRECTION ( 'NONE',  ( 0.7931070766835157659, 0.000000000000000000, -0.6090822316522849222 ) ) ;
#3818 = AXIS2_PLACEMENT_3D ( 'NONE', #7361, #5592, #3249 ) ;
#3819 = ORIENTED_EDGE ( 'NONE', *, *, #7031, .F. ) ;
#3820 = EDGE_CURVE ( 'NONE', #5238, #4330, #4639, .T. ) ;
#3821 = DIRECTION ( 'NONE',  ( -0.7931070766835157659, 0.000000000000000000, 0.6090822316522848112 ) ) ;
#3822 = DIRECTION ( 'NONE',  ( 1.000000000000000000, 0.000000000000000000, 0.000000000000000000 ) ) ;
#3823 = LINE ( 'NONE', #6089, #3321 ) ;
#3824 = CARTESIAN_POINT ( 'NONE',  ( 3.797000000000000153, 3.429000000000000270, 1.320999999999999952 ) ) ;
#3825 = DIRECTION ( 'NONE',  ( -0.9473747608415301613, 0.000000000000000000, 0.3201266351312455627 ) ) ;
#3826 = DIRECTION ( 'NONE',  ( 0.9658855493432024764, 0.000000000000000000, 0.2589693139543370881 ) ) ;
#3827 = ORIENTED_EDGE ( 'NONE', *, *, #5198, .F. ) ;
#3828 = PLANE ( 'NONE',  #4759 ) ;
#3829 = DIRECTION ( 'NONE',  ( -0.7931070766835153218, 0.000000000000000000, 0.6090822316522856994 ) ) ;
#3830 = ORIENTED_EDGE ( 'NONE', *, *, #3323, .F. ) ;
#3831 = ADVANCED_FACE ( 'NONE', ( #6835 ), #2878, .T. ) ;
#3832 = VECTOR ( 'NONE', #876, 1000.000000000000000 ) ;
#3833 = CARTESIAN_POINT ( 'NONE',  ( -3.797000000000000153, 1.650999999999999801, 1.320999999999999952 ) ) ;
#3834 = CARTESIAN_POINT ( 'NONE',  ( -5.028999999999999915, 3.429000000000000270, 0.000000000000000000 ) ) ;
#3835 = ADVANCED_FACE ( 'NONE', ( #7445 ), #3958, .F. ) ;
#3836 = EDGE_CURVE ( 'NONE', #2700, #3963, #1334, .T. ) ;
#3837 = DIRECTION ( 'NONE',  ( -0.7931070766835157659, 0.000000000000000000, -0.6090822316522849222 ) ) ;
#3838 = CARTESIAN_POINT ( 'NONE',  ( -4.089999999999999858, 3.429000000000000270, 1.066999999999999948 ) ) ;
#3839 = VERTEX_POINT ( 'NONE', #462 ) ;
#3840 = CARTESIAN_POINT ( 'NONE',  ( -4.089999999999999858, -2.920999999999999819, 1.574999999999999956 ) ) ;
#3841 = SURFACE_STYLE_USAGE ( .BOTH. , #1481 ) ;
#3842 = ORIENTED_EDGE ( 'NONE', *, *, #687, .T. ) ;
#3843 = EDGE_CURVE ( 'NONE', #7348, #3085, #4070, .T. ) ;
#3844 = VERTEX_POINT ( 'NONE', #2212 ) ;
#3845 = CYLINDRICAL_SURFACE ( 'NONE', #2997, 0.2540000000000000036 ) ;
#3846 = EDGE_CURVE ( 'NONE', #2772, #5082, #3422, .T. ) ;
#3847 = VERTEX_POINT ( 'NONE', #5109 ) ;
#3848 = CARTESIAN_POINT ( 'NONE',  ( -5.028999999999999915, -0.8890000000000000124, 0.2540000000000000036 ) ) ;
#3849 = CARTESIAN_POINT ( 'NONE',  ( -4.580830753584762327, -4.529666666666667396, 1.197954844642777461 ) ) ;
#3850 = AXIS2_PLACEMENT_3D ( 'NONE', #7349, #2078, #4888 ) ;
#3851 = ORIENTED_EDGE ( 'NONE', *, *, #1946, .T. ) ;
#3852 = CIRCLE ( 'NONE', #289, 0.5080000000000001181 ) ;
#3853 = EDGE_CURVE ( 'NONE', #5326, #1840, #422, .T. ) ;
#3854 = EDGE_LOOP ( 'NONE', ( #885, #4082, #873, #163 ) ) ;
#3855 = DIRECTION ( 'NONE',  ( 0.9658855493432024764, 0.000000000000000000, 0.2589693139543370881 ) ) ;
#3856 = CARTESIAN_POINT ( 'NONE',  ( 5.028999999999999915, 0.3810000000000000053, 0.5080000000000000071 ) ) ;
#3857 = CARTESIAN_POINT ( 'NONE',  ( -4.334999999999999964, 2.920999999999999819, 1.132999999999999785 ) ) ;
#3858 = EDGE_LOOP ( 'NONE', ( #3358, #3819, #7129, #1909 ) ) ;
#3859 = VECTOR ( 'NONE', #2440, 1000.000000000000000 ) ;
#3860 = FACE_OUTER_BOUND ( 'NONE', #6869, .T. ) ;
#3861 = ORIENTED_EDGE ( 'NONE', *, *, #4010, .F. ) ;
#3862 = CARTESIAN_POINT ( 'NONE',  ( -5.028999999999999915, 2.920999999999999819, 0.5080000000000000071 ) ) ;
#3863 = EDGE_CURVE ( 'NONE', #7109, #4171, #6407, .T. ) ;
#3864 = DIRECTION ( 'NONE',  ( 0.7931070766835157659, 0.000000000000000000, -0.6090822316522848112 ) ) ;
#3865 = CARTESIAN_POINT ( 'NONE',  ( 5.028999999999999915, 4.698999999999999844, 0.2540000000000000036 ) ) ;
#3866 = LINE ( 'NONE', #1395, #624 ) ;
#3867 = CARTESIAN_POINT ( 'NONE',  ( 3.797000000000000153, -1.650999999999999801, 1.574999999999999956 ) ) ;
#3868 = EDGE_CURVE ( 'NONE', #1561, #1461, #7559, .T. ) ;
#3869 = DIRECTION ( 'NONE',  ( 0.2589693139543370881, 0.000000000000000000, 0.9658855493432024764 ) ) ;
#3870 = ORIENTED_EDGE ( 'NONE', *, *, #99, .T. ) ;
#3871 = DIRECTION ( 'NONE',  ( 1.000000000000000000, 0.000000000000000000, 0.000000000000000000 ) ) ;
#3872 = FACE_OUTER_BOUND ( 'NONE', #4535, .T. ) ;
#3873 = ORIENTED_EDGE ( 'NONE', *, *, #5848, .T. ) ;
#3874 = DIRECTION ( 'NONE',  ( 0.000000000000000000, 0.000000000000000000, -1.000000000000000000 ) ) ;
#3875 = CARTESIAN_POINT ( 'NONE',  ( -4.783000000000000362, 1.650999999999999801, 0.4420000000000000040 ) ) ;
#3876 = PLANE ( 'NONE',  #3664 ) ;
#3877 = CARTESIAN_POINT ( 'NONE',  ( -3.797000000000000153, 0.3810000000000000053, 1.574999999999999956 ) ) ;
#3878 = ORIENTED_EDGE ( 'NONE', *, *, #1139, .F. ) ;
#3879 = CARTESIAN_POINT ( 'NONE',  ( -5.028999999999999915, 1.650999999999999801, 0.2540000000000000036 ) ) ;
#3880 = EDGE_CURVE ( 'NONE', #5961, #4056, #4529, .T. ) ;
#3881 =( NAMED_UNIT ( * ) SI_UNIT ( $, .STERADIAN. ) SOLID_ANGLE_UNIT ( ) );
#3882 = ORIENTED_EDGE ( 'NONE', *, *, #1248, .F. ) ;
#3883 = ORIENTED_EDGE ( 'NONE', *, *, #4484, .T. ) ;
#3884 = COLOUR_RGB ( '',0.7215686274509803821, 0.7215686274509803821, 0.7215686274509803821 ) ;
#3885 = DIRECTION ( 'NONE',  ( 0.000000000000000000, 1.000000000000000000, 0.000000000000000000 ) ) ;
#3886 = DIRECTION ( 'NONE',  ( 1.000000000000000000, 0.000000000000000000, 0.000000000000000000 ) ) ;
#3887 = DIRECTION ( 'NONE',  ( 0.000000000000000000, -1.000000000000000000, 0.000000000000000000 ) ) ;
#3888 = EDGE_LOOP ( 'NONE', ( #5548, #5324, #2489, #1642 ) ) ;
#3889 = PRESENTATION_LAYER_ASSIGNMENT (  '', '', ( #4617 ) ) ;
#3890 = VECTOR ( 'NONE', #6862, 1000.000000000000000 ) ;
#3891 = VERTEX_POINT ( 'NONE', #6875 ) ;
#3892 = B_SPLINE_CURVE_WITH_KNOTS ( 'NONE', 3,
 ( #7421, #6849, #927, #3769 ),
 .UNSPECIFIED., .F., .F.,
 ( 4, 4 ),
 ( 0.000000000000000000, 1.000000000000000000 ),
 .UNSPECIFIED. ) ;
#3893 = DIRECTION ( 'NONE',  ( 0.000000000000000000, 0.000000000000000000, 1.000000000000000000 ) ) ;
#3894 = AXIS2_PLACEMENT_3D ( 'NONE', #1098, #526, #2867 ) ;
#3895 = CARTESIAN_POINT ( 'NONE',  ( 4.581000000000000405, 2.158999999999999808, 1.197999999999999954 ) ) ;
#3896 = EDGE_CURVE ( 'NONE', #2700, #3087, #2677, .T. ) ;
#3897 = VERTEX_POINT ( 'NONE', #5760 ) ;
#3898 = MECHANICAL_DESIGN_GEOMETRIC_PRESENTATION_REPRESENTATION (  '', ( #5124 ), #6958 ) ;
#3899 = DIRECTION ( 'NONE',  ( 1.000000000000000000, 0.000000000000000000, 0.000000000000000000 ) ) ;
#3900 = VERTEX_POINT ( 'NONE', #2917 ) ;
#3901 = DIRECTION ( 'NONE',  ( 0.7931070766835157659, 0.000000000000000000, 0.6090822316522848112 ) ) ;
#3902 = AXIS2_PLACEMENT_3D ( 'NONE', #4702, #5371, #7054 ) ;
#3903 = CARTESIAN_POINT ( 'NONE',  ( -3.797000000000000153, 2.158999999999999808, 1.574999999999999956 ) ) ;
#3904 = CARTESIAN_POINT ( 'NONE',  ( 3.797000000000000153, -3.429000000000000270, 1.574999999999999956 ) ) ;
#3905 = CARTESIAN_POINT ( 'NONE',  ( -4.089999999999999858, 0.3810000000000000053, 1.574999999999999956 ) ) ;
#3906 = CARTESIAN_POINT ( 'NONE',  ( 4.089999999999999858, 3.429000000000000270, 1.574999999999999956 ) ) ;
#3907 = PRESENTATION_LAYER_ASSIGNMENT (  '', '', ( #6116 ) ) ;
#3908 = VECTOR ( 'NONE', #1866, 1000.000000000000000 ) ;
#3909 = DIRECTION ( 'NONE',  ( 1.000000000000000000, 0.000000000000000000, 0.000000000000000000 ) ) ;
#3910 = ORIENTED_EDGE ( 'NONE', *, *, #1423, .T. ) ;
#3911 = CARTESIAN_POINT ( 'NONE',  ( -4.470144042195333789, -2.920999999999999819, 0.6289492480282171671 ) ) ;
#3912 = DIRECTION ( 'NONE',  ( -0.9658855493432024764, 0.000000000000000000, -0.2589693139543370881 ) ) ;
#3913 = VERTEX_POINT ( 'NONE', #1556 ) ;
#3914 = DIRECTION ( 'NONE',  ( 0.000000000000000000, -1.000000000000000000, 0.000000000000000000 ) ) ;
#3915 = CARTESIAN_POINT ( 'NONE',  ( 5.028999999999999915, 0.8890000000000000124, 0.5080000000000000071 ) ) ;
#3916 = AXIS2_PLACEMENT_3D ( 'NONE', #1112, #390, #1563 ) ;
#3917 = CARTESIAN_POINT ( 'NONE',  ( 4.089999999999999858, 2.920999999999999819, 1.320999999999999952 ) ) ;
#3918 = CARTESIAN_POINT ( 'NONE',  ( 4.783675919342393890, -1.989666666666666472, 0.4421813442138124439 ) ) ;
#3919 = B_SPLINE_CURVE_WITH_KNOTS ( 'NONE', 3,
 ( #5802, #4683, #7457, #2813 ),
 .UNSPECIFIED., .F., .F.,
 ( 4, 4 ),
 ( 0.000000000000000000, 1.000000000000000000 ),
 .UNSPECIFIED. ) ;
#3920 = VERTEX_POINT ( 'NONE', #5264 ) ;
#3921 = DIRECTION ( 'NONE',  ( 0.000000000000000000, 0.000000000000000000, 1.000000000000000000 ) ) ;
#3922 = EDGE_CURVE ( 'NONE', #925, #4966, #2309, .T. ) ;
#3923 = CARTESIAN_POINT ( 'NONE',  ( 3.797000000000000153, -3.429000000000000270, 1.320999999999999952 ) ) ;
#3924 = ORIENTED_EDGE ( 'NONE', *, *, #1485, .F. ) ;
#3925 = ORIENTED_EDGE ( 'NONE', *, *, #6979, .T. ) ;
#3926 = DIRECTION ( 'NONE',  ( 0.000000000000000000, 0.000000000000000000, 1.000000000000000000 ) ) ;
#3927 = ORIENTED_EDGE ( 'NONE', *, *, #7455, .F. ) ;
#3928 = CARTESIAN_POINT ( 'NONE',  ( 3.797000000000000153, 2.158999999999999808, 1.574999999999999956 ) ) ;
#3929 = PLANE ( 'NONE',  #1072 ) ;
#3930 = ORIENTED_EDGE ( 'NONE', *, *, #2599, .F. ) ;
#3931 = AXIS2_PLACEMENT_3D ( 'NONE', #1325, #756, #3098 ) ;
#3932 = ORIENTED_EDGE ( 'NONE', *, *, #1799, .T. ) ;
#3933 = EDGE_CURVE ( 'NONE', #2399, #4483, #6742, .T. ) ;
#3934 = CARTESIAN_POINT ( 'NONE',  ( -3.797000000000000153, -4.191000000000000725, 1.320999999999999952 ) ) ;
#3935 = CARTESIAN_POINT ( 'NONE',  ( -4.538000000000000256, -4.698999999999999844, 0.3770000000000000018 ) ) ;
#3936 = AXIS2_PLACEMENT_3D ( 'NONE', #4431, #6660, #7193 ) ;
#3937 = EDGE_CURVE ( 'NONE', #1581, #120, #2799, .T. ) ;
#3938 = LINE ( 'NONE', #7426, #6478 ) ;
#3939 = EDGE_LOOP ( 'NONE', ( #3255, #1868, #1470, #521 ) ) ;
#3940 = SURFACE_SIDE_STYLE ('',( #2119 ) ) ;
#3941 = VERTEX_POINT ( 'NONE', #1635 ) ;
#3942 = CIRCLE ( 'NONE', #6887, 0.2540000000000000591 ) ;
#3943 = EDGE_CURVE ( 'NONE', #6657, #882, #3996, .T. ) ;
#3944 = DIRECTION ( 'NONE',  ( 0.000000000000000000, 1.000000000000000000, 0.000000000000000000 ) ) ;
#3945 = CARTESIAN_POINT ( 'NONE',  ( -5.028999999999999915, -0.3810000000000000053, 0.000000000000000000 ) ) ;
#3946 = CARTESIAN_POINT ( 'NONE',  ( -4.783000000000000362, -0.8890000000000000124, 0.4420000000000000040 ) ) ;
#3947 = CARTESIAN_POINT ( 'NONE',  ( -4.089999999999999858, 4.191000000000000725, 1.066999999999999948 ) ) ;
#3948 = CARTESIAN_POINT ( 'NONE',  ( -5.321000000000000618, -0.3810000000000000053, 0.000000000000000000 ) ) ;
#3949 = VECTOR ( 'NONE', #6247, 1000.000000000000000 ) ;
#3950 = AXIS2_PLACEMENT_3D ( 'NONE', #7169, #4244, #1365 ) ;
#3951 = CARTESIAN_POINT ( 'NONE',  ( -5.321000000000000618, 4.191000000000000725, 0.2540000000000000036 ) ) ;
#3952 = EDGE_LOOP ( 'NONE', ( #3705, #3693, #2463, #6078 ) ) ;
#3953 = CARTESIAN_POINT ( 'NONE',  ( 5.321000000000000618, 4.191000000000000725, 0.2540000000000000036 ) ) ;
#3954 = LINE ( 'NONE', #4562, #6720 ) ;
#3955 = ORIENTED_EDGE ( 'NONE', *, *, #3896, .T. ) ;
#3956 = DIRECTION ( 'NONE',  ( 0.7931070766835153218, 0.000000000000000000, -0.6090822316522856994 ) ) ;
#3957 = FILL_AREA_STYLE ('',( #996 ) ) ;
#3958 = CYLINDRICAL_SURFACE ( 'NONE', #7469, 0.2540000000000000036 ) ;
#3959 = CARTESIAN_POINT ( 'NONE',  ( 4.335256734746894658, -0.7196666666666667878, 1.133069161197122865 ) ) ;
#3960 = FACE_OUTER_BOUND ( 'NONE', #75, .T. ) ;
#3961 =( LENGTH_UNIT ( ) NAMED_UNIT ( * ) SI_UNIT ( .MILLI., .METRE. ) );
#3962 = PRESENTATION_STYLE_ASSIGNMENT (( #5272 ) ) ;
#3963 = VERTEX_POINT ( 'NONE', #2251 ) ;
#3964 = ORIENTED_EDGE ( 'NONE', *, *, #906, .T. ) ;
#3965 = CARTESIAN_POINT ( 'NONE',  ( -3.797000000000000153, -2.920999999999999819, 1.320999999999999952 ) ) ;
#3966 = ORIENTED_EDGE ( 'NONE', *, *, #5107, .F. ) ;
#3967 = DIRECTION ( 'NONE',  ( 0.000000000000000000, 0.000000000000000000, 1.000000000000000000 ) ) ;
#3968 = DIRECTION ( 'NONE',  ( 0.000000000000000000, 0.000000000000000000, 1.000000000000000000 ) ) ;
#3969 = EDGE_CURVE ( 'NONE', #6509, #198, #2938, .T. ) ;
#3970 = ORIENTED_EDGE ( 'NONE', *, *, #1787, .F. ) ;
#3971 = ORIENTED_EDGE ( 'NONE', *, *, #4300, .F. ) ;
#3972 = DIRECTION ( 'NONE',  ( 0.000000000000000000, -1.000000000000000000, 0.000000000000000000 ) ) ;
#3973 =( GEOMETRIC_REPRESENTATION_CONTEXT ( 3 ) GLOBAL_UNCERTAINTY_ASSIGNED_CONTEXT ( ( #6397 ) ) GLOBAL_UNIT_ASSIGNED_CONTEXT ( ( #4415, #6833, #3725 ) ) REPRESENTATION_CONTEXT ( 'NONE', 'WORKASPACE' ) );
#3974 = CARTESIAN_POINT ( 'NONE',  ( -4.783000000000000362, -2.920999999999999819, 0.4420000000000000040 ) ) ;
#3975 = ORIENTED_EDGE ( 'NONE', *, *, #5234, .T. ) ;
#3976 = VECTOR ( 'NONE', #5556, 1000.000000000000000 ) ;
#3977 = EDGE_CURVE ( 'NONE', #3551, #2323, #1895, .T. ) ;
#3978 = ADVANCED_FACE ( 'NONE', ( #721 ), #3642, .T. ) ;
#3979 = AXIS2_PLACEMENT_3D ( 'NONE', #3724, #6064, #801 ) ;
#3980 = ORIENTED_EDGE ( 'NONE', *, *, #7246, .T. ) ;
#3981 = EDGE_CURVE ( 'NONE', #5970, #1054, #3101, .T. ) ;
#3982 = LINE ( 'NONE', #6245, #83 ) ;
#3983 = AXIS2_PLACEMENT_3D ( 'NONE', #6754, #3644, #5981 ) ;
#3984 = PLANE ( 'NONE',  #2498 ) ;
#3985 = DIRECTION ( 'NONE',  ( 1.000000000000000000, 0.000000000000000000, 0.000000000000000000 ) ) ;
#3986 = DIRECTION ( 'NONE',  ( 0.000000000000000000, 0.000000000000000000, 1.000000000000000000 ) ) ;
#3987 = AXIS2_PLACEMENT_3D ( 'NONE', #1032, #1553, #6256 ) ;
#3988 = CARTESIAN_POINT ( 'NONE',  ( -4.783000000000000362, -2.920999999999999819, 0.4420000000000000040 ) ) ;
#3989 = DIRECTION ( 'NONE',  ( 0.000000000000000000, 0.000000000000000000, -1.000000000000000000 ) ) ;
#3990 = VERTEX_POINT ( 'NONE', #6554 ) ;
#3991 = CARTESIAN_POINT ( 'NONE',  ( -3.797000000000000153, -1.650999999999999801, 1.320999999999999952 ) ) ;
#3992 = DIRECTION ( 'NONE',  ( 0.000000000000000000, 0.000000000000000000, 1.000000000000000000 ) ) ;
#3993 = ORIENTED_EDGE ( 'NONE', *, *, #4778, .F. ) ;
#3994 = CARTESIAN_POINT ( 'NONE',  ( 3.797000000000000153, 2.158999999999999808, 1.574999999999999956 ) ) ;
#3995 = DIRECTION ( 'NONE',  ( 0.000000000000000000, 1.000000000000000000, 0.000000000000000000 ) ) ;
#3996 = LINE ( 'NONE', #2840, #5971 ) ;
#3997 = CARTESIAN_POINT ( 'NONE',  ( 5.028999999999999915, 3.429000000000000270, 0.2540000000000000036 ) ) ;
#3998 = ADVANCED_FACE ( 'NONE', ( #3682 ), #3024, .T. ) ;
#3999 = DIRECTION ( 'NONE',  ( 1.000000000000000000, 0.000000000000000000, 0.000000000000000000 ) ) ;
#4000 = LINE ( 'NONE', #5691, #5512 ) ;
#4001 = ORIENTED_EDGE ( 'NONE', *, *, #2599, .T. ) ;
#4002 = ORIENTED_EDGE ( 'NONE', *, *, #3607, .F. ) ;
#4003 = LINE ( 'NONE', #3965, #2739 ) ;
#4004 = ORIENTED_EDGE ( 'NONE', *, *, #1344, .T. ) ;
#4005 = DIRECTION ( 'NONE',  ( 1.000000000000000000, 0.000000000000000000, 0.000000000000000000 ) ) ;
#4006 = FACE_OUTER_BOUND ( 'NONE', #1382, .T. ) ;
#4007 = ORIENTED_EDGE ( 'NONE', *, *, #6960, .T. ) ;
#4008 = AXIS2_PLACEMENT_3D ( 'NONE', #5969, #4202, #7276 ) ;
#4009 = ORIENTED_EDGE ( 'NONE', *, *, #5672, .T. ) ;
#4010 = EDGE_CURVE ( 'NONE', #150, #3401, #1327, .T. ) ;
#4011 = DIRECTION ( 'NONE',  ( 0.000000000000000000, 1.000000000000000000, 0.000000000000000000 ) ) ;
#4012 = AXIS2_PLACEMENT_3D ( 'NONE', #6567, #3585, #5353 ) ;
#4013 = CYLINDRICAL_SURFACE ( 'NONE', #953, 0.5080000000000000071 ) ;
#4014 = ORIENTED_EDGE ( 'NONE', *, *, #4220, .T. ) ;
#4015 = AXIS2_PLACEMENT_3D ( 'NONE', #1409, #2727, #3196 ) ;
#4016 = ORIENTED_EDGE ( 'NONE', *, *, #5140, .F. ) ;
#4017 = ADVANCED_FACE ( 'NONE', ( #5911 ), #5342, .F. ) ;
#4018 = DIRECTION ( 'NONE',  ( 0.000000000000000000, 1.000000000000000000, 0.000000000000000000 ) ) ;
#4019 = CARTESIAN_POINT ( 'NONE',  ( -4.538000000000000256, 3.429000000000000270, 0.3770000000000000018 ) ) ;
#4020 = PLANE ( 'NONE',  #981 ) ;
#4021 = AXIS2_PLACEMENT_3D ( 'NONE', #831, #2588, #7285 ) ;
#4022 = PLANE ( 'NONE',  #1870 ) ;
#4023 = DIRECTION ( 'NONE',  ( -0.7931070766835166541, 0.000000000000000000, -0.6090822316522841451 ) ) ;
#4024 = EDGE_CURVE ( 'NONE', #6576, #3050, #7600, .T. ) ;
#4025 = CARTESIAN_POINT ( 'NONE',  ( 5.028999999999999915, -4.698999999999999844, 0.2540000000000000036 ) ) ;
#4026 = ORIENTED_EDGE ( 'NONE', *, *, #6408, .F. ) ;
#4027 = AXIS2_PLACEMENT_3D ( 'NONE', #5585, #322, #250 ) ;
#4028 = VECTOR ( 'NONE', #4134, 1000.000000000000000 ) ;
#4029 = CARTESIAN_POINT ( 'NONE',  ( 4.470144042195333789, 4.191000000000000725, 0.6289492480282171671 ) ) ;
#4030 = ADVANCED_FACE ( 'NONE', ( #2329 ), #2405, .T. ) ;
#4031 = CARTESIAN_POINT ( 'NONE',  ( -5.028999999999999915, 3.429000000000000270, 0.5080000000000000071 ) ) ;
#4032 = ORIENTED_EDGE ( 'NONE', *, *, #2853, .F. ) ;
#4033 = LINE ( 'NONE', #6873, #3612 ) ;
#4034 = LINE ( 'NONE', #1143, #5524 ) ;
#4035 = ADVANCED_FACE ( 'NONE', ( #6520 ), #5875, .T. ) ;
#4036 = DIRECTION ( 'NONE',  ( 1.000000000000000000, 0.000000000000000000, 0.000000000000000000 ) ) ;
#4037 = AXIS2_PLACEMENT_3D ( 'NONE', #6342, #1083, #7535 ) ;
#4038 = DIRECTION ( 'NONE',  ( 0.000000000000000000, -1.000000000000000000, 0.000000000000000000 ) ) ;
#4039 = EDGE_CURVE ( 'NONE', #4120, #552, #4744, .T. ) ;
#4040 = LINE ( 'NONE', #4569, #2370 ) ;
#4041 = CARTESIAN_POINT ( 'NONE',  ( 4.334999999999999964, -2.158999999999999808, 1.132999999999999785 ) ) ;
#4042 = AXIS2_PLACEMENT_3D ( 'NONE', #2992, #5977, #6485 ) ;
#4043 = CARTESIAN_POINT ( 'NONE',  ( 5.321000000000000618, -2.920999999999999819, 0.2540000000000000036 ) ) ;
#4044 = ORIENTED_EDGE ( 'NONE', *, *, #5104, .F. ) ;
#4045 = CIRCLE ( 'NONE', #7470, 0.2539999999999996705 ) ;
#4046 = ORIENTED_EDGE ( 'NONE', *, *, #1370, .T. ) ;
#4047 = DIRECTION ( 'NONE',  ( -1.000000000000000000, 0.000000000000000000, 0.000000000000000000 ) ) ;
#4048 = EDGE_CURVE ( 'NONE', #2345, #5079, #33, .T. ) ;
#4049 = DIRECTION ( 'NONE',  ( 0.000000000000000000, 0.000000000000000000, -1.000000000000000000 ) ) ;
#4050 = DIRECTION ( 'NONE',  ( -0.7931070766835166541, 0.000000000000000000, -0.6090822316522841451 ) ) ;
#4051 = ORIENTED_EDGE ( 'NONE', *, *, #5153, .T. ) ;
#4052 = VERTEX_POINT ( 'NONE', #7023 ) ;
#4053 = DIRECTION ( 'NONE',  ( 0.000000000000000000, 1.000000000000000000, 0.000000000000000000 ) ) ;
#4054 = CARTESIAN_POINT ( 'NONE',  ( 5.321000000000000618, -2.158999999999999808, 0.2540000000000000036 ) ) ;
#4055 = ORIENTED_EDGE ( 'NONE', *, *, #7386, .T. ) ;
#4056 = VERTEX_POINT ( 'NONE', #5304 ) ;
#4057 = VERTEX_POINT ( 'NONE', #2479 ) ;
#4058 = AXIS2_PLACEMENT_3D ( 'NONE', #3563, #5328, #7080 ) ;
#4059 = CARTESIAN_POINT ( 'NONE',  ( -4.783675919342393890, -4.360333333333333172, 0.4421813442138124439 ) ) ;
#4060 = FACE_OUTER_BOUND ( 'NONE', #4195, .T. ) ;
#4061 = PLANE ( 'NONE',  #416 ) ;
#4062 = LINE ( 'NONE', #1626, #968 ) ;
#4063 = EDGE_CURVE ( 'NONE', #956, #2861, #1151, .T. ) ;
#4064 =( LENGTH_UNIT ( ) NAMED_UNIT ( * ) SI_UNIT ( .MILLI., .METRE. ) );
#4065 = VERTEX_POINT ( 'NONE', #1823 ) ;
#4066 = CARTESIAN_POINT ( 'NONE',  ( 4.089999999999999858, -0.3810000000000000053, 1.066999999999999948 ) ) ;
#4067 = DIRECTION ( 'NONE',  ( 0.000000000000000000, -1.000000000000000000, 0.000000000000000000 ) ) ;
#4068 = EDGE_LOOP ( 'NONE', ( #6791, #5360, #6415, #5486, #2338, #3796, #2226, #3697, #3390, #1805, #3560, #188 ) ) ;
#4069 = CARTESIAN_POINT ( 'NONE',  ( 5.321000000000000618, -0.3810000000000000053, 0.2540000000000000036 ) ) ;
#4070 = LINE ( 'NONE', #2176, #2545 ) ;
#4071 = AXIS2_PLACEMENT_3D ( 'NONE', #1618, #5163, #7506 ) ;
#4072 = CARTESIAN_POINT ( 'NONE',  ( 4.783675919342393890, 0.5503333333333333410, 0.4421813442138124439 ) ) ;
#4073 = CYLINDRICAL_SURFACE ( 'NONE', #5390, 0.5080000000000000071 ) ;
#4074 = FILL_AREA_STYLE_COLOUR ( '', #1422 ) ;
#4075 = ORIENTED_EDGE ( 'NONE', *, *, #1010, .T. ) ;
#4076 = EDGE_CURVE ( 'NONE', #7078, #81, #143, .T. ) ;
#4077 = ORIENTED_EDGE ( 'NONE', *, *, #5795, .F. ) ;
#4078 = ADVANCED_FACE ( 'NONE', ( #1746 ), #4108, .T. ) ;
#4079 = CARTESIAN_POINT ( 'NONE',  ( 4.335256734746894658, 1.820333333333333359, 1.133069161197122865 ) ) ;
#4080 = CARTESIAN_POINT ( 'NONE',  ( 5.321000000000000618, -4.698999999999999844, 0.2540000000000000036 ) ) ;
#4081 = DIRECTION ( 'NONE',  ( 0.000000000000000000, 1.000000000000000000, 0.000000000000000000 ) ) ;
#4082 = ORIENTED_EDGE ( 'NONE', *, *, #3058, .F. ) ;
#4083 = ADVANCED_FACE ( 'NONE', ( #6093 ), #3718, .T. ) ;
#4084 = EDGE_CURVE ( 'NONE', #2782, #677, #1691, .T. ) ;
#4085 = ORIENTED_EDGE ( 'NONE', *, *, #6188, .T. ) ;
#4086 = CYLINDRICAL_SURFACE ( 'NONE', #1237, 0.5080000000000000071 ) ;
#4087 = DIRECTION ( 'NONE',  ( 1.000000000000000000, 0.000000000000000000, 0.000000000000000000 ) ) ;
#4088 = ORIENTED_EDGE ( 'NONE', *, *, #1464, .F. ) ;
#4089 = ADVANCED_FACE ( 'NONE', ( #793 ), #3139, .T. ) ;
#4090 = EDGE_LOOP ( 'NONE', ( #2535, #4271, #7384, #1681 ) ) ;
#4091 = EDGE_LOOP ( 'NONE', ( #7379, #484, #7404, #1016 ) ) ;
#4092 = VERTEX_POINT ( 'NONE', #6632 ) ;
#4093 = DIRECTION ( 'NONE',  ( 0.000000000000000000, -0.9974025331495797175, 0.07202906959555638311 ) ) ;
#4094 = CARTESIAN_POINT ( 'NONE',  ( -5.028999999999999915, 4.191000000000000725, 0.5080000000000000071 ) ) ;
#4095 = AXIS2_PLACEMENT_3D ( 'NONE', #2762, #2181, #6877 ) ;
#4096 = UNCERTAINTY_MEASURE_WITH_UNIT (LENGTH_MEASURE( 1.000000000000000082E-05 ), #829, 'distance_accuracy_value', 'NONE');
#4097 = DIRECTION ( 'NONE',  ( 0.7931070766835157659, 0.000000000000000000, 0.6090822316522848112 ) ) ;
#4098 = CARTESIAN_POINT ( 'NONE',  ( 5.321000000000000618, -2.920999999999999819, 0.000000000000000000 ) ) ;
#4099 = AXIS2_PLACEMENT_3D ( 'NONE', #4791, #39, #7141 ) ;
#4100 = SURFACE_STYLE_USAGE ( .BOTH. , #1702 ) ;
#4101 = ORIENTED_EDGE ( 'NONE', *, *, #7500, .F. ) ;
#4102 = CARTESIAN_POINT ( 'NONE',  ( -5.028999999999999915, -3.429000000000000270, 0.5080000000000000071 ) ) ;
#4103 = ORIENTED_EDGE ( 'NONE', *, *, #1897, .F. ) ;
#4104 = VECTOR ( 'NONE', #5520, 1000.000000000000000 ) ;
#4105 = CARTESIAN_POINT ( 'NONE',  ( -4.089999999999999858, -4.698999999999999844, 1.320999999999999952 ) ) ;
#4106 = CYLINDRICAL_SURFACE ( 'NONE', #4170, 0.5080000000000000071 ) ;
#4107 = EDGE_CURVE ( 'NONE', #6768, #4223, #1366, .T. ) ;
#4108 = PLANE ( 'NONE',  #7324 ) ;
#4109 = PLANE ( 'NONE',  #5615 ) ;
#4110 = CARTESIAN_POINT ( 'NONE',  ( -4.648549666062477215, 4.191000000000000725, 0.9460580022534657019 ) ) ;
#4111 = FACE_OUTER_BOUND ( 'NONE', #4726, .T. ) ;
#4112 = EDGE_LOOP ( 'NONE', ( #4947, #861, #5143, #130 ) ) ;
#4113 = VERTEX_POINT ( 'NONE', #5484 ) ;
#4114 = DIRECTION ( 'NONE',  ( -1.000000000000000000, 0.000000000000000000, 0.000000000000000000 ) ) ;
#4115 = CARTESIAN_POINT ( 'NONE',  ( 4.783000000000000362, -4.698999999999999844, 0.4420000000000000040 ) ) ;
#4116 = ORIENTED_EDGE ( 'NONE', *, *, #186, .T. ) ;
#4117 = EDGE_CURVE ( 'NONE', #4608, #4600, #6004, .T. ) ;
#4118 = DIRECTION ( 'NONE',  ( 0.000000000000000000, 1.000000000000000000, 0.000000000000000000 ) ) ;
#4119 = EDGE_CURVE ( 'NONE', #150, #908, #6362, .T. ) ;
#4120 = VERTEX_POINT ( 'NONE', #3750 ) ;
#4121 = CARTESIAN_POINT ( 'NONE',  ( -4.783000000000000362, -2.920999999999999819, 0.4420000000000000040 ) ) ;
#4122 = ORIENTED_EDGE ( 'NONE', *, *, #1328, .T. ) ;
#4123 = EDGE_LOOP ( 'NONE', ( #1917, #6435, #1126, #1669 ) ) ;
#4124 = ORIENTED_EDGE ( 'NONE', *, *, #3474, .F. ) ;
#4125 = ORIENTED_EDGE ( 'NONE', *, *, #4386, .T. ) ;
#4126 = DIRECTION ( 'NONE',  ( 0.000000000000000000, 0.000000000000000000, -1.000000000000000000 ) ) ;
#4127 = CARTESIAN_POINT ( 'NONE',  ( -4.581000000000000405, 0.3810000000000000053, 1.197999999999999954 ) ) ;
#4128 = COLOUR_RGB ( '',0.7215686274509803821, 0.7215686274509803821, 0.7215686274509803821 ) ;
#4129 = EDGE_CURVE ( 'NONE', #3162, #1570, #3670, .T. ) ;
#4130 = LINE ( 'NONE', #5294, #2534 ) ;
#4131 = CIRCLE ( 'NONE', #210, 0.1898650000000000060 ) ;
#4132 = CARTESIAN_POINT ( 'NONE',  ( 4.089999999999999858, -4.191000000000000725, 1.574999999999999956 ) ) ;
#4133 = ORIENTED_EDGE ( 'NONE', *, *, #636, .F. ) ;
#4134 = DIRECTION ( 'NONE',  ( 0.000000000000000000, 1.000000000000000000, 0.000000000000000000 ) ) ;
#4135 = ORIENTED_EDGE ( 'NONE', *, *, #3474, .T. ) ;
#4136 = CIRCLE ( 'NONE', #5254, 0.1898650000000000060 ) ;
#4137 = FACE_OUTER_BOUND ( 'NONE', #928, .T. ) ;
#4138 = PLANE ( 'NONE',  #6274 ) ;
#4139 = DIRECTION ( 'NONE',  ( -1.000000000000000000, 0.000000000000000000, 0.000000000000000000 ) ) ;
#4140 = CARTESIAN_POINT ( 'NONE',  ( 4.580830753584762327, 3.090333333333333599, 1.197954844642777461 ) ) ;
#4141 = VECTOR ( 'NONE', #7292, 1000.000000000000000 ) ;
#4142 = CARTESIAN_POINT ( 'NONE',  ( 4.783000000000000362, 0.8890000000000000124, 0.4420000000000000040 ) ) ;
#4143 =( NAMED_UNIT ( * ) SI_UNIT ( $, .STERADIAN. ) SOLID_ANGLE_UNIT ( ) );
#4144 = DIRECTION ( 'NONE',  ( 0.000000000000000000, 0.000000000000000000, -1.000000000000000000 ) ) ;
#4145 = EDGE_LOOP ( 'NONE', ( #816, #4806, #3980, #7352 ) ) ;
#4146 = ORIENTED_EDGE ( 'NONE', *, *, #3449, .T. ) ;
#4147 = CARTESIAN_POINT ( 'NONE',  ( -4.402572021097666877, -4.191000000000000725, 0.8809746240141085316 ) ) ;
#4148 = AXIS2_PLACEMENT_3D ( 'NONE', #6067, #1867, #2311 ) ;
#4149 = AXIS2_PLACEMENT_3D ( 'NONE', #678, #2438, #4779 ) ;
#4150 = DIRECTION ( 'NONE',  ( -0.7931070766835153218, 0.000000000000000000, -0.6090822316522856994 ) ) ;
#4151 = VERTEX_POINT ( 'NONE', #6133 ) ;
#4152 = EDGE_CURVE ( 'NONE', #6096, #1561, #4286, .T. ) ;
#4153 = VECTOR ( 'NONE', #1477, 1000.000000000000000 ) ;
#4154 = AXIS2_PLACEMENT_3D ( 'NONE', #7224, #1952, #2601 ) ;
#4155 = SURFACE_STYLE_USAGE ( .BOTH. , #2347 ) ;
#4156 = ORIENTED_EDGE ( 'NONE', *, *, #5123, .F. ) ;
#4157 = CARTESIAN_POINT ( 'NONE',  ( 5.028999999999999915, 2.920999999999999819, 0.2540000000000000036 ) ) ;
#4158 = FACE_OUTER_BOUND ( 'NONE', #2387, .T. ) ;
#4159 = VERTEX_POINT ( 'NONE', #4974 ) ;
#4160 = VERTEX_POINT ( 'NONE', #4324 ) ;
#4161 = EDGE_CURVE ( 'NONE', #6773, #1206, #6708, .T. ) ;
#4162 = EDGE_LOOP ( 'NONE', ( #7462, #3116 ) ) ;
#4163 = ORIENTED_EDGE ( 'NONE', *, *, #3048, .T. ) ;
#4164 = EDGE_CURVE ( 'NONE', #2413, #1459, #6751, .T. ) ;
#4165 = CARTESIAN_POINT ( 'NONE',  ( -4.538169246415237446, 0.7196666666666667878, 0.3770451553572226611 ) ) ;
#4166 = CARTESIAN_POINT ( 'NONE',  ( 5.321000000000000618, -1.650999999999999801, 0.000000000000000000 ) ) ;
#4167 = ADVANCED_FACE ( 'NONE', ( #4934 ), #1433, .T. ) ;
#4168 = DIRECTION ( 'NONE',  ( -1.000000000000000000, 0.000000000000000000, 0.000000000000000000 ) ) ;
#4169 = CARTESIAN_POINT ( 'NONE',  ( -5.321000000000000618, 0.8890000000000000124, 0.2540000000000000036 ) ) ;
#4170 = AXIS2_PLACEMENT_3D ( 'NONE', #3602, #5874, #6551 ) ;
#4171 = VERTEX_POINT ( 'NONE', #5021 ) ;
#4172 = EDGE_CURVE ( 'NONE', #6589, #5562, #6377, .T. ) ;
#4173 = CARTESIAN_POINT ( 'NONE',  ( 5.028999999999999915, 0.8890000000000000124, 0.000000000000000000 ) ) ;
#4174 = VERTEX_POINT ( 'NONE', #3214 ) ;
#4175 = CARTESIAN_POINT ( 'NONE',  ( -3.797000000000000153, -4.191000000000000725, 1.320999999999999952 ) ) ;
#4176 = CARTESIAN_POINT ( 'NONE',  ( 3.442000000000000171, 5.168999999999999595, 2.641999999999999904 ) ) ;
#4177 = CARTESIAN_POINT ( 'NONE',  ( -5.028999999999999915, 0.8890000000000000124, 0.5080000000000000071 ) ) ;
#4178 = B_SPLINE_CURVE_WITH_KNOTS ( 'NONE', 3,
 ( #5030, #2103, #4487, #2637 ),
 .UNSPECIFIED., .F., .F.,
 ( 4, 4 ),
 ( 0.000000000000000000, 1.000000000000000000 ),
 .UNSPECIFIED. ) ;
#4179 = PLANE ( 'NONE',  #3236 ) ;
#4180 = DIRECTION ( 'NONE',  ( 0.000000000000000000, 1.000000000000000000, 0.000000000000000000 ) ) ;
#4181 = CARTESIAN_POINT ( 'NONE',  ( -4.538000000000000256, 0.3810000000000000053, 0.3770000000000000018 ) ) ;
#4182 = ORIENTED_EDGE ( 'NONE', *, *, #6370, .F. ) ;
#4183 = ORIENTED_EDGE ( 'NONE', *, *, #5234, .F. ) ;
#4184 = DIRECTION ( 'NONE',  ( 0.000000000000000000, 0.000000000000000000, -1.000000000000000000 ) ) ;
#4185 = DIRECTION ( 'NONE',  ( -1.000000000000000000, 0.000000000000000000, 0.000000000000000000 ) ) ;
#4186 = EDGE_LOOP ( 'NONE', ( #1406, #4923, #3762, #201 ) ) ;
#4187 = LINE ( 'NONE', #5424, #6834 ) ;
#4188 = ORIENTED_EDGE ( 'NONE', *, *, #3634, .F. ) ;
#4189 = DIRECTION ( 'NONE',  ( 0.000000000000000000, -1.000000000000000000, 0.000000000000000000 ) ) ;
#4190 = DIRECTION ( 'NONE',  ( 1.000000000000000000, 0.000000000000000000, 0.000000000000000000 ) ) ;
#4191 = ADVANCED_FACE ( 'NONE', ( #905 ), #5593, .T. ) ;
#4192 = ORIENTED_EDGE ( 'NONE', *, *, #6121, .F. ) ;
#4193 = VERTEX_POINT ( 'NONE', #4859 ) ;
#4194 = VERTEX_POINT ( 'NONE', #3867 ) ;
#4195 = EDGE_LOOP ( 'NONE', ( #7293, #1920, #3093, #6859 ) ) ;
#4196 = CARTESIAN_POINT ( 'NONE',  ( -4.538000000000000256, -2.158999999999999808, 0.3770000000000000018 ) ) ;
#4197 = FACE_OUTER_BOUND ( 'NONE', #2446, .T. ) ;
#4198 = DIRECTION ( 'NONE',  ( 1.000000000000000000, 0.000000000000000000, 0.000000000000000000 ) ) ;
#4199 = ADVANCED_FACE ( 'NONE', ( #2090 ), #6205, .F. ) ;
#4200 = ADVANCED_FACE ( 'NONE', ( #2788 ), #4517, .T. ) ;
#4201 = EDGE_CURVE ( 'NONE', #5099, #1633, #6972, .T. ) ;
#4202 = DIRECTION ( 'NONE',  ( 1.000000000000000000, 0.000000000000000000, 0.000000000000000000 ) ) ;
#4203 = ORIENTED_EDGE ( 'NONE', *, *, #5104, .T. ) ;
#4204 = CARTESIAN_POINT ( 'NONE',  ( 4.783000000000000362, -3.429000000000000270, 0.4420000000000000040 ) ) ;
#4205 = ORIENTED_EDGE ( 'NONE', *, *, #5435, .T. ) ;
#4206 = DIRECTION ( 'NONE',  ( 0.000000000000000000, 0.000000000000000000, -1.000000000000000000 ) ) ;
#4207 = PLANE ( 'NONE',  #1605 ) ;
#4208 = CARTESIAN_POINT ( 'NONE',  ( 3.797000000000000153, 4.698999999999999844, 1.574999999999999956 ) ) ;
#4209 = CARTESIAN_POINT ( 'NONE',  ( 4.716099332124954024, 3.429000000000000270, 0.6941160045069316720 ) ) ;
#4210 = AXIS2_PLACEMENT_3D ( 'NONE', #1187, #35, #4710 ) ;
#4211 = CARTESIAN_POINT ( 'NONE',  ( -3.798145634621056921, -1.748333333333327522, 1.305805962493186811 ) ) ;
#4212 = ORIENTED_EDGE ( 'NONE', *, *, #1695, .T. ) ;
#4213 = FACE_OUTER_BOUND ( 'NONE', #2657, .T. ) ;
#4214 = VECTOR ( 'NONE', #4458, 1000.000000000000000 ) ;
#4215 = DIRECTION ( 'NONE',  ( 0.000000000000000000, -1.000000000000000000, 0.000000000000000000 ) ) ;
#4216 = VERTEX_POINT ( 'NONE', #7434 ) ;
#4217 = ORIENTED_EDGE ( 'NONE', *, *, #6692, .T. ) ;
#4218 = CARTESIAN_POINT ( 'NONE',  ( 4.648549666062477215, 4.698999999999999844, 0.9460580022534657019 ) ) ;
#4219 = CARTESIAN_POINT ( 'NONE',  ( -4.783000000000000362, -3.429000000000000270, 0.4420000000000000040 ) ) ;
#4220 = EDGE_CURVE ( 'NONE', #4524, #3413, #6936, .T. ) ;
#4221 = CARTESIAN_POINT ( 'NONE',  ( 3.797000000000000153, 0.3810000000000000053, 1.320999999999999952 ) ) ;
#4222 = CIRCLE ( 'NONE', #4834, 0.5080000000000001181 ) ;
#4223 = VERTEX_POINT ( 'NONE', #3336 ) ;
#4224 = DIRECTION ( 'NONE',  ( -1.000000000000000000, 0.000000000000000000, 0.000000000000000000 ) ) ;
#4225 = ORIENTED_EDGE ( 'NONE', *, *, #5868, .T. ) ;
#4226 = LINE ( 'NONE', #7229, #1543 ) ;
#4227 = CARTESIAN_POINT ( 'NONE',  ( -5.321000000000000618, -2.158999999999999808, 0.2540000000000000036 ) ) ;
#4228 = VERTEX_POINT ( 'NONE', #2240 ) ;
#4229 = EDGE_LOOP ( 'NONE', ( #1725, #3882, #4767, #7375 ) ) ;
#4230 = ADVANCED_FACE ( 'NONE', ( #5173 ), #2128, .T. ) ;
#4231 = ORIENTED_EDGE ( 'NONE', *, *, #5140, .T. ) ;
#4232 = VERTEX_POINT ( 'NONE', #5678 ) ;
#4233 = DIRECTION ( 'NONE',  ( 0.000000000000000000, -1.000000000000000000, 0.000000000000000000 ) ) ;
#4234 = FACE_OUTER_BOUND ( 'NONE', #3506, .T. ) ;
#4235 = CARTESIAN_POINT ( 'NONE',  ( 5.321000000000000618, 3.429000000000000270, 0.2540000000000000036 ) ) ;
#4236 = CARTESIAN_POINT ( 'NONE',  ( -3.797000000000000153, -2.158999999999999808, 1.320999999999999952 ) ) ;
#4237 = ORIENTED_EDGE ( 'NONE', *, *, #7159, .T. ) ;
#4238 = EDGE_CURVE ( 'NONE', #6145, #6895, #7592, .T. ) ;
#4239 = LINE ( 'NONE', #7019, #3291 ) ;
#4240 = ORIENTED_EDGE ( 'NONE', *, *, #2853, .T. ) ;
#4241 = DIRECTION ( 'NONE',  ( 0.9658855493432024764, 0.000000000000000000, 0.2589693139543370881 ) ) ;
#4242 = PLANE ( 'NONE',  #3931 ) ;
#4243 = ADVANCED_FACE ( 'NONE', ( #2165 ), #5641, .T. ) ;
#4244 = DIRECTION ( 'NONE',  ( 0.000000000000000000, -1.000000000000000000, 0.000000000000000000 ) ) ;
#4245 = CARTESIAN_POINT ( 'NONE',  ( 4.581000000000000405, -0.3810000000000000053, 1.197999999999999954 ) ) ;
#4246 = DIRECTION ( 'NONE',  ( 0.000000000000000000, -1.000000000000000000, 0.000000000000000000 ) ) ;
#4247 = EDGE_CURVE ( 'NONE', #5325, #4887, #7200, .T. ) ;
#4248 = ORIENTED_EDGE ( 'NONE', *, *, #1896, .F. ) ;
#4249 = VECTOR ( 'NONE', #6357, 1000.000000000000000 ) ;
#4250 = CARTESIAN_POINT ( 'NONE',  ( -4.089999999999999858, 4.191000000000000725, 1.066999999999999948 ) ) ;
#4251 = ORIENTED_EDGE ( 'NONE', *, *, #1010, .F. ) ;
#4252 = EDGE_CURVE ( 'NONE', #3839, #7265, #4062, .T. ) ;
#4253 = CARTESIAN_POINT ( 'NONE',  ( -5.321000000000000618, -0.8890000000000000124, 0.2540000000000000036 ) ) ;
#4254 = ADVANCED_FACE ( 'NONE', ( #2831 ), #7479, .T. ) ;
#4255 = EDGE_CURVE ( 'NONE', #5326, #4622, #6866, .T. ) ;
#4256 = AXIS2_PLACEMENT_3D ( 'NONE', #108, #5946, #7059 ) ;
#4257 = CARTESIAN_POINT ( 'NONE',  ( 4.089999999999999858, -0.3810000000000000053, 1.320999999999999952 ) ) ;
#4258 = VECTOR ( 'NONE', #2802, 1000.000000000000000 ) ;
#4259 = CARTESIAN_POINT ( 'NONE',  ( -4.089999999999999858, 3.429000000000000270, 1.066999999999999948 ) ) ;
#4260 = EDGE_LOOP ( 'NONE', ( #3062, #4681, #405, #1778 ) ) ;
#4261 = LINE ( 'NONE', #3840, #4519 ) ;
#4262 = LINE ( 'NONE', #6613, #2528 ) ;
#4263 = ADVANCED_FACE ( 'NONE', ( #2204 ), #5216, .T. ) ;
#4264 = MECHANICAL_DESIGN_GEOMETRIC_PRESENTATION_REPRESENTATION (  '', ( #3660 ), #471 ) ;
#4265 = ORIENTED_EDGE ( 'NONE', *, *, #7002, .T. ) ;
#4266 = CARTESIAN_POINT ( 'NONE',  ( -4.581000000000000405, 1.650999999999999801, 1.197999999999999954 ) ) ;
#4267 = DIRECTION ( 'NONE',  ( 1.000000000000000000, 0.000000000000000000, 0.000000000000000000 ) ) ;
#4268 = VECTOR ( 'NONE', #4603, 1000.000000000000000 ) ;
#4269 = ORIENTED_EDGE ( 'NONE', *, *, #6289, .T. ) ;
#4270 = AXIS2_PLACEMENT_3D ( 'NONE', #909, #798, #5488 ) ;
#4271 = ORIENTED_EDGE ( 'NONE', *, *, #4824, .T. ) ;
#4272 = EDGE_LOOP ( 'NONE', ( #6433, #3924, #3132, #5597 ) ) ;
#4273 = VERTEX_POINT ( 'NONE', #1545 ) ;
#4274 = AXIS2_PLACEMENT_3D ( 'NONE', #5139, #1059, #4023 ) ;
#4275 = VECTOR ( 'NONE', #884, 1000.000000000000000 ) ;
#4276 = LINE ( 'NONE', #2614, #5087 ) ;
#4277 = CARTESIAN_POINT ( 'NONE',  ( 3.442000000000000171, -5.168999999999999595, 2.641999999999999904 ) ) ;
#4278 = CYLINDRICAL_SURFACE ( 'NONE', #6851, 0.2540000000000000036 ) ;
#4279 =( NAMED_UNIT ( * ) SI_UNIT ( $, .STERADIAN. ) SOLID_ANGLE_UNIT ( ) );
#4280 = ORIENTED_EDGE ( 'NONE', *, *, #5763, .F. ) ;
#4281 = CYLINDRICAL_SURFACE ( 'NONE', #1806, 0.5080000000000000071 ) ;
#4282 = EDGE_CURVE ( 'NONE', #571, #7038, #4354, .T. ) ;
#4283 = FACE_OUTER_BOUND ( 'NONE', #4803, .T. ) ;
#4284 = CARTESIAN_POINT ( 'NONE',  ( 4.783000000000000362, -1.650999999999999801, 0.4420000000000000040 ) ) ;
#4285 = CARTESIAN_POINT ( 'NONE',  ( 5.028999999999999915, -3.429000000000000270, 0.2540000000000000036 ) ) ;
#4286 = LINE ( 'NONE', #1976, #4646 ) ;
#4287 = EDGE_CURVE ( 'NONE', #3990, #5882, #7106, .T. ) ;
#4288 = AXIS2_PLACEMENT_3D ( 'NONE', #291, #4855, #2624 ) ;
#4289 = DIRECTION ( 'NONE',  ( 0.2589693139543370881, 0.000000000000000000, 0.9658855493432024764 ) ) ;
#4290 = VERTEX_POINT ( 'NONE', #3988 ) ;
#4291 = LINE ( 'NONE', #3794, #3054 ) ;
#4292 = DIRECTION ( 'NONE',  ( 0.000000000000000000, 0.000000000000000000, 1.000000000000000000 ) ) ;
#4293 = ORIENTED_EDGE ( 'NONE', *, *, #2711, .T. ) ;
#4294 = DIRECTION ( 'NONE',  ( 0.000000000000000000, -1.000000000000000000, 0.000000000000000000 ) ) ;
#4295 = VECTOR ( 'NONE', #3203, 1000.000000000000000 ) ;
#4296 = CARTESIAN_POINT ( 'NONE',  ( 4.334999999999999964, 2.158999999999999808, 1.132999999999999785 ) ) ;
#4297 = LINE ( 'NONE', #4873, #4754 ) ;
#4298 = EDGE_CURVE ( 'NONE', #2399, #5246, #944, .T. ) ;
#4299 = ORIENTED_EDGE ( 'NONE', *, *, #4763, .T. ) ;
#4300 = EDGE_CURVE ( 'NONE', #5417, #925, #2707, .T. ) ;
#4301 = CARTESIAN_POINT ( 'NONE',  ( 3.797000000000000153, 3.429000000000000270, 1.574999999999999956 ) ) ;
#4302 = EDGE_CURVE ( 'NONE', #1864, #120, #7396, .T. ) ;
#4303 = CARTESIAN_POINT ( 'NONE',  ( -5.028999999999999915, 0.8890000000000000124, 0.5080000000000000071 ) ) ;
#4304 = EDGE_CURVE ( 'NONE', #5372, #6096, #4130, .T. ) ;
#4305 = CIRCLE ( 'NONE', #998, 0.5080000000000001181 ) ;
#4306 = VERTEX_POINT ( 'NONE', #1136 ) ;
#4307 = LINE ( 'NONE', #6073, #2158 ) ;
#4308 = CYLINDRICAL_SURFACE ( 'NONE', #6766, 0.5080000000000000071 ) ;
#4309 = MECHANICAL_DESIGN_GEOMETRIC_PRESENTATION_REPRESENTATION (  '', ( #6116 ), #621 ) ;
#4310 = VECTOR ( 'NONE', #3985, 1000.000000000000000 ) ;
#4311 = VECTOR ( 'NONE', #6226, 1000.000000000000000 ) ;
#4312 = ORIENTED_EDGE ( 'NONE', *, *, #976, .T. ) ;
#4313 = VERTEX_POINT ( 'NONE', #4235 ) ;
#4314 = ORIENTED_EDGE ( 'NONE', *, *, #6797, .F. ) ;
#4315 = DIRECTION ( 'NONE',  ( 0.000000000000000000, 1.000000000000000000, 0.000000000000000000 ) ) ;
#4316 = FACE_OUTER_BOUND ( 'NONE', #1439, .T. ) ;
#4317 = UNCERTAINTY_MEASURE_WITH_UNIT (LENGTH_MEASURE( 1.000000000000000082E-05 ), #617, 'distance_accuracy_value', 'NONE');
#4318 = CARTESIAN_POINT ( 'NONE',  ( -4.783000000000000362, 0.8890000000000000124, 0.4420000000000000040 ) ) ;
#4319 = EDGE_CURVE ( 'NONE', #4193, #5116, #5331, .T. ) ;
#4320 = ORIENTED_EDGE ( 'NONE', *, *, #6022, .T. ) ;
#4321 = DIRECTION ( 'NONE',  ( 0.7931070766835157659, 0.000000000000000000, 0.6090822316522848112 ) ) ;
#4322 = CARTESIAN_POINT ( 'NONE',  ( 4.538000000000000256, -0.8890000000000000124, 0.3770000000000000018 ) ) ;
#4323 = DIRECTION ( 'NONE',  ( 0.000000000000000000, 1.000000000000000000, 0.000000000000000000 ) ) ;
#4324 = CARTESIAN_POINT ( 'NONE',  ( -5.321000000000000618, 1.650999999999999801, 0.000000000000000000 ) ) ;
#4325 = FACE_OUTER_BOUND ( 'NONE', #2030, .T. ) ;
#4326 = ORIENTED_EDGE ( 'NONE', *, *, #7264, .T. ) ;
#4327 = DIRECTION ( 'NONE',  ( 1.000000000000000000, 0.000000000000000000, 0.000000000000000000 ) ) ;
#4328 = EDGE_CURVE ( 'NONE', #4729, #4752, #3539, .T. ) ;
#4329 = DIRECTION ( 'NONE',  ( -1.000000000000000000, 0.000000000000000000, 0.000000000000000000 ) ) ;
#4330 = VERTEX_POINT ( 'NONE', #4098 ) ;
#4331 = DIRECTION ( 'NONE',  ( -0.7931070766835153218, 0.000000000000000000, -0.6090822316522856994 ) ) ;
#4332 = DIRECTION ( 'NONE',  ( 0.000000000000000000, -1.000000000000000000, 0.000000000000000000 ) ) ;
#4333 = CARTESIAN_POINT ( 'NONE',  ( -4.783000000000000362, 2.158999999999999808, 0.4420000000000000040 ) ) ;
#4334 = AXIS2_PLACEMENT_3D ( 'NONE', #6204, #941, #3295 ) ;
#4335 = FACE_OUTER_BOUND ( 'NONE', #296, .T. ) ;
#4336 = CLOSED_SHELL ( 'NONE', ( #6049, #4191, #520, #404, #561, #5388, #314, #6507, #921, #1130, #7199, #972, #6731, #4542 ) ) ;
#4337 = VERTEX_POINT ( 'NONE', #58 ) ;
#4338 = AXIS2_PLACEMENT_3D ( 'NONE', #1947, #4294, #6640 ) ;
#4339 = FACE_OUTER_BOUND ( 'NONE', #53, .T. ) ;
#4340 = SURFACE_STYLE_FILL_AREA ( #2603 ) ;
#4341 = AXIS2_PLACEMENT_3D ( 'NONE', #5560, #3183, #1435 ) ;
#4342 = ORIENTED_EDGE ( 'NONE', *, *, #5188, .T. ) ;
#4343 = DIRECTION ( 'NONE',  ( 0.7931070766835166541, 0.000000000000000000, -0.6090822316522841451 ) ) ;
#4344 = VECTOR ( 'NONE', #5974, 1000.000000000000000 ) ;
#4345 = LINE ( 'NONE', #7185, #4792 ) ;
#4346 = CARTESIAN_POINT ( 'NONE',  ( -4.581000000000000405, -4.191000000000000725, 1.197999999999999954 ) ) ;
#4347 = EDGE_CURVE ( 'NONE', #5073, #6499, #25, .T. ) ;
#4348 = ORIENTED_EDGE ( 'NONE', *, *, #2809, .F. ) ;
#4349 = ORIENTED_EDGE ( 'NONE', *, *, #7549, .T. ) ;
#4350 = ORIENTED_EDGE ( 'NONE', *, *, #1842, .F. ) ;
#4351 = DIRECTION ( 'NONE',  ( 0.000000000000000000, -1.000000000000000000, 0.000000000000000000 ) ) ;
#4352 = CARTESIAN_POINT ( 'NONE',  ( -3.797000000000000153, 0.8890000000000000124, 1.320999999999999952 ) ) ;
#4353 = CARTESIAN_POINT ( 'NONE',  ( 4.089999999999999858, -3.429000000000000270, 1.574999999999999956 ) ) ;
#4354 = B_SPLINE_CURVE_WITH_KNOTS ( 'NONE', 3,
 ( #7516, #3448, #2748, #6286 ),
 .UNSPECIFIED., .F., .F.,
 ( 4, 4 ),
 ( 0.000000000000000000, 1.000000000000000000 ),
 .UNSPECIFIED. ) ;
#4355 = CARTESIAN_POINT ( 'NONE',  ( -4.089999999999999858, -0.8890000000000000124, 1.574999999999999956 ) ) ;
#4356 = ORIENTED_EDGE ( 'NONE', *, *, #1529, .F. ) ;
#4357 = EDGE_CURVE ( 'NONE', #2731, #7232, #2397, .T. ) ;
#4358 = PLANE ( 'NONE',  #6462 ) ;
#4359 = CARTESIAN_POINT ( 'NONE',  ( 3.620000000000000107, -5.142999999999999794, 0.2540000000000000036 ) ) ;
#4360 = CARTESIAN_POINT ( 'NONE',  ( 4.716099332124954024, -1.650999999999999801, 0.6941160045069316720 ) ) ;
#4361 = CARTESIAN_POINT ( 'NONE',  ( 4.538000000000000256, -2.920999999999999819, 0.3770000000000000018 ) ) ;
#4362 = DIRECTION ( 'NONE',  ( 0.7931070766835157659, 0.000000000000000000, -0.6090822316522849222 ) ) ;
#4363 = LINE ( 'NONE', #5485, #6431 ) ;
#4364 = MECHANICAL_DESIGN_GEOMETRIC_PRESENTATION_REPRESENTATION (  '', ( #1533 ), #6827 ) ;
#4365 = EDGE_LOOP ( 'NONE', ( #3783, #2610, #5284, #6495 ) ) ;
#4366 = CARTESIAN_POINT ( 'NONE',  ( -4.538000000000000256, -0.3810000000000000053, 0.3770000000000000018 ) ) ;
#4367 = B_SPLINE_CURVE_WITH_KNOTS ( 'NONE', 3,
 ( #1050, #2693, #7505, #6348 ),
 .UNSPECIFIED., .F., .F.,
 ( 4, 4 ),
 ( 0.000000000000000000, 1.000000000000000000 ),
 .UNSPECIFIED. ) ;
#4368 = LINE ( 'NONE', #948, #5502 ) ;
#4369 = EDGE_LOOP ( 'NONE', ( #4467, #1084, #6180, #383 ) ) ;
#4370 = CARTESIAN_POINT ( 'NONE',  ( -4.783000000000000362, 2.920999999999999819, 0.4420000000000000040 ) ) ;
#4371 = CARTESIAN_POINT ( 'NONE',  ( 4.335256734746894658, 4.529666666666667396, 1.133069161197122865 ) ) ;
#4372 = B_SPLINE_CURVE_WITH_KNOTS ( 'NONE', 3,
 ( #5756, #6209, #3911, #6939 ),
 .UNSPECIFIED., .F., .F.,
 ( 4, 4 ),
 ( 0.000000000000000000, 1.000000000000000000 ),
 .UNSPECIFIED. ) ;
#4373 = COLOUR_RGB ( '',0.7215686274509803821, 0.7215686274509803821, 0.7215686274509803821 ) ;
#4374 = CYLINDRICAL_SURFACE ( 'NONE', #5627, 0.2540000000000000036 ) ;
#4375 = DIRECTION ( 'NONE',  ( -1.000000000000000000, 0.000000000000000000, 0.000000000000000000 ) ) ;
#4376 = B_SPLINE_CURVE_WITH_KNOTS ( 'NONE', 3,
 ( #1992, #7302, #394, #5658 ),
 .UNSPECIFIED., .F., .F.,
 ( 4, 4 ),
 ( 0.000000000000000000, 1.000000000000000000 ),
 .UNSPECIFIED. ) ;
#4377 = EDGE_LOOP ( 'NONE', ( #732, #1922, #1474, #5442, #3037, #752, #6639, #4436, #642, #3044, #2691, #3033 ) ) ;
#4378 = AXIS2_PLACEMENT_3D ( 'NONE', #1497, #372, #1655 ) ;
#4379 = CARTESIAN_POINT ( 'NONE',  ( -4.089999999999999858, -2.158999999999999808, 1.574999999999999956 ) ) ;
#4380 = CYLINDRICAL_SURFACE ( 'NONE', #3791, 0.2540000000000000036 ) ;
#4381 = ORIENTED_EDGE ( 'NONE', *, *, #2990, .F. ) ;
#4382 = DIRECTION ( 'NONE',  ( 0.000000000000000000, 1.000000000000000000, 0.000000000000000000 ) ) ;
#4383 = VECTOR ( 'NONE', #2961, 1000.000000000000000 ) ;
#4384 = CARTESIAN_POINT ( 'NONE',  ( 5.028999999999999915, 4.191000000000000725, 0.000000000000000000 ) ) ;
#4385 = B_SPLINE_CURVE_WITH_KNOTS ( 'NONE', 3,
 ( #4041, #429, #5154, #7414 ),
 .UNSPECIFIED., .F., .F.,
 ( 4, 4 ),
 ( 0.000000000000000000, 1.000000000000000000 ),
 .UNSPECIFIED. ) ;
#4386 = EDGE_CURVE ( 'NONE', #4844, #3897, #4697, .T. ) ;
#4387 = VERTEX_POINT ( 'NONE', #3057 ) ;
#4388 = AXIS2_PLACEMENT_3D ( 'NONE', #1444, #6680, #6144 ) ;
#4389 = VECTOR ( 'NONE', #4292, 1000.000000000000000 ) ;
#4390 = ORIENTED_EDGE ( 'NONE', *, *, #6840, .F. ) ;
#4391 = FACE_OUTER_BOUND ( 'NONE', #5063, .T. ) ;
#4392 = FACE_OUTER_BOUND ( 'NONE', #508, .T. ) ;
#4393 = VECTOR ( 'NONE', #5772, 1000.000000000000000 ) ;
#4394 = UNCERTAINTY_MEASURE_WITH_UNIT (LENGTH_MEASURE( 1.000000000000000082E-05 ), #3961, 'distance_accuracy_value', 'NONE');
#4395 = DIRECTION ( 'NONE',  ( 1.000000000000000000, 0.000000000000000000, 0.000000000000000000 ) ) ;
#4396 = ORIENTED_EDGE ( 'NONE', *, *, #874, .T. ) ;
#4397 = EDGE_CURVE ( 'NONE', #7307, #4464, #1739, .T. ) ;
#4398 = DIRECTION ( 'NONE',  ( 0.000000000000000000, -1.000000000000000000, 0.000000000000000000 ) ) ;
#4399 = ORIENTED_EDGE ( 'NONE', *, *, #2733, .T. ) ;
#4400 = VECTOR ( 'NONE', #4081, 1000.000000000000000 ) ;
#4401 = ADVANCED_FACE ( 'NONE', ( #98 ), #7051, .T. ) ;
#4402 = VECTOR ( 'NONE', #339, 1000.000000000000000 ) ;
#4403 = CARTESIAN_POINT ( 'NONE',  ( -4.089999999999999858, 0.8890000000000000124, 1.066999999999999948 ) ) ;
#4404 = LINE ( 'NONE', #4438, #1638 ) ;
#4405 = DIRECTION ( 'NONE',  ( -0.7931070766835157659, 0.000000000000000000, 0.6090822316522848112 ) ) ;
#4406 = DIRECTION ( 'NONE',  ( -0.7931070766835166541, 0.000000000000000000, -0.6090822316522841451 ) ) ;
#4407 = CARTESIAN_POINT ( 'NONE',  ( -4.089999999999999858, -0.3810000000000000053, 1.066999999999999948 ) ) ;
#4408 = EDGE_CURVE ( 'NONE', #2874, #4057, #6475, .T. ) ;
#4409 = DIRECTION ( 'NONE',  ( 0.000000000000000000, -1.000000000000000000, 0.000000000000000000 ) ) ;
#4410 = ORIENTED_EDGE ( 'NONE', *, *, #5586, .F. ) ;
#4411 = CARTESIAN_POINT ( 'NONE',  ( 3.797000000000000153, -1.650999999999999801, 1.574999999999999956 ) ) ;
#4412 = DIRECTION ( 'NONE',  ( -0.9658855493432024764, 0.000000000000000000, 0.2589693139543370881 ) ) ;
#4413 = EDGE_LOOP ( 'NONE', ( #5616, #2228, #5827, #811, #1525, #1398, #1516, #4633, #6860, #4498, #1996, #2964 ) ) ;
#4414 = DIRECTION ( 'NONE',  ( 0.000000000000000000, 1.000000000000000000, 0.000000000000000000 ) ) ;
#4415 =( LENGTH_UNIT ( ) NAMED_UNIT ( * ) SI_UNIT ( .MILLI., .METRE. ) );
#4416 = CARTESIAN_POINT ( 'NONE',  ( 3.442000000000000171, 5.168999999999999595, 2.641999999999999904 ) ) ;
#4417 = DIRECTION ( 'NONE',  ( -1.000000000000000000, 0.000000000000000000, 0.000000000000000000 ) ) ;
#4418 = VERTEX_POINT ( 'NONE', #3596 ) ;
#4419 = EDGE_CURVE ( 'NONE', #452, #5490, #4811, .T. ) ;
#4420 = DIRECTION ( 'NONE',  ( 1.000000000000000000, 0.000000000000000000, 0.000000000000000000 ) ) ;
#4421 = SURFACE_SIDE_STYLE ('',( #4340 ) ) ;
#4422 = EDGE_LOOP ( 'NONE', ( #2056, #1988, #4203, #994, #549, #2814, #4685, #3007, #2943, #5950, #4802, #1081 ) ) ;
#4423 = EDGE_LOOP ( 'NONE', ( #5926, #3481, #91, #5218 ) ) ;
#4424 = FACE_OUTER_BOUND ( 'NONE', #3480, .T. ) ;
#4425 = PLANE ( 'NONE',  #877 ) ;
#4426 = PRESENTATION_STYLE_ASSIGNMENT (( #6152 ) ) ;
#4427 = ORIENTED_EDGE ( 'NONE', *, *, #687, .F. ) ;
#4428 = ORIENTED_EDGE ( 'NONE', *, *, #2641, .T. ) ;
#4429 = EDGE_CURVE ( 'NONE', #5082, #7062, #1280, .T. ) ;
#4430 = DIRECTION ( 'NONE',  ( 0.000000000000000000, 1.000000000000000000, 0.000000000000000000 ) ) ;
#4431 = CARTESIAN_POINT ( 'NONE',  ( 4.538000000000000256, 2.158999999999999808, 0.3770000000000000018 ) ) ;
#4432 = AXIS2_PLACEMENT_3D ( 'NONE', #4506, #4544, #2858 ) ;
#4433 = PLANE ( 'NONE',  #6725 ) ;
#4434 = EDGE_LOOP ( 'NONE', ( #1121, #1332, #7306, #6788, #6013, #2471, #6828, #5392, #5354, #1161, #6299, #5907 ) ) ;
#4435 = CARTESIAN_POINT ( 'NONE',  ( 5.321000000000000618, 2.920999999999999819, 0.000000000000000000 ) ) ;
#4436 = ORIENTED_EDGE ( 'NONE', *, *, #7025, .T. ) ;
#4437 = LINE ( 'NONE', #2783, #4988 ) ;
#4438 = CARTESIAN_POINT ( 'NONE',  ( -4.089999999999999858, 0.3810000000000000053, 1.320999999999999952 ) ) ;
#4439 = CARTESIAN_POINT ( 'NONE',  ( -2.586999999999999744, 4.270000000000000462, 2.644000000000000128 ) ) ;
#4440 = EDGE_CURVE ( 'NONE', #7348, #4740, #3160, .T. ) ;
#4441 = EDGE_CURVE ( 'NONE', #4330, #3162, #5404, .T. ) ;
#4442 = CARTESIAN_POINT ( 'NONE',  ( -4.335256734746894658, -4.360333333333333172, 1.133069161197122865 ) ) ;
#4443 = CARTESIAN_POINT ( 'NONE',  ( -4.335256734746894658, -1.989666666666666472, 1.133069161197122865 ) ) ;
#4444 = ADVANCED_FACE ( 'NONE', ( #3526 ), #640, .T. ) ;
#4445 = LINE ( 'NONE', #3951, #51 ) ;
#4446 = ORIENTED_EDGE ( 'NONE', *, *, #1518, .F. ) ;
#4447 = CARTESIAN_POINT ( 'NONE',  ( 4.089999999999999858, -4.698999999999999844, 1.066999999999999948 ) ) ;
#4448 = CARTESIAN_POINT ( 'NONE',  ( 4.089999999999999858, -2.920999999999999819, 1.066999999999999948 ) ) ;
#4449 = ORIENTED_EDGE ( 'NONE', *, *, #6555, .T. ) ;
#4450 = DIRECTION ( 'NONE',  ( 0.000000000000000000, 1.000000000000000000, 0.000000000000000000 ) ) ;
#4451 = DIRECTION ( 'NONE',  ( 0.000000000000000000, -1.000000000000000000, 0.000000000000000000 ) ) ;
#4452 = CARTESIAN_POINT ( 'NONE',  ( -3.797000000000000153, -0.8890000000000000124, 1.574999999999999956 ) ) ;
#4453 = FILL_AREA_STYLE_COLOUR ( '', #7088 ) ;
#4454 = VERTEX_POINT ( 'NONE', #2435 ) ;
#4455 = PLANE ( 'NONE',  #2993 ) ;
#4456 = EDGE_LOOP ( 'NONE', ( #6072, #5076, #3317, #2570 ) ) ;
#4457 = ORIENTED_EDGE ( 'NONE', *, *, #1494, .T. ) ;
#4458 = DIRECTION ( 'NONE',  ( 0.000000000000000000, -1.000000000000000000, 0.000000000000000000 ) ) ;
#4459 = EDGE_CURVE ( 'NONE', #5079, #3941, #7081, .T. ) ;
#4460 = AXIS2_PLACEMENT_3D ( 'NONE', #1677, #1000, #5112 ) ;
#4461 = FACE_OUTER_BOUND ( 'NONE', #5469, .T. ) ;
#4462 = CARTESIAN_POINT ( 'NONE',  ( 5.028999999999999915, -0.3810000000000000053, 0.2540000000000000036 ) ) ;
#4463 = AXIS2_PLACEMENT_3D ( 'NONE', #5684, #6909, #3914 ) ;
#4464 = VERTEX_POINT ( 'NONE', #2907 ) ;
#4465 = AXIS2_PLACEMENT_3D ( 'NONE', #794, #3719, #6136 ) ;
#4466 = VECTOR ( 'NONE', #7431, 1000.000000000000000 ) ;
#4467 = ORIENTED_EDGE ( 'NONE', *, *, #6367, .F. ) ;
#4468 = CARTESIAN_POINT ( 'NONE',  ( -5.321000000000000618, -0.3810000000000000053, 0.000000000000000000 ) ) ;
#4469 = FACE_OUTER_BOUND ( 'NONE', #1165, .T. ) ;
#4470 = ORIENTED_EDGE ( 'NONE', *, *, #3781, .F. ) ;
#4471 = FACE_OUTER_BOUND ( 'NONE', #6817, .T. ) ;
#4472 = ORIENTED_EDGE ( 'NONE', *, *, #1803, .F. ) ;
#4473 = LINE ( 'NONE', #5746, #4249 ) ;
#4474 = CARTESIAN_POINT ( 'NONE',  ( -4.334999999999999964, -2.920999999999999819, 1.132999999999999785 ) ) ;
#4475 = DIRECTION ( 'NONE',  ( 0.7931070766835153218, 0.000000000000000000, -0.6090822316522856994 ) ) ;
#4476 = LINE ( 'NONE', #1544, #3976 ) ;
#4477 = DIRECTION ( 'NONE',  ( 0.000000000000000000, 1.000000000000000000, 0.000000000000000000 ) ) ;
#4478 = ADVANCED_FACE ( 'NONE', ( #7015 ), #5256, .T. ) ;
#4479 = CYLINDRICAL_SURFACE ( 'NONE', #5939, 0.2540000000000000036 ) ;
#4480 = EDGE_LOOP ( 'NONE', ( #2935, #2811, #4547, #6501 ) ) ;
#4481 = CYLINDRICAL_SURFACE ( 'NONE', #6856, 0.5080000000000000071 ) ;
#4482 = LINE ( 'NONE', #1103, #2420 ) ;
#4483 = VERTEX_POINT ( 'NONE', #6699 ) ;
#4484 = EDGE_CURVE ( 'NONE', #7165, #2874, #4849, .T. ) ;
#4485 = PLANE ( 'NONE',  #6426 ) ;
#4486 = DIRECTION ( 'NONE',  ( 0.000000000000000000, -1.000000000000000000, 0.000000000000000000 ) ) ;
#4487 = CARTESIAN_POINT ( 'NONE',  ( -4.470144042195333789, 0.8890000000000000124, 0.6289492480282171671 ) ) ;
#4488 = ORIENTED_EDGE ( 'NONE', *, *, #5188, .F. ) ;
#4489 = CARTESIAN_POINT ( 'NONE',  ( -4.581000000000000405, 0.3810000000000000053, 1.197999999999999954 ) ) ;
#4490 = ADVANCED_FACE ( 'NONE', ( #3673 ), #2505, .T. ) ;
#4491 = DIRECTION ( 'NONE',  ( 0.000000000000000000, 1.000000000000000000, 0.000000000000000000 ) ) ;
#4492 = ORIENTED_EDGE ( 'NONE', *, *, #1125, .F. ) ;
#4493 = EDGE_CURVE ( 'NONE', #369, #2824, #5088, .T. ) ;
#4494 = ORIENTED_EDGE ( 'NONE', *, *, #3607, .T. ) ;
#4495 = EDGE_CURVE ( 'NONE', #7454, #4740, #1411, .T. ) ;
#4496 =( GEOMETRIC_REPRESENTATION_CONTEXT ( 3 ) GLOBAL_UNCERTAINTY_ASSIGNED_CONTEXT ( ( #1246 ) ) GLOBAL_UNIT_ASSIGNED_CONTEXT ( ( #5843, #7428, #5239 ) ) REPRESENTATION_CONTEXT ( 'NONE', 'WORKASPACE' ) );
#4497 = LINE ( 'NONE', #6223, #7071 ) ;
#4498 = ORIENTED_EDGE ( 'NONE', *, *, #2819, .T. ) ;
#4499 = DIRECTION ( 'NONE',  ( 0.000000000000000000, -1.000000000000000000, 0.000000000000000000 ) ) ;
#4500 = CLOSED_SHELL ( 'NONE', ( #4630, #4030, #770, #2952, #6130, #4089, #2804, #3703, #1078, #1467, #1747, #4881, #86, #1099 ) ) ;
#4501 = ORIENTED_EDGE ( 'NONE', *, *, #1676, .T. ) ;
#4502 = ADVANCED_FACE ( 'NONE', ( #6662 ), #2042, .T. ) ;
#4503 = AXIS2_PLACEMENT_3D ( 'NONE', #6113, #886, #4995 ) ;
#4504 = ORIENTED_EDGE ( 'NONE', *, *, #2561, .T. ) ;
#4505 =( LENGTH_UNIT ( ) NAMED_UNIT ( * ) SI_UNIT ( .MILLI., .METRE. ) );
#4506 = CARTESIAN_POINT ( 'NONE',  ( -4.089999999999999858, 2.158999999999999808, 1.066999999999999948 ) ) ;
#4507 = VECTOR ( 'NONE', #4198, 1000.000000000000000 ) ;
#4508 = LINE ( 'NONE', #6239, #5621 ) ;
#4509 = ORIENTED_EDGE ( 'NONE', *, *, #4429, .T. ) ;
#4510 = MECHANICAL_DESIGN_GEOMETRIC_PRESENTATION_REPRESENTATION (  '', ( #1549 ), #2293 ) ;
#4511 = ORIENTED_EDGE ( 'NONE', *, *, #4328, .T. ) ;
#4512 = AXIS2_PLACEMENT_3D ( 'NONE', #3309, #6179, #7297 ) ;
#4513 = LINE ( 'NONE', #6282, #940 ) ;
#4514 = LINE ( 'NONE', #3945, #5822 ) ;
#4515 = PLANE ( 'NONE',  #7112 ) ;
#4516 = CARTESIAN_POINT ( 'NONE',  ( -5.028999999999999915, -3.429000000000000270, 0.2540000000000000036 ) ) ;
#4517 = PLANE ( 'NONE',  #5862 ) ;
#4518 = CIRCLE ( 'NONE', #1810, 0.5080000000000001181 ) ;
#4519 = VECTOR ( 'NONE', #4420, 1000.000000000000000 ) ;
#4520 = FACE_OUTER_BOUND ( 'NONE', #4423, .T. ) ;
#4521 = ORIENTED_EDGE ( 'NONE', *, *, #252, .T. ) ;
#4522 = DIRECTION ( 'NONE',  ( 0.000000000000000000, -1.000000000000000000, 0.000000000000000000 ) ) ;
#4523 = CARTESIAN_POINT ( 'NONE',  ( -3.797000000000000153, -3.429000000000000270, 1.320999999999999952 ) ) ;
#4524 = VERTEX_POINT ( 'NONE', #3745 ) ;
#4525 = LINE ( 'NONE', #5722, #786 ) ;
#4526 = DIRECTION ( 'NONE',  ( 0.000000000000000000, -1.000000000000000000, 0.000000000000000000 ) ) ;
#4527 = ADVANCED_FACE ( 'NONE', ( #820 ), #7195, .T. ) ;
#4528 = STYLED_ITEM ( 'NONE', ( #2183 ), #2808 ) ;
#4529 = LINE ( 'NONE', #3347, #5494 ) ;
#4530 = ORIENTED_EDGE ( 'NONE', *, *, #4252, .T. ) ;
#4531 = CARTESIAN_POINT ( 'NONE',  ( 4.581000000000000405, 4.191000000000000725, 1.197999999999999954 ) ) ;
#4532 =( NAMED_UNIT ( * ) PLANE_ANGLE_UNIT ( ) SI_UNIT ( $, .RADIAN. ) );
#4533 = CARTESIAN_POINT ( 'NONE',  ( 3.797000000000000153, 4.191000000000000725, 1.320999999999999952 ) ) ;
#4534 = EDGE_LOOP ( 'NONE', ( #814, #393, #2761, #6083 ) ) ;
#4535 = EDGE_LOOP ( 'NONE', ( #1178, #5612, #654, #1308 ) ) ;
#4536 = CARTESIAN_POINT ( 'NONE',  ( 4.334999999999999964, 2.158999999999999808, 1.132999999999999785 ) ) ;
#4537 = DIRECTION ( 'NONE',  ( 0.000000000000000000, 1.000000000000000000, 0.000000000000000000 ) ) ;
#4538 = DIRECTION ( 'NONE',  ( 0.000000000000000000, 1.000000000000000000, 0.000000000000000000 ) ) ;
#4539 = ADVANCED_FACE ( 'NONE', ( #6009 ), #4278, .F. ) ;
#4540 = EDGE_LOOP ( 'NONE', ( #2600, #1899, #7288, #6468 ) ) ;
#4541 = EDGE_CURVE ( 'NONE', #5490, #4171, #7333, .T. ) ;
#4542 = ADVANCED_FACE ( 'NONE', ( #6740 ), #3711, .T. ) ;
#4543 = ORIENTED_EDGE ( 'NONE', *, *, #6652, .F. ) ;
#4544 = DIRECTION ( 'NONE',  ( 0.000000000000000000, -1.000000000000000000, 0.000000000000000000 ) ) ;
#4545 = B_SPLINE_CURVE_WITH_KNOTS ( 'NONE', 3,
 ( #881, #235, #3918, #1478 ),
 .UNSPECIFIED., .F., .F.,
 ( 4, 4 ),
 ( 0.000000000000000000, 1.000000000000000000 ),
 .UNSPECIFIED. ) ;
#4546 = CARTESIAN_POINT ( 'NONE',  ( -4.581000000000000405, -2.920999999999999819, 1.197999999999999954 ) ) ;
#4547 = ORIENTED_EDGE ( 'NONE', *, *, #7386, .F. ) ;
#4548 = ORIENTED_EDGE ( 'NONE', *, *, #6322, .F. ) ;
#4549 = VECTOR ( 'NONE', #5698, 1000.000000000000000 ) ;
#4550 = DIRECTION ( 'NONE',  ( 0.000000000000000000, 0.000000000000000000, 1.000000000000000000 ) ) ;
#4551 = CARTESIAN_POINT ( 'NONE',  ( 3.678527506094660282, -5.219449357314823956, 1.940604536651115319 ) ) ;
#4552 = CARTESIAN_POINT ( 'NONE',  ( -5.028999999999999915, -3.429000000000000270, 0.2540000000000000036 ) ) ;
#4553 = B_SPLINE_CURVE_WITH_KNOTS ( 'NONE', 3,
 ( #4753, #6561, #5457, #192 ),
 .UNSPECIFIED., .F., .F.,
 ( 4, 4 ),
 ( 0.000000000000000000, 1.000000000000000000 ),
 .UNSPECIFIED. ) ;
#4554 = EDGE_CURVE ( 'NONE', #1391, #560, #3170, .T. ) ;
#4555 = DIRECTION ( 'NONE',  ( -0.000000000000000000, 1.000000000000000000, 0.000000000000000000 ) ) ;
#4556 = CARTESIAN_POINT ( 'NONE',  ( 3.797000000000000153, -0.3810000000000000053, 1.320999999999999952 ) ) ;
#4557 = AXIS2_PLACEMENT_3D ( 'NONE', #3023, #5374, #107 ) ;
#4558 = VECTOR ( 'NONE', #4323, 1000.000000000000000 ) ;
#4559 = DIRECTION ( 'NONE',  ( 0.000000000000000000, 1.000000000000000000, 0.000000000000000000 ) ) ;
#4560 = VERTEX_POINT ( 'NONE', #6081 ) ;
#4561 = DIRECTION ( 'NONE',  ( 0.000000000000000000, 0.000000000000000000, 1.000000000000000000 ) ) ;
#4562 = CARTESIAN_POINT ( 'NONE',  ( -5.321000000000000618, 4.698999999999999844, 0.000000000000000000 ) ) ;
#4563 = VERTEX_POINT ( 'NONE', #6158 ) ;
#4564 = CARTESIAN_POINT ( 'NONE',  ( -4.716099332124954024, -0.8890000000000000124, 0.6941160045069316720 ) ) ;
#4565 = CARTESIAN_POINT ( 'NONE',  ( 5.321000000000000618, -4.698999999999999844, 0.000000000000000000 ) ) ;
#4566 = CARTESIAN_POINT ( 'NONE',  ( 4.335256734746894658, -4.360333333333333172, 1.133069161197122865 ) ) ;
#4567 = B_SPLINE_CURVE_WITH_KNOTS ( 'NONE', 3,
 ( #7597, #2364, #139, #2324 ),
 .UNSPECIFIED., .F., .F.,
 ( 4, 4 ),
 ( 0.000000000000000000, 1.000000000000000000 ),
 .UNSPECIFIED. ) ;
#4568 = CARTESIAN_POINT ( 'NONE',  ( -4.089999999999999858, 4.191000000000000725, 1.574999999999999956 ) ) ;
#4569 = CARTESIAN_POINT ( 'NONE',  ( 3.797000000000000153, 2.158999999999999808, 1.320999999999999952 ) ) ;
#4570 = PRODUCT ( 'RxxCTxxS_3D_20201005', 'RxxCTxxS_3D_20201005', '', ( #5625 ) ) ;
#4571 = EDGE_CURVE ( 'NONE', #3589, #634, #2656, .T. ) ;
#4572 = SURFACE_STYLE_FILL_AREA ( #4645 ) ;
#4573 = FACE_OUTER_BOUND ( 'NONE', #2038, .T. ) ;
#4574 = ORIENTED_EDGE ( 'NONE', *, *, #742, .T. ) ;
#4575 = VERTEX_POINT ( 'NONE', #7274 ) ;
#4576 = CARTESIAN_POINT ( 'NONE',  ( -5.028999999999999915, 2.158999999999999808, 0.2540000000000000036 ) ) ;
#4577 = FACE_OUTER_BOUND ( 'NONE', #4534, .T. ) ;
#4578 = DIRECTION ( 'NONE',  ( 0.2589693139543370881, 0.000000000000000000, 0.9658855493432024764 ) ) ;
#4579 = VERTEX_POINT ( 'NONE', #1390 ) ;
#4580 = ORIENTED_EDGE ( 'NONE', *, *, #5403, .F. ) ;
#4581 = ADVANCED_FACE ( 'NONE', ( #1358 ), #3091, .T. ) ;
#4582 = PRODUCT_DEFINITION_FORMATION_WITH_SPECIFIED_SOURCE ( 'ANY', '', #4570, .NOT_KNOWN. ) ;
#4583 = LINE ( 'NONE', #4468, #1958 ) ;
#4584 = CARTESIAN_POINT ( 'NONE',  ( -4.581000000000000405, -3.429000000000000270, 1.197999999999999954 ) ) ;
#4585 = VERTEX_POINT ( 'NONE', #6581 ) ;
#4586 = AXIS2_PLACEMENT_3D ( 'NONE', #5172, #1700, #3487 ) ;
#4587 = AXIS2_PLACEMENT_3D ( 'NONE', #6605, #5314, #3001 ) ;
#4588 = ORIENTED_EDGE ( 'NONE', *, *, #6040, .F. ) ;
#4589 = CARTESIAN_POINT ( 'NONE',  ( 5.028999999999999915, -4.191000000000000725, 0.2540000000000000036 ) ) ;
#4590 = DIRECTION ( 'NONE',  ( 0.000000000000000000, -1.000000000000000000, 0.000000000000000000 ) ) ;
#4591 = CARTESIAN_POINT ( 'NONE',  ( 3.442000000000000171, -5.168999999999999595, 2.641999999999999904 ) ) ;
#4592 = CARTESIAN_POINT ( 'NONE',  ( 3.797000000000000153, -3.429000000000000270, 1.320999999999999952 ) ) ;
#4593 = AXIS2_PLACEMENT_3D ( 'NONE', #5093, #5211, #7547 ) ;
#4594 = DIRECTION ( 'NONE',  ( 0.000000000000000000, -1.000000000000000000, 0.000000000000000000 ) ) ;
#4595 = CARTESIAN_POINT ( 'NONE',  ( 4.581000000000000405, 2.158999999999999808, 1.197999999999999954 ) ) ;
#4596 = ORIENTED_EDGE ( 'NONE', *, *, #6522, .F. ) ;
#4597 = EDGE_CURVE ( 'NONE', #3897, #5508, #1317, .T. ) ;
#4598 = CARTESIAN_POINT ( 'NONE',  ( 5.321000000000000618, -1.650999999999999801, 0.000000000000000000 ) ) ;
#4599 = LINE ( 'NONE', #6940, #5870 ) ;
#4600 = VERTEX_POINT ( 'NONE', #2541 ) ;
#4601 = PLANE ( 'NONE',  #3373 ) ;
#4602 = DIRECTION ( 'NONE',  ( 0.000000000000000000, 0.000000000000000000, -1.000000000000000000 ) ) ;
#4603 = DIRECTION ( 'NONE',  ( 1.000000000000000000, 0.000000000000000000, 0.000000000000000000 ) ) ;
#4604 = DIRECTION ( 'NONE',  ( 0.000000000000000000, -1.000000000000000000, 0.000000000000000000 ) ) ;
#4605 = CARTESIAN_POINT ( 'NONE',  ( -4.581000000000000405, 0.3810000000000000053, 1.197999999999999954 ) ) ;
#4606 = DIRECTION ( 'NONE',  ( 1.000000000000000000, 0.000000000000000000, 0.000000000000000000 ) ) ;
#4607 = ORIENTED_EDGE ( 'NONE', *, *, #6562, .F. ) ;
#4608 = VERTEX_POINT ( 'NONE', #4890 ) ;
#4609 = DIRECTION ( 'NONE',  ( -0.2589693139543370881, 0.000000000000000000, 0.9658855493432024764 ) ) ;
#4610 = ORIENTED_EDGE ( 'NONE', *, *, #4725, .F. ) ;
#4611 = CARTESIAN_POINT ( 'NONE',  ( -4.089999999999999858, 0.8890000000000000124, 1.066999999999999948 ) ) ;
#4612 = CARTESIAN_POINT ( 'NONE',  ( 4.783675919342393890, -4.529666666666667396, 0.4421813442138124439 ) ) ;
#4613 = ORIENTED_EDGE ( 'NONE', *, *, #5315, .F. ) ;
#4614 = ORIENTED_EDGE ( 'NONE', *, *, #982, .T. ) ;
#4615 = CARTESIAN_POINT ( 'NONE',  ( 3.797000000000000153, -0.8890000000000000124, 1.574999999999999956 ) ) ;
#4616 = EDGE_CURVE ( 'NONE', #531, #7537, #7238, .T. ) ;
#4617 = STYLED_ITEM ( 'NONE', ( #7226 ), #2735 ) ;
#4618 = LINE ( 'NONE', #2351, #6110 ) ;
#4619 = ORIENTED_EDGE ( 'NONE', *, *, #6879, .T. ) ;
#4620 = VECTOR ( 'NONE', #4189, 1000.000000000000000 ) ;
#4621 = EDGE_LOOP ( 'NONE', ( #2674, #105, #5701, #7452 ) ) ;
#4622 = VERTEX_POINT ( 'NONE', #7508 ) ;
#4623 = CARTESIAN_POINT ( 'NONE',  ( -4.783675919342393890, -4.529666666666667396, 0.4421813442138124439 ) ) ;
#4624 = CARTESIAN_POINT ( 'NONE',  ( -5.028999999999999915, 4.191000000000000725, 0.2540000000000000036 ) ) ;
#4625 = VECTOR ( 'NONE', #3573, 1000.000000000000000 ) ;
#4626 = UNCERTAINTY_MEASURE_WITH_UNIT (LENGTH_MEASURE( 1.000000000000000082E-05 ), #7563, 'distance_accuracy_value', 'NONE');
#4627 = AXIS2_PLACEMENT_3D ( 'NONE', #1826, #3543, #2411 ) ;
#4628 = DIRECTION ( 'NONE',  ( 0.000000000000000000, -1.000000000000000000, 0.000000000000000000 ) ) ;
#4629 = DIRECTION ( 'NONE',  ( 0.2589693139543370881, 0.000000000000000000, 0.9658855493432024764 ) ) ;
#4630 = ADVANCED_FACE ( 'NONE', ( #6278 ), #6197, .T. ) ;
#4631 = DIRECTION ( 'NONE',  ( 0.000000000000000000, -1.000000000000000000, 0.000000000000000000 ) ) ;
#4632 = EDGE_CURVE ( 'NONE', #3351, #2613, #1963, .T. ) ;
#4633 = ORIENTED_EDGE ( 'NONE', *, *, #111, .T. ) ;
#4634 = CIRCLE ( 'NONE', #5131, 0.5080000000000001181 ) ;
#4635 = CARTESIAN_POINT ( 'NONE',  ( 4.783000000000000362, -2.920999999999999819, 0.4420000000000000040 ) ) ;
#4636 = DIRECTION ( 'NONE',  ( -0.9658855493432024764, 0.000000000000000000, -0.2589693139543370881 ) ) ;
#4637 = ORIENTED_EDGE ( 'NONE', *, *, #7246, .F. ) ;
#4638 = DIRECTION ( 'NONE',  ( 0.000000000000000000, -1.000000000000000000, 0.000000000000000000 ) ) ;
#4639 = LINE ( 'NONE', #3498, #3172 ) ;
#4640 = CIRCLE ( 'NONE', #3784, 0.5080000000000001181 ) ;
#4641 = ADVANCED_FACE ( 'NONE', ( #5741 ), #4433, .T. ) ;
#4642 = CARTESIAN_POINT ( 'NONE',  ( 4.089999999999999858, 2.158999999999999808, 1.574999999999999956 ) ) ;
#4643 = ADVANCED_FACE ( 'NONE', ( #4469 ), #4013, .T. ) ;
#4644 = CARTESIAN_POINT ( 'NONE',  ( 4.538169246415237446, -0.7196666666666667878, 0.3770451553572226611 ) ) ;
#4645 = FILL_AREA_STYLE ('',( #5113 ) ) ;
#4646 = VECTOR ( 'NONE', #2016, 1000.000000000000000 ) ;
#4647 = ORIENTED_EDGE ( 'NONE', *, *, #3221, .F. ) ;
#4648 = VECTOR ( 'NONE', #3415, 1000.000000000000000 ) ;
#4649 = VERTEX_POINT ( 'NONE', #5047 ) ;
#4650 = DIRECTION ( 'NONE',  ( 0.000000000000000000, 1.000000000000000000, 0.000000000000000000 ) ) ;
#4651 = CARTESIAN_POINT ( 'NONE',  ( -5.321000000000000618, -4.698999999999999844, 0.2540000000000000036 ) ) ;
#4652 = DIRECTION ( 'NONE',  ( 0.000000000000000000, -1.000000000000000000, 0.000000000000000000 ) ) ;
#4653 = EDGE_CURVE ( 'NONE', #1093, #3187, #3357, .T. ) ;
#4654 = ORIENTED_EDGE ( 'NONE', *, *, #2544, .F. ) ;
#4655 = ORIENTED_EDGE ( 'NONE', *, *, #1985, .T. ) ;
#4656 = CARTESIAN_POINT ( 'NONE',  ( 4.581000000000000405, 3.429000000000000270, 1.197999999999999954 ) ) ;
#4657 = DIRECTION ( 'NONE',  ( 0.000000000000000000, 0.000000000000000000, 1.000000000000000000 ) ) ;
#4658 = ORIENTED_EDGE ( 'NONE', *, *, #6355, .T. ) ;
#4659 = EDGE_LOOP ( 'NONE', ( #1204, #2930, #807, #7139 ) ) ;
#4660 = EDGE_CURVE ( 'NONE', #4174, #1719, #4508, .T. ) ;
#4661 = ORIENTED_EDGE ( 'NONE', *, *, #1205, .T. ) ;
#4662 = VERTEX_POINT ( 'NONE', #519 ) ;
#4663 = AXIS2_PLACEMENT_3D ( 'NONE', #4094, #1245, #5860 ) ;
#4664 = FACE_OUTER_BOUND ( 'NONE', #6328, .T. ) ;
#4665 = PLANE ( 'NONE',  #1591 ) ;
#4666 = CARTESIAN_POINT ( 'NONE',  ( 5.321000000000000618, -2.158999999999999808, 0.000000000000000000 ) ) ;
#4667 = DIRECTION ( 'NONE',  ( -0.2589693139543370881, 0.000000000000000000, 0.9658855493432024764 ) ) ;
#4668 = CARTESIAN_POINT ( 'NONE',  ( -4.538000000000000256, 4.191000000000000725, 0.3770000000000000018 ) ) ;
#4669 = B_SPLINE_CURVE_WITH_KNOTS ( 'NONE', 3,
 ( #5378, #4644, #5878, #67 ),
 .UNSPECIFIED., .F., .F.,
 ( 4, 4 ),
 ( 0.000000000000000000, 1.000000000000000000 ),
 .UNSPECIFIED. ) ;
#4670 = VERTEX_POINT ( 'NONE', #5164 ) ;
#4671 = PLANE ( 'NONE',  #3548 ) ;
#4672 = ORIENTED_EDGE ( 'NONE', *, *, #1125, .T. ) ;
#4673 = CARTESIAN_POINT ( 'NONE',  ( 5.028999999999999915, -0.8890000000000000124, 0.000000000000000000 ) ) ;
#4674 = DIRECTION ( 'NONE',  ( 0.000000000000000000, 0.000000000000000000, -1.000000000000000000 ) ) ;
#4675 = EDGE_CURVE ( 'NONE', #1277, #2337, #1599, .T. ) ;
#4676 = CARTESIAN_POINT ( 'NONE',  ( 5.321000000000000618, -4.191000000000000725, 0.2540000000000000036 ) ) ;
#4677 = VECTOR ( 'NONE', #3967, 1000.000000000000000 ) ;
#4678 = CARTESIAN_POINT ( 'NONE',  ( 3.797000000000000153, 4.191000000000000725, 1.320999999999999952 ) ) ;
#4679 =( LENGTH_UNIT ( ) NAMED_UNIT ( * ) SI_UNIT ( .MILLI., .METRE. ) );
#4680 = DIRECTION ( 'NONE',  ( -0.7931070766835166541, 0.000000000000000000, -0.6090822316522841451 ) ) ;
#4681 = ORIENTED_EDGE ( 'NONE', *, *, #4161, .F. ) ;
#4682 = VERTEX_POINT ( 'NONE', #1052 ) ;
#4683 = CARTESIAN_POINT ( 'NONE',  ( -4.402572021097666877, -1.650999999999999801, 0.8809746240141085316 ) ) ;
#4684 = CARTESIAN_POINT ( 'NONE',  ( 4.334999999999999964, -3.429000000000000270, 1.132999999999999785 ) ) ;
#4685 = ORIENTED_EDGE ( 'NONE', *, *, #2701, .T. ) ;
#4686 = EDGE_CURVE ( 'NONE', #2235, #6145, #2696, .T. ) ;
#4687 = ORIENTED_EDGE ( 'NONE', *, *, #6654, .T. ) ;
#4688 = CARTESIAN_POINT ( 'NONE',  ( -5.028999999999999915, -1.650999999999999801, 0.5080000000000000071 ) ) ;
#4689 = LINE ( 'NONE', #7143, #592 ) ;
#4690 = VERTEX_POINT ( 'NONE', #7388 ) ;
#4691 = ORIENTED_EDGE ( 'NONE', *, *, #5842, .F. ) ;
#4692 = VERTEX_POINT ( 'NONE', #483 ) ;
#4693 = ORIENTED_EDGE ( 'NONE', *, *, #1213, .F. ) ;
#4694 = LINE ( 'NONE', #4196, #5703 ) ;
#4695 = DIRECTION ( 'NONE',  ( -1.000000000000000000, 0.000000000000000000, 0.000000000000000000 ) ) ;
#4696 = CARTESIAN_POINT ( 'NONE',  ( 4.089999999999999858, 2.920999999999999819, 1.066999999999999948 ) ) ;
#4697 = LINE ( 'NONE', #5366, #1089 ) ;
#4698 = CIRCLE ( 'NONE', #2248, 0.5080000000000001181 ) ;
#4699 = DIRECTION ( 'NONE',  ( 0.000000000000000000, 1.000000000000000000, 0.000000000000000000 ) ) ;
#4700 = EDGE_LOOP ( 'NONE', ( #7175, #2737, #6805, #2684 ) ) ;
#4701 = VECTOR ( 'NONE', #4289, 1000.000000000000000 ) ;
#4702 = CARTESIAN_POINT ( 'NONE',  ( -4.538000000000000256, 2.920999999999999819, 0.3770000000000000018 ) ) ;
#4703 = EDGE_LOOP ( 'NONE', ( #7008, #7501, #6292, #2000 ) ) ;
#4704 = AXIS2_PLACEMENT_3D ( 'NONE', #2317, #22, #1846 ) ;
#4705 = CARTESIAN_POINT ( 'NONE',  ( -4.581000000000000405, 2.920999999999999819, 1.197999999999999954 ) ) ;
#4706 = CARTESIAN_POINT ( 'NONE',  ( -5.028999999999999915, 0.8890000000000000124, 0.000000000000000000 ) ) ;
#4707 = CARTESIAN_POINT ( 'NONE',  ( -5.321000000000000618, 3.429000000000000270, 0.000000000000000000 ) ) ;
#4708 = EDGE_CURVE ( 'NONE', #5238, #2413, #977, .T. ) ;
#4709 = CARTESIAN_POINT ( 'NONE',  ( -5.321000000000000618, 0.3810000000000000053, 0.000000000000000000 ) ) ;
#4710 = DIRECTION ( 'NONE',  ( 0.000000000000000000, -1.000000000000000000, 0.000000000000000000 ) ) ;
#4711 = DIRECTION ( 'NONE',  ( -0.2589693139543370881, 0.000000000000000000, 0.9658855493432024764 ) ) ;
#4712 = CARTESIAN_POINT ( 'NONE',  ( -4.538000000000000256, -1.650999999999999801, 0.3770000000000000018 ) ) ;
#4713 = ORIENTED_EDGE ( 'NONE', *, *, #2232, .F. ) ;
#4714 = ORIENTED_EDGE ( 'NONE', *, *, #267, .T. ) ;
#4715 = DIRECTION ( 'NONE',  ( -0.2589693139543370881, 0.000000000000000000, 0.9658855493432024764 ) ) ;
#4716 = DIRECTION ( 'NONE',  ( 0.000000000000000000, 0.000000000000000000, -1.000000000000000000 ) ) ;
#4717 = ORIENTED_EDGE ( 'NONE', *, *, #3574, .F. ) ;
#4718 = EDGE_CURVE ( 'NONE', #5468, #6895, #3450, .T. ) ;
#4719 = EDGE_CURVE ( 'NONE', #2613, #3590, #967, .T. ) ;
#4720 = CARTESIAN_POINT ( 'NONE',  ( -4.580830753584762327, 3.090333333333333599, 1.197954844642777461 ) ) ;
#4721 = EDGE_CURVE ( 'NONE', #113, #838, #3938, .T. ) ;
#4722 = VERTEX_POINT ( 'NONE', #1580 ) ;
#4723 = DIRECTION ( 'NONE',  ( 0.000000000000000000, 1.000000000000000000, 0.000000000000000000 ) ) ;
#4724 = CARTESIAN_POINT ( 'NONE',  ( -4.334999999999999964, 1.650999999999999801, 1.132999999999999785 ) ) ;
#4725 = EDGE_CURVE ( 'NONE', #5773, #6963, #3042, .T. ) ;
#4726 = EDGE_LOOP ( 'NONE', ( #147, #4987, #787, #774 ) ) ;
#4727 = EDGE_LOOP ( 'NONE', ( #1260, #2724, #5730, #2650 ) ) ;
#4728 = EDGE_LOOP ( 'NONE', ( #2392, #7472, #743, #6201 ) ) ;
#4729 = VERTEX_POINT ( 'NONE', #2778 ) ;
#4730 = CARTESIAN_POINT ( 'NONE',  ( -5.028999999999999915, -4.698999999999999844, 0.000000000000000000 ) ) ;
#4731 = CARTESIAN_POINT ( 'NONE',  ( -5.028999999999999915, -4.698999999999999844, 0.5080000000000000071 ) ) ;
#4732 = CIRCLE ( 'NONE', #73, 0.2540000000000003366 ) ;
#4733 = CARTESIAN_POINT ( 'NONE',  ( 5.321000000000000618, 0.8890000000000000124, 0.000000000000000000 ) ) ;
#4734 = B_SPLINE_CURVE_WITH_KNOTS ( 'NONE', 3,
 ( #4869, #1262, #2520, #1228 ),
 .UNSPECIFIED., .F., .F.,
 ( 4, 4 ),
 ( 0.000000000000000000, 1.000000000000000000 ),
 .UNSPECIFIED. ) ;
#4735 = VECTOR ( 'NONE', #5355, 1000.000000000000000 ) ;
#4736 = COLOUR_RGB ( '',0.7215686274509803821, 0.7215686274509803821, 0.7215686274509803821 ) ;
#4737 = DIRECTION ( 'NONE',  ( -0.7931070766835157659, 0.000000000000000000, 0.6090822316522848112 ) ) ;
#4738 = ORIENTED_EDGE ( 'NONE', *, *, #2273, .T. ) ;
#4739 = CARTESIAN_POINT ( 'NONE',  ( 3.797000000000000153, 4.191000000000000725, 1.320999999999999952 ) ) ;
#4740 = VERTEX_POINT ( 'NONE', #5129 ) ;
#4741 = PRESENTATION_LAYER_ASSIGNMENT (  '', '', ( #1549 ) ) ;
#4742 = CARTESIAN_POINT ( 'NONE',  ( 4.783000000000000362, -2.158999999999999808, 0.4420000000000000040 ) ) ;
#4743 = PLANE ( 'NONE',  #4557 ) ;
#4744 = LINE ( 'NONE', #4676, #2919 ) ;
#4745 = B_SPLINE_CURVE_WITH_KNOTS ( 'NONE', 3,
 ( #308, #5609, #238, #7300 ),
 .UNSPECIFIED., .F., .F.,
 ( 4, 4 ),
 ( 0.000000000000000000, 1.000000000000000000 ),
 .UNSPECIFIED. ) ;
#4746 = CIRCLE ( 'NONE', #6964, 0.5080000000000001181 ) ;
#4747 = CARTESIAN_POINT ( 'NONE',  ( -4.581000000000000405, 4.191000000000000725, 1.197999999999999954 ) ) ;
#4748 = DIRECTION ( 'NONE',  ( -0.9658855493432024764, 0.000000000000000000, -0.2589693139543370881 ) ) ;
#4749 = ADVANCED_FACE ( 'NONE', ( #7471 ), #2195, .T. ) ;
#4750 = PLANE ( 'NONE',  #4627 ) ;
#4751 = ORIENTED_EDGE ( 'NONE', *, *, #966, .F. ) ;
#4752 = VERTEX_POINT ( 'NONE', #1730 ) ;
#4753 = CARTESIAN_POINT ( 'NONE',  ( 4.334999999999999964, 1.650999999999999801, 1.132999999999999785 ) ) ;
#4754 = VECTOR ( 'NONE', #153, 1000.000000000000000 ) ;
#4755 = AXIS2_PLACEMENT_3D ( 'NONE', #3135, #178, #6664 ) ;
#4756 = CARTESIAN_POINT ( 'NONE',  ( 3.738762471874396365, -5.211079724515979450, 0.9551963908272763648 ) ) ;
#4757 = ORIENTED_EDGE ( 'NONE', *, *, #66, .F. ) ;
#4758 = AXIS2_PLACEMENT_3D ( 'NONE', #6954, #4652, #4050 ) ;
#4759 = AXIS2_PLACEMENT_3D ( 'NONE', #761, #7212, #1943 ) ;
#4760 = CARTESIAN_POINT ( 'NONE',  ( 3.442000000000000171, 5.168999999999999595, 2.641999999999999904 ) ) ;
#4761 = VERTEX_POINT ( 'NONE', #6032 ) ;
#4762 = CARTESIAN_POINT ( 'NONE',  ( -4.783000000000000362, 2.158999999999999808, 0.4420000000000000040 ) ) ;
#4763 = EDGE_CURVE ( 'NONE', #92, #2272, #3167, .T. ) ;
#4764 = CARTESIAN_POINT ( 'NONE',  ( -5.321000000000000618, -1.650999999999999801, 0.2540000000000000036 ) ) ;
#4765 = EDGE_CURVE ( 'NONE', #2985, #3891, #4297, .T. ) ;
#4766 = COLOUR_RGB ( '',0.7215686274509803821, 0.7215686274509803821, 0.7215686274509803821 ) ;
#4767 = ORIENTED_EDGE ( 'NONE', *, *, #5213, .F. ) ;
#4768 = ADVANCED_FACE ( 'NONE', ( #6565 ), #7222, .T. ) ;
#4769 = ORIENTED_EDGE ( 'NONE', *, *, #5956, .T. ) ;
#4770 = ORIENTED_EDGE ( 'NONE', *, *, #4813, .F. ) ;
#4771 = ORIENTED_EDGE ( 'NONE', *, *, #879, .T. ) ;
#4772 = CARTESIAN_POINT ( 'NONE',  ( 4.581000000000000405, -4.191000000000000725, 1.197999999999999954 ) ) ;
#4773 = DIRECTION ( 'NONE',  ( 0.000000000000000000, 1.000000000000000000, 0.000000000000000000 ) ) ;
#4774 = DIRECTION ( 'NONE',  ( 0.000000000000000000, 1.000000000000000000, 0.000000000000000000 ) ) ;
#4775 = DIRECTION ( 'NONE',  ( 0.000000000000000000, 1.000000000000000000, 0.000000000000000000 ) ) ;
#4776 = VECTOR ( 'NONE', #2838, 1000.000000000000000 ) ;
#4777 = VERTEX_POINT ( 'NONE', #5243 ) ;
#4778 = EDGE_CURVE ( 'NONE', #7355, #6212, #1163, .T. ) ;
#4779 = DIRECTION ( 'NONE',  ( 0.000000000000000000, -1.000000000000000000, 0.000000000000000000 ) ) ;
#4780 = VERTEX_POINT ( 'NONE', #1375 ) ;
#4781 = DIRECTION ( 'NONE',  ( -0.1669929029524335751, 0.000000000000000000, 0.9859580976712545297 ) ) ;
#4782 = CARTESIAN_POINT ( 'NONE',  ( -5.028999999999999915, 1.650999999999999801, 0.000000000000000000 ) ) ;
#4783 = CARTESIAN_POINT ( 'NONE',  ( 5.028999999999999915, 4.698999999999999844, 0.2540000000000000036 ) ) ;
#4784 = DIRECTION ( 'NONE',  ( -0.7931070766835157659, 0.000000000000000000, -0.6090822316522849222 ) ) ;
#4785 = DIRECTION ( 'NONE',  ( -1.000000000000000000, 0.000000000000000000, 0.000000000000000000 ) ) ;
#4786 = ORIENTED_EDGE ( 'NONE', *, *, #1629, .F. ) ;
#4787 = CARTESIAN_POINT ( 'NONE',  ( -4.538000000000000256, -2.158999999999999808, 0.3770000000000000018 ) ) ;
#4788 = CARTESIAN_POINT ( 'NONE',  ( -3.797000000000000153, -1.650999999999999801, 1.320999999999999952 ) ) ;
#4789 = EDGE_LOOP ( 'NONE', ( #2648, #2261, #5397, #3816, #4655, #2169, #3628, #1335, #2583, #403, #5069, #4672 ) ) ;
#4790 = ORIENTED_EDGE ( 'NONE', *, *, #4905, .F. ) ;
#4791 = CARTESIAN_POINT ( 'NONE',  ( 5.028999999999999915, 4.191000000000000725, 0.5080000000000000071 ) ) ;
#4792 = VECTOR ( 'NONE', #4956, 1000.000000000000000 ) ;
#4793 = DIRECTION ( 'NONE',  ( -0.000000000000000000, 1.000000000000000000, 0.000000000000000000 ) ) ;
#4794 = EDGE_CURVE ( 'NONE', #724, #2594, #2300, .T. ) ;
#4795 = VERTEX_POINT ( 'NONE', #4221 ) ;
#4796 = VECTOR ( 'NONE', #5483, 1000.000000000000000 ) ;
#4797 = SURFACE_STYLE_FILL_AREA ( #7182 ) ;
#4798 = EDGE_LOOP ( 'NONE', ( #6780, #4280, #6905, #4596 ) ) ;
#4799 = CARTESIAN_POINT ( 'NONE',  ( 5.028999999999999915, -1.650999999999999801, 0.000000000000000000 ) ) ;
#4800 = CARTESIAN_POINT ( 'NONE',  ( 3.797000000000000153, -2.158999999999999808, 1.574999999999999956 ) ) ;
#4801 = EDGE_CURVE ( 'NONE', #7232, #5800, #5812, .T. ) ;
#4802 = ORIENTED_EDGE ( 'NONE', *, *, #4300, .T. ) ;
#4803 = EDGE_LOOP ( 'NONE', ( #5816, #6392, #2265, #5758 ) ) ;
#4804 = VECTOR ( 'NONE', #4332, 1000.000000000000000 ) ;
#4805 = EDGE_CURVE ( 'NONE', #1169, #7271, #2895, .T. ) ;
#4806 = ORIENTED_EDGE ( 'NONE', *, *, #540, .F. ) ;
#4807 = ORIENTED_EDGE ( 'NONE', *, *, #317, .F. ) ;
#4808 = B_SPLINE_CURVE_WITH_KNOTS ( 'NONE', 3,
 ( #2252, #2214, #3959, #503 ),
 .UNSPECIFIED., .F., .F.,
 ( 4, 4 ),
 ( 0.000000000000000000, 1.000000000000000000 ),
 .UNSPECIFIED. ) ;
#4809 = CARTESIAN_POINT ( 'NONE',  ( -4.783675919342393890, 3.090333333333333599, 0.4421813442138124439 ) ) ;
#4810 = DIRECTION ( 'NONE',  ( 0.000000000000000000, -1.000000000000000000, 0.000000000000000000 ) ) ;
#4811 = LINE ( 'NONE', #135, #2168 ) ;
#4812 = ADVANCED_FACE ( 'NONE', ( #3517 ), #5282, .T. ) ;
#4813 = EDGE_CURVE ( 'NONE', #6546, #3738, #2269, .T. ) ;
#4814 = SURFACE_STYLE_FILL_AREA ( #1969 ) ;
#4815 = VERTEX_POINT ( 'NONE', #3076 ) ;
#4816 = EDGE_CURVE ( 'NONE', #3897, #7566, #7464, .T. ) ;
#4817 = EDGE_CURVE ( 'NONE', #5471, #4159, #7580, .T. ) ;
#4818 = CARTESIAN_POINT ( 'NONE',  ( 3.797000000000000153, 4.191000000000000725, 1.320999999999999952 ) ) ;
#4819 = VERTEX_POINT ( 'NONE', #1950 ) ;
#4820 = CARTESIAN_POINT ( 'NONE',  ( 4.581000000000000405, -1.650999999999999801, 1.197999999999999954 ) ) ;
#4821 = DIRECTION ( 'NONE',  ( 0.000000000000000000, 0.000000000000000000, -1.000000000000000000 ) ) ;
#4822 = CARTESIAN_POINT ( 'NONE',  ( 5.028999999999999915, 3.429000000000000270, 0.5080000000000000071 ) ) ;
#4823 = CARTESIAN_POINT ( 'NONE',  ( 4.089999999999999858, 4.698999999999999844, 1.066999999999999948 ) ) ;
#4824 = EDGE_CURVE ( 'NONE', #6148, #3471, #5851, .T. ) ;
#4825 = CARTESIAN_POINT ( 'NONE',  ( -5.321000000000000618, 0.8890000000000000124, 0.000000000000000000 ) ) ;
#4826 = ORIENTED_EDGE ( 'NONE', *, *, #1995, .T. ) ;
#4827 = CYLINDRICAL_SURFACE ( 'NONE', #961, 0.2540000000000000036 ) ;
#4828 = VECTOR ( 'NONE', #4609, 1000.000000000000000 ) ;
#4829 = FILL_AREA_STYLE ('',( #2998 ) ) ;
#4830 = EDGE_LOOP ( 'NONE', ( #5572, #3315, #6526, #3382 ) ) ;
#4831 = CARTESIAN_POINT ( 'NONE',  ( -4.470144042195333789, 2.158999999999999808, 0.6289492480282171671 ) ) ;
#4832 = LINE ( 'NONE', #5458, #6968 ) ;
#4833 = CARTESIAN_POINT ( 'NONE',  ( 5.321000000000000618, -0.8890000000000000124, 0.2540000000000000036 ) ) ;
#4834 = AXIS2_PLACEMENT_3D ( 'NONE', #1394, #2623, #7318 ) ;
#4835 = B_SPLINE_CURVE_WITH_KNOTS ( 'NONE', 3,
 ( #4536, #1611, #4079, #6952 ),
 .UNSPECIFIED., .F., .F.,
 ( 4, 4 ),
 ( 0.000000000000000000, 1.000000000000000000 ),
 .UNSPECIFIED. ) ;
#4836 = ORIENTED_EDGE ( 'NONE', *, *, #3006, .T. ) ;
#4837 = DIRECTION ( 'NONE',  ( 1.000000000000000000, 0.000000000000000000, 0.000000000000000000 ) ) ;
#4838 = CARTESIAN_POINT ( 'NONE',  ( 5.028999999999999915, 4.191000000000000725, 0.2540000000000000036 ) ) ;
#4839 = VERTEX_POINT ( 'NONE', #766 ) ;
#4840 = CARTESIAN_POINT ( 'NONE',  ( -4.716099332124954024, 1.650999999999999801, 0.6941160045069316720 ) ) ;
#4841 = DIRECTION ( 'NONE',  ( 1.000000000000000000, 0.000000000000000000, 0.000000000000000000 ) ) ;
#4842 = ORIENTED_EDGE ( 'NONE', *, *, #1019, .F. ) ;
#4843 = ORIENTED_EDGE ( 'NONE', *, *, #1359, .T. ) ;
#4844 = VERTEX_POINT ( 'NONE', #2940 ) ;
#4845 = EDGE_LOOP ( 'NONE', ( #54, #5456, #6347, #5162 ) ) ;
#4846 = ADVANCED_FACE ( 'NONE', ( #3110 ), #2523, .F. ) ;
#4847 = CARTESIAN_POINT ( 'NONE',  ( -4.581000000000000405, -4.698999999999999844, 1.197999999999999954 ) ) ;
#4848 = CARTESIAN_POINT ( 'NONE',  ( 4.783000000000000362, 0.3810000000000000053, 0.4420000000000000040 ) ) ;
#4849 = LINE ( 'NONE', #5551, #1201 ) ;
#4850 = ORIENTED_EDGE ( 'NONE', *, *, #362, .T. ) ;
#4851 =( GEOMETRIC_REPRESENTATION_CONTEXT ( 3 ) GLOBAL_UNCERTAINTY_ASSIGNED_CONTEXT ( ( #6474 ) ) GLOBAL_UNIT_ASSIGNED_CONTEXT ( ( #4064, #6441, #2908 ) ) REPRESENTATION_CONTEXT ( 'NONE', 'WORKASPACE' ) );
#4852 = CARTESIAN_POINT ( 'NONE',  ( 5.028999999999999915, -0.8890000000000000124, 0.000000000000000000 ) ) ;
#4853 = EDGE_LOOP ( 'NONE', ( #4488, #5399, #324, #2070 ) ) ;
#4854 = DIRECTION ( 'NONE',  ( 0.000000000000000000, -1.000000000000000000, 0.000000000000000000 ) ) ;
#4855 = DIRECTION ( 'NONE',  ( -0.9658855493432024764, 0.000000000000000000, 0.2589693139543370881 ) ) ;
#4856 = CLOSED_SHELL ( 'NONE', ( #4581, #2891, #4961, #2472, #5534, #218, #1686, #5705, #5780, #2839, #3835, #783, #4083, #4749 ) ) ;
#4857 = EDGE_CURVE ( 'NONE', #5577, #5917, #4618, .T. ) ;
#4858 = FACE_OUTER_BOUND ( 'NONE', #62, .T. ) ;
#4859 = CARTESIAN_POINT ( 'NONE',  ( 4.783000000000000362, -3.429000000000000270, 0.4420000000000000040 ) ) ;
#4860 = EDGE_CURVE ( 'NONE', #2377, #7415, #4689, .T. ) ;
#4861 = ADVANCED_FACE ( 'NONE', ( #5570 ), #2598, .T. ) ;
#4862 = AXIS2_PLACEMENT_3D ( 'NONE', #42, #660, #78 ) ;
#4863 = PLANE ( 'NONE',  #3115 ) ;
#4864 = ORIENTED_EDGE ( 'NONE', *, *, #2418, .F. ) ;
#4865 = AXIS2_PLACEMENT_3D ( 'NONE', #3079, #1872, #1379 ) ;
#4866 = CARTESIAN_POINT ( 'NONE',  ( 5.028999999999999915, -0.8890000000000000124, 0.2540000000000000036 ) ) ;
#4867 = CARTESIAN_POINT ( 'NONE',  ( 5.028999999999999915, 4.698999999999999844, 0.2540000000000000036 ) ) ;
#4868 = ORIENTED_EDGE ( 'NONE', *, *, #1264, .T. ) ;
#4869 = CARTESIAN_POINT ( 'NONE',  ( 4.538000000000000256, 2.920999999999999819, 0.3770000000000000018 ) ) ;
#4870 = AXIS2_PLACEMENT_3D ( 'NONE', #942, #5448, #184 ) ;
#4871 = CARTESIAN_POINT ( 'NONE',  ( -5.321000000000000618, -2.920999999999999819, 0.000000000000000000 ) ) ;
#4872 = VECTOR ( 'NONE', #3887, 1000.000000000000000 ) ;
#4873 = CARTESIAN_POINT ( 'NONE',  ( 5.028999999999999915, 3.429000000000000270, 0.000000000000000000 ) ) ;
#4874 = EDGE_LOOP ( 'NONE', ( #426, #1728, #1827, #4032 ) ) ;
#4875 = LINE ( 'NONE', #2639, #7347 ) ;
#4876 = FILL_AREA_STYLE_COLOUR ( '', #1665 ) ;
#4877 = AXIS2_PLACEMENT_3D ( 'NONE', #2141, #2065, #7335 ) ;
#4878 = VECTOR ( 'NONE', #6099, 1000.000000000000000 ) ;
#4879 = ORIENTED_EDGE ( 'NONE', *, *, #7137, .F. ) ;
#4880 = CARTESIAN_POINT ( 'NONE',  ( 4.538169246415237446, -4.360333333333333172, 0.3770451553572226611 ) ) ;
#4881 = ADVANCED_FACE ( 'NONE', ( #6836 ), #7410, .T. ) ;
#4882 = DIRECTION ( 'NONE',  ( -1.000000000000000000, 0.000000000000000000, 0.000000000000000000 ) ) ;
#4883 = CIRCLE ( 'NONE', #2430, 0.5080000000000001181 ) ;
#4884 = EDGE_LOOP ( 'NONE', ( #3154, #6530, #1202, #1268 ) ) ;
#4885 = VECTOR ( 'NONE', #5061, 1000.000000000000000 ) ;
#4886 = ORIENTED_EDGE ( 'NONE', *, *, #780, .T. ) ;
#4887 = VERTEX_POINT ( 'NONE', #4910 ) ;
#4888 = DIRECTION ( 'NONE',  ( 0.000000000000000000, 0.000000000000000000, 1.000000000000000000 ) ) ;
#4889 = CARTESIAN_POINT ( 'NONE',  ( 3.797000000000000153, 2.158999999999999808, 1.320999999999999952 ) ) ;
#4890 = CARTESIAN_POINT ( 'NONE',  ( -4.334999999999999964, -2.158999999999999808, 1.132999999999999785 ) ) ;
#4891 = EDGE_CURVE ( 'NONE', #4052, #1621, #3191, .T. ) ;
#4892 = PLANE ( 'NONE',  #7310 ) ;
#4893 = VERTEX_POINT ( 'NONE', #1987 ) ;
#4894 = CARTESIAN_POINT ( 'NONE',  ( 4.089999999999999858, -4.698999999999999844, 1.066999999999999948 ) ) ;
#4895 = LINE ( 'NONE', #7242, #5579 ) ;
#4896 = LINE ( 'NONE', #6667, #2825 ) ;
#4897 = DIRECTION ( 'NONE',  ( 0.000000000000000000, 1.000000000000000000, 0.000000000000000000 ) ) ;
#4898 = CARTESIAN_POINT ( 'NONE',  ( -4.334999999999999964, -1.650999999999999801, 1.132999999999999785 ) ) ;
#4899 = AXIS2_PLACEMENT_3D ( 'NONE', #2958, #5975, #2441 ) ;
#4900 = CARTESIAN_POINT ( 'NONE',  ( 5.321000000000000618, 0.3810000000000000053, 0.000000000000000000 ) ) ;
#4901 = ORIENTED_EDGE ( 'NONE', *, *, #2721, .F. ) ;
#4902 = FACE_OUTER_BOUND ( 'NONE', #2325, .T. ) ;
#4903 = LINE ( 'NONE', #7251, #4878 ) ;
#4904 = VERTEX_POINT ( 'NONE', #6762 ) ;
#4905 = EDGE_CURVE ( 'NONE', #1628, #2594, #4545, .T. ) ;
#4906 = DIRECTION ( 'NONE',  ( 0.000000000000000000, 0.000000000000000000, -1.000000000000000000 ) ) ;
#4907 = CARTESIAN_POINT ( 'NONE',  ( 5.028999999999999915, 2.158999999999999808, 0.000000000000000000 ) ) ;
#4908 = CIRCLE ( 'NONE', #4058, 0.5080000000000001181 ) ;
#4909 = DIRECTION ( 'NONE',  ( 0.000000000000000000, 0.000000000000000000, 1.000000000000000000 ) ) ;
#4910 = CARTESIAN_POINT ( 'NONE',  ( -4.334999999999999964, -4.191000000000000725, 1.132999999999999785 ) ) ;
#4911 = ORIENTED_EDGE ( 'NONE', *, *, #7291, .T. ) ;
#4912 = LINE ( 'NONE', #847, #2931 ) ;
#4913 = SURFACE_STYLE_FILL_AREA ( #6109 ) ;
#4914 = AXIS2_PLACEMENT_3D ( 'NONE', #84, #3624, #5959 ) ;
#4915 = ORIENTED_EDGE ( 'NONE', *, *, #1359, .F. ) ;
#4916 = CARTESIAN_POINT ( 'NONE',  ( -4.089999999999999858, -4.698999999999999844, 1.574999999999999956 ) ) ;
#4917 = CARTESIAN_POINT ( 'NONE',  ( 5.028999999999999915, -4.698999999999999844, 0.5080000000000000071 ) ) ;
#4918 = CARTESIAN_POINT ( 'NONE',  ( -3.797000000000000153, 2.920999999999999819, 1.574999999999999956 ) ) ;
#4919 = VECTOR ( 'NONE', #2745, 1000.000000000000000 ) ;
#4920 = VECTOR ( 'NONE', #6823, 1000.000000000000000 ) ;
#4921 = ORIENTED_EDGE ( 'NONE', *, *, #6995, .F. ) ;
#4922 = EDGE_CURVE ( 'NONE', #5079, #195, #4986, .T. ) ;
#4923 = ORIENTED_EDGE ( 'NONE', *, *, #2709, .F. ) ;
#4924 = EDGE_LOOP ( 'NONE', ( #2660, #6691, #2066, #3971 ) ) ;
#4925 = LINE ( 'NONE', #1455, #6068 ) ;
#4926 = CARTESIAN_POINT ( 'NONE',  ( -3.797000000000000153, 0.8890000000000000124, 1.574999999999999956 ) ) ;
#4927 = DIRECTION ( 'NONE',  ( 0.000000000000000000, -1.000000000000000000, 0.000000000000000000 ) ) ;
#4928 = FACE_OUTER_BOUND ( 'NONE', #7005, .T. ) ;
#4929 = ORIENTED_EDGE ( 'NONE', *, *, #966, .T. ) ;
#4930 = DIRECTION ( 'NONE',  ( 1.000000000000000000, 0.000000000000000000, 0.000000000000000000 ) ) ;
#4931 = FACE_OUTER_BOUND ( 'NONE', #1807, .T. ) ;
#4932 = DIRECTION ( 'NONE',  ( 1.000000000000000000, 0.000000000000000000, 0.000000000000000000 ) ) ;
#4933 = CARTESIAN_POINT ( 'NONE',  ( 4.089999999999999858, -3.429000000000000270, 1.320999999999999952 ) ) ;
#4934 = FACE_OUTER_BOUND ( 'NONE', #4884, .T. ) ;
#4935 = FACE_OUTER_BOUND ( 'NONE', #3467, .T. ) ;
#4936 = ORIENTED_EDGE ( 'NONE', *, *, #4719, .T. ) ;
#4937 = DIRECTION ( 'NONE',  ( 0.000000000000000000, 0.000000000000000000, -1.000000000000000000 ) ) ;
#4938 = CARTESIAN_POINT ( 'NONE',  ( -3.797000000000000153, 1.650999999999999801, 1.320999999999999952 ) ) ;
#4939 = ORIENTED_EDGE ( 'NONE', *, *, #7502, .T. ) ;
#4940 = CARTESIAN_POINT ( 'NONE',  ( 3.797000000000000153, -5.244999999999999218, 1.590000000000000080 ) ) ;
#4941 = ORIENTED_EDGE ( 'NONE', *, *, #2855, .F. ) ;
#4942 = CIRCLE ( 'NONE', #7073, 0.5080000000000001181 ) ;
#4943 = EDGE_CURVE ( 'NONE', #5577, #2345, #3260, .T. ) ;
#4944 = CARTESIAN_POINT ( 'NONE',  ( -4.783000000000000362, -1.650999999999999801, 0.4420000000000000040 ) ) ;
#4945 = VECTOR ( 'NONE', #4897, 1000.000000000000000 ) ;
#4946 = DIRECTION ( 'NONE',  ( 0.000000000000000000, 0.000000000000000000, -1.000000000000000000 ) ) ;
#4947 = ORIENTED_EDGE ( 'NONE', *, *, #3868, .T. ) ;
#4948 = VECTOR ( 'NONE', #2210, 1000.000000000000000 ) ;
#4949 = CARTESIAN_POINT ( 'NONE',  ( 4.089999999999999858, 3.429000000000000270, 1.320999999999999952 ) ) ;
#4950 = DIRECTION ( 'NONE',  ( 0.000000000000000000, 0.000000000000000000, 1.000000000000000000 ) ) ;
#4951 = VECTOR ( 'NONE', #335, 1000.000000000000000 ) ;
#4952 = VERTEX_POINT ( 'NONE', #2025 ) ;
#4953 = DIRECTION ( 'NONE',  ( 0.000000000000000000, -1.000000000000000000, 0.000000000000000000 ) ) ;
#4954 = B_SPLINE_CURVE_WITH_KNOTS ( 'NONE', 3,
 ( #1684, #2851, #6417, #5194 ),
 .UNSPECIFIED., .F., .F.,
 ( 4, 4 ),
 ( 0.000000000000000000, 1.000000000000000000 ),
 .UNSPECIFIED. ) ;
#4955 = VECTOR ( 'NONE', #3097, 1000.000000000000000 ) ;
#4956 = DIRECTION ( 'NONE',  ( 0.000000000000000000, 1.000000000000000000, 0.000000000000000000 ) ) ;
#4957 = FACE_OUTER_BOUND ( 'NONE', #1843, .T. ) ;
#4958 = ADVANCED_FACE ( 'NONE', ( #5605 ), #6217, .T. ) ;
#4959 = ORIENTED_EDGE ( 'NONE', *, *, #6898, .T. ) ;
#4960 = ADVANCED_FACE ( 'NONE', ( #955 ), #305, .F. ) ;
#4961 = ADVANCED_FACE ( 'NONE', ( #4335 ), #272, .T. ) ;
#4962 = EDGE_LOOP ( 'NONE', ( #3802, #6137, #5464, #3505 ) ) ;
#4963 = DIRECTION ( 'NONE',  ( -1.000000000000000000, 0.000000000000000000, 0.000000000000000000 ) ) ;
#4964 = CARTESIAN_POINT ( 'NONE',  ( 4.089999999999999858, 0.3810000000000000053, 1.066999999999999948 ) ) ;
#4965 = DIRECTION ( 'NONE',  ( 0.000000000000000000, 0.000000000000000000, 1.000000000000000000 ) ) ;
#4966 = VERTEX_POINT ( 'NONE', #3225 ) ;
#4967 = B_SPLINE_CURVE_WITH_KNOTS ( 'NONE', 3,
 ( #4277, #1420, #3777, #3813 ),
 .UNSPECIFIED., .F., .F.,
 ( 4, 4 ),
 ( 0.000000000000000000, 1.000000000000000000 ),
 .UNSPECIFIED. ) ;
#4968 = EDGE_LOOP ( 'NONE', ( #4133, #2354, #595, #4472 ) ) ;
#4969 = DIRECTION ( 'NONE',  ( 0.000000000000000000, -1.000000000000000000, 0.000000000000000000 ) ) ;
#4970 = CARTESIAN_POINT ( 'NONE',  ( 4.538169246415237446, -3.090333333333333599, 0.3770451553572226611 ) ) ;
#4971 = FACE_OUTER_BOUND ( 'NONE', #1354, .T. ) ;
#4972 = EDGE_CURVE ( 'NONE', #7113, #1129, #1560, .T. ) ;
#4973 = CARTESIAN_POINT ( 'NONE',  ( 5.321000000000000618, 4.698999999999999844, 0.000000000000000000 ) ) ;
#4974 = CARTESIAN_POINT ( 'NONE',  ( 5.028999999999999915, -4.698999999999999844, 0.000000000000000000 ) ) ;
#4975 = LINE ( 'NONE', #3068, #4701 ) ;
#4976 = CIRCLE ( 'NONE', #1658, 0.2540000000000000591 ) ;
#4977 = VERTEX_POINT ( 'NONE', #6721 ) ;
#4978 = DIRECTION ( 'NONE',  ( 0.000000000000000000, -1.000000000000000000, 0.000000000000000000 ) ) ;
#4979 = CARTESIAN_POINT ( 'NONE',  ( -4.783000000000000362, -1.650999999999999801, 0.4420000000000000040 ) ) ;
#4980 = ORIENTED_EDGE ( 'NONE', *, *, #6921, .F. ) ;
#4981 = CARTESIAN_POINT ( 'NONE',  ( -3.797000000000000153, -2.158999999999999808, 1.574999999999999956 ) ) ;
#4982 = PLANE ( 'NONE',  #1855 ) ;
#4983 = CIRCLE ( 'NONE', #3276, 0.2539999999999996705 ) ;
#4984 = CARTESIAN_POINT ( 'NONE',  ( 3.797000000000000153, -3.429000000000000270, 1.320999999999999952 ) ) ;
#4985 = EDGE_CURVE ( 'NONE', #388, #6566, #3801, .T. ) ;
#4986 = LINE ( 'NONE', #5536, #5979 ) ;
#4987 = ORIENTED_EDGE ( 'NONE', *, *, #6174, .F. ) ;
#4988 = VECTOR ( 'NONE', #4550, 1000.000000000000000 ) ;
#4989 = CARTESIAN_POINT ( 'NONE',  ( -5.028999999999999915, -2.920999999999999819, 0.2540000000000000036 ) ) ;
#4990 = EDGE_CURVE ( 'NONE', #5882, #6509, #4178, .T. ) ;
#4991 = DIRECTION ( 'NONE',  ( 0.000000000000000000, -1.000000000000000000, 0.000000000000000000 ) ) ;
#4992 = ORIENTED_EDGE ( 'NONE', *, *, #444, .T. ) ;
#4993 = EDGE_LOOP ( 'NONE', ( #2258, #3667, #6003, #912 ) ) ;
#4994 = AXIS2_PLACEMENT_3D ( 'NONE', #4407, #867, #1503 ) ;
#4995 = DIRECTION ( 'NONE',  ( 0.7931070766835153218, 0.000000000000000000, -0.6090822316522856994 ) ) ;
#4996 = PRESENTATION_LAYER_ASSIGNMENT (  '', '', ( #3036 ) ) ;
#4997 = DIRECTION ( 'NONE',  ( 0.000000000000000000, -1.000000000000000000, 0.000000000000000000 ) ) ;
#4998 = CARTESIAN_POINT ( 'NONE',  ( 5.028999999999999915, -0.8890000000000000124, 0.5080000000000000071 ) ) ;
#4999 = ORIENTED_EDGE ( 'NONE', *, *, #1907, .T. ) ;
#5000 = AXIS2_PLACEMENT_3D ( 'NONE', #1338, #6609, #5459 ) ;
#5001 = VECTOR ( 'NONE', #2474, 1000.000000000000000 ) ;
#5002 = MANIFOLD_SOLID_BREP ( 'RxxCTxxS_3D_20201005_Pin1', #45 ) ;
#5003 = EDGE_CURVE ( 'NONE', #2099, #2421, #6409, .T. ) ;
#5004 = ADVANCED_FACE ( 'NONE', ( #5651 ), #5761, .T. ) ;
#5005 = ORIENTED_EDGE ( 'NONE', *, *, #4220, .F. ) ;
#5006 = EDGE_CURVE ( 'NONE', #7077, #6963, #3809, .T. ) ;
#5007 = CARTESIAN_POINT ( 'NONE',  ( 3.797000000000000153, -0.8890000000000000124, 1.320999999999999952 ) ) ;
#5008 = DIRECTION ( 'NONE',  ( 0.000000000000000000, -1.000000000000000000, 0.000000000000000000 ) ) ;
#5009 = AXIS2_PLACEMENT_3D ( 'NONE', #6997, #6418, #1159 ) ;
#5010 = CARTESIAN_POINT ( 'NONE',  ( -4.783675919342393890, 0.5503333333333333410, 0.4421813442138124439 ) ) ;
#5011 = VERTEX_POINT ( 'NONE', #535 ) ;
#5012 = FILL_AREA_STYLE_COLOUR ( '', #4373 ) ;
#5013 = ORIENTED_EDGE ( 'NONE', *, *, #3472, .F. ) ;
#5014 = VECTOR ( 'NONE', #145, 1000.000000000000000 ) ;
#5015 = AXIS2_PLACEMENT_3D ( 'NONE', #5789, #5025, #5219 ) ;
#5016 = DIRECTION ( 'NONE',  ( -0.2589693139543370881, 0.000000000000000000, 0.9658855493432024764 ) ) ;
#5017 = DIRECTION ( 'NONE',  ( 0.000000000000000000, 0.000000000000000000, 1.000000000000000000 ) ) ;
#5018 = CARTESIAN_POINT ( 'NONE',  ( -4.716099332124954024, -2.158999999999999808, 0.6941160045069316720 ) ) ;
#5019 = B_SPLINE_CURVE_WITH_KNOTS ( 'NONE', 3,
 ( #2486, #1829, #4831, #151 ),
 .UNSPECIFIED., .F., .F.,
 ( 4, 4 ),
 ( 0.000000000000000000, 1.000000000000000000 ),
 .UNSPECIFIED. ) ;
#5020 = LINE ( 'NONE', #3824, #4920 ) ;
#5021 = CARTESIAN_POINT ( 'NONE',  ( 4.089999999999999858, 3.429000000000000270, 1.320999999999999952 ) ) ;
#5022 = CARTESIAN_POINT ( 'NONE',  ( -5.028999999999999915, 2.158999999999999808, 0.5080000000000000071 ) ) ;
#5023 = ORIENTED_EDGE ( 'NONE', *, *, #5452, .T. ) ;
#5024 = EDGE_CURVE ( 'NONE', #3217, #3583, #4808, .T. ) ;
#5025 = DIRECTION ( 'NONE',  ( 0.000000000000000000, -1.000000000000000000, 0.000000000000000000 ) ) ;
#5026 = LINE ( 'NONE', #264, #4141 ) ;
#5027 = ORIENTED_EDGE ( 'NONE', *, *, #4302, .F. ) ;
#5028 = DIRECTION ( 'NONE',  ( 0.000000000000000000, 1.000000000000000000, 0.000000000000000000 ) ) ;
#5029 = CARTESIAN_POINT ( 'NONE',  ( -3.797000000000000153, -2.920999999999999819, 1.320999999999999952 ) ) ;
#5030 = CARTESIAN_POINT ( 'NONE',  ( -4.334999999999999964, 0.8890000000000000124, 1.132999999999999785 ) ) ;
#5031 = ORIENTED_EDGE ( 'NONE', *, *, #3694, .T. ) ;
#5032 = CARTESIAN_POINT ( 'NONE',  ( 3.797000000000000153, -0.8890000000000000124, 1.320999999999999952 ) ) ;
#5033 = CARTESIAN_POINT ( 'NONE',  ( -4.538000000000000256, -3.429000000000000270, 0.3770000000000000018 ) ) ;
#5034 = AXIS2_PLACEMENT_3D ( 'NONE', #4352, #893, #5584 ) ;
#5035 = VERTEX_POINT ( 'NONE', #6375 ) ;
#5036 = ORIENTED_EDGE ( 'NONE', *, *, #2750, .T. ) ;
#5037 = DIRECTION ( 'NONE',  ( 0.000000000000000000, 0.000000000000000000, 1.000000000000000000 ) ) ;
#5038 = DIRECTION ( 'NONE',  ( 0.000000000000000000, 0.000000000000000000, 1.000000000000000000 ) ) ;
#5039 = CARTESIAN_POINT ( 'NONE',  ( 5.028999999999999915, 2.158999999999999808, 0.000000000000000000 ) ) ;
#5040 = ADVANCED_FACE ( 'NONE', ( #1148 ), #3387, .T. ) ;
#5041 = VERTEX_POINT ( 'NONE', #2918 ) ;
#5042 = ORIENTED_EDGE ( 'NONE', *, *, #3700, .T. ) ;
#5043 = DIRECTION ( 'NONE',  ( -1.000000000000000000, 0.000000000000000000, 0.000000000000000000 ) ) ;
#5044 = VECTOR ( 'NONE', #1729, 1000.000000000000000 ) ;
#5045 = EDGE_CURVE ( 'NONE', #6977, #6148, #4136, .T. ) ;
#5046 = APPLICATION_CONTEXT ( 'automotive_design' ) ;
#5047 = CARTESIAN_POINT ( 'NONE',  ( -4.089999999999999858, 0.3810000000000000053, 1.320999999999999952 ) ) ;
#5048 = ORIENTED_EDGE ( 'NONE', *, *, #7526, .F. ) ;
#5049 = ADVANCED_FACE ( 'NONE', ( #5151 ), #4109, .T. ) ;
#5050 = ORIENTED_EDGE ( 'NONE', *, *, #4493, .T. ) ;
#5051 = CARTESIAN_POINT ( 'NONE',  ( 4.089999999999999858, -2.158999999999999808, 1.574999999999999956 ) ) ;
#5052 = DIRECTION ( 'NONE',  ( -0.2589693139543370881, 0.000000000000000000, 0.9658855493432024764 ) ) ;
#5053 = CARTESIAN_POINT ( 'NONE',  ( -3.620000000000000107, 5.142999999999999794, 0.2540000000000000036 ) ) ;
#5054 = CARTESIAN_POINT ( 'NONE',  ( 5.028999999999999915, -2.920999999999999819, 0.2540000000000000036 ) ) ;
#5055 = DIRECTION ( 'NONE',  ( 0.000000000000000000, -1.000000000000000000, 0.000000000000000000 ) ) ;
#5056 = EDGE_CURVE ( 'NONE', #6566, #7385, #465, .T. ) ;
#5057 = EDGE_CURVE ( 'NONE', #598, #7544, #5687, .T. ) ;
#5058 = CARTESIAN_POINT ( 'NONE',  ( -4.538000000000000256, 2.920999999999999819, 0.3770000000000000018 ) ) ;
#5059 = EDGE_CURVE ( 'NONE', #5099, #956, #6712, .T. ) ;
#5060 = VERTEX_POINT ( 'NONE', #6332 ) ;
#5061 = DIRECTION ( 'NONE',  ( -1.000000000000000000, 0.000000000000000000, 0.000000000000000000 ) ) ;
#5062 = DIRECTION ( 'NONE',  ( 0.000000000000000000, 1.000000000000000000, 0.000000000000000000 ) ) ;
#5063 = EDGE_LOOP ( 'NONE', ( #494, #6035, #1703, #971 ) ) ;
#5064 = CARTESIAN_POINT ( 'NONE',  ( 4.089999999999999858, -4.698999999999999844, 1.320999999999999952 ) ) ;
#5065 = CARTESIAN_POINT ( 'NONE',  ( 4.334999999999999964, 4.191000000000000725, 1.132999999999999785 ) ) ;
#5066 = CARTESIAN_POINT ( 'NONE',  ( 5.028999999999999915, -2.158999999999999808, 0.5080000000000000071 ) ) ;
#5067 = ADVANCED_FACE ( 'NONE', ( #5110 ), #6911, .T. ) ;
#5068 = PRESENTATION_STYLE_ASSIGNMENT (( #2719 ) ) ;
#5069 = ORIENTED_EDGE ( 'NONE', *, *, #4721, .T. ) ;
#5070 = DIRECTION ( 'NONE',  ( 0.000000000000000000, 0.000000000000000000, 1.000000000000000000 ) ) ;
#5071 = B_SPLINE_CURVE_WITH_KNOTS ( 'NONE', 3,
 ( #6678, #7331, #3223, #385 ),
 .UNSPECIFIED., .F., .F.,
 ( 4, 4 ),
 ( 0.000000000000000000, 1.000000000000000000 ),
 .UNSPECIFIED. ) ;
#5072 = ORIENTED_EDGE ( 'NONE', *, *, #5478, .F. ) ;
#5073 = VERTEX_POINT ( 'NONE', #5184 ) ;
#5074 = CARTESIAN_POINT ( 'NONE',  ( -4.783000000000000362, 4.698999999999999844, 0.4420000000000000040 ) ) ;
#5075 = AXIS2_PLACEMENT_3D ( 'NONE', #866, #292, #6668 ) ;
#5076 = ORIENTED_EDGE ( 'NONE', *, *, #6967, .F. ) ;
#5077 = FACE_OUTER_BOUND ( 'NONE', #4369, .T. ) ;
#5078 = CIRCLE ( 'NONE', #7160, 0.5080000000000001181 ) ;
#5079 = VERTEX_POINT ( 'NONE', #1109 ) ;
#5080 = VECTOR ( 'NONE', #3869, 1000.000000000000000 ) ;
#5081 = AXIS2_PLACEMENT_3D ( 'NONE', #4742, #4241, #3601 ) ;
#5082 = VERTEX_POINT ( 'NONE', #2843 ) ;
#5083 = CARTESIAN_POINT ( 'NONE',  ( 4.783000000000000362, 4.191000000000000725, 0.4420000000000000040 ) ) ;
#5084 = LINE ( 'NONE', #4615, #7239 ) ;
#5085 = CARTESIAN_POINT ( 'NONE',  ( 4.648549666062477215, 0.8890000000000000124, 0.9460580022534657019 ) ) ;
#5086 = EDGE_LOOP ( 'NONE', ( #6041, #6610, #3000, #7367 ) ) ;
#5087 = VECTOR ( 'NONE', #5549, 1000.000000000000000 ) ;
#5088 = B_SPLINE_CURVE_WITH_KNOTS ( 'NONE', 3,
 ( #859, #5010, #1927, #4318 ),
 .UNSPECIFIED., .F., .F.,
 ( 4, 4 ),
 ( 0.000000000000000000, 1.000000000000000000 ),
 .UNSPECIFIED. ) ;
#5089 = ORIENTED_EDGE ( 'NONE', *, *, #4328, .F. ) ;
#5090 = EDGE_CURVE ( 'NONE', #7537, #4160, #2179, .T. ) ;
#5091 = DIRECTION ( 'NONE',  ( 0.7931070766835166541, 0.000000000000000000, -0.6090822316522841451 ) ) ;
#5092 = EDGE_CURVE ( 'NONE', #2973, #3551, #1674, .T. ) ;
#5093 = CARTESIAN_POINT ( 'NONE',  ( -4.089999999999999858, 1.650999999999999801, 1.066999999999999948 ) ) ;
#5094 = CARTESIAN_POINT ( 'NONE',  ( -3.797000000000000153, 5.244999999999999218, 1.306000000000000050 ) ) ;
#5095 = PLANE ( 'NONE',  #44 ) ;
#5096 = DIRECTION ( 'NONE',  ( 1.000000000000000000, 0.000000000000000000, 0.000000000000000000 ) ) ;
#5097 = B_SPLINE_CURVE_WITH_KNOTS ( 'NONE', 3,
 ( #6177, #7373, #6760, #4333 ),
 .UNSPECIFIED., .F., .F.,
 ( 4, 4 ),
 ( 0.000000000000000000, 1.000000000000000000 ),
 .UNSPECIFIED. ) ;
#5098 = CARTESIAN_POINT ( 'NONE',  ( 4.783000000000000362, -0.3810000000000000053, 0.4420000000000000040 ) ) ;
#5099 = VERTEX_POINT ( 'NONE', #3538 ) ;
#5100 = FACE_OUTER_BOUND ( 'NONE', #5930, .T. ) ;
#5101 = EDGE_CURVE ( 'NONE', #364, #956, #6736, .T. ) ;
#5102 = CARTESIAN_POINT ( 'NONE',  ( 5.321000000000000618, 1.650999999999999801, 0.000000000000000000 ) ) ;
#5103 = VERTEX_POINT ( 'NONE', #4709 ) ;
#5104 = EDGE_CURVE ( 'NONE', #7314, #7348, #2369, .T. ) ;
#5105 = CARTESIAN_POINT ( 'NONE',  ( 5.028999999999999915, 1.650999999999999801, 0.000000000000000000 ) ) ;
#5106 = PRESENTATION_STYLE_ASSIGNMENT (( #533 ) ) ;
#5107 = EDGE_CURVE ( 'NONE', #5035, #1528, #1782, .T. ) ;
#5108 = EDGE_CURVE ( 'NONE', #7260, #3900, #3271, .T. ) ;
#5109 = CARTESIAN_POINT ( 'NONE',  ( -4.581000000000000405, 0.8890000000000000124, 1.197999999999999954 ) ) ;
#5110 = FACE_OUTER_BOUND ( 'NONE', #3330, .T. ) ;
#5111 = ORIENTED_EDGE ( 'NONE', *, *, #1521, .T. ) ;
#5112 = DIRECTION ( 'NONE',  ( 1.000000000000000000, 0.000000000000000000, 0.000000000000000000 ) ) ;
#5113 = FILL_AREA_STYLE_COLOUR ( '', #5149 ) ;
#5114 = B_SPLINE_CURVE_WITH_KNOTS ( 'NONE', 3,
 ( #3381, #1632, #5720, #7520 ),
 .UNSPECIFIED., .F., .F.,
 ( 4, 4 ),
 ( 0.000000000000000000, 1.000000000000000000 ),
 .UNSPECIFIED. ) ;
#5115 = VERTEX_POINT ( 'NONE', #1450 ) ;
#5116 = VERTEX_POINT ( 'NONE', #2111 ) ;
#5117 = PRESENTATION_LAYER_ASSIGNMENT (  '', '', ( #451 ) ) ;
#5118 = DIRECTION ( 'NONE',  ( 0.000000000000000000, -1.000000000000000000, 0.000000000000000000 ) ) ;
#5119 = CARTESIAN_POINT ( 'NONE',  ( -5.321000000000000618, 4.698999999999999844, 0.000000000000000000 ) ) ;
#5120 = CARTESIAN_POINT ( 'NONE',  ( 4.402572021097666877, -3.429000000000000270, 0.8809746240141085316 ) ) ;
#5121 = VECTOR ( 'NONE', #4018, 1000.000000000000000 ) ;
#5122 = EDGE_LOOP ( 'NONE', ( #3142, #7030, #1942, #1086 ) ) ;
#5123 = EDGE_CURVE ( 'NONE', #3701, #7391, #7268, .T. ) ;
#5124 = STYLED_ITEM ( 'NONE', ( #6379 ), #5226 ) ;
#5125 = ORIENTED_EDGE ( 'NONE', *, *, #5452, .F. ) ;
#5126 = FILL_AREA_STYLE_COLOUR ( '', #2609 ) ;
#5127 = PLANE ( 'NONE',  #4071 ) ;
#5128 = VECTOR ( 'NONE', #3565, 1000.000000000000000 ) ;
#5129 = CARTESIAN_POINT ( 'NONE',  ( -4.581000000000000405, 1.650999999999999801, 1.197999999999999954 ) ) ;
#5130 = VERTEX_POINT ( 'NONE', #5039 ) ;
#5131 = AXIS2_PLACEMENT_3D ( 'NONE', #6559, #7174, #3031 ) ;
#5132 = VERTEX_POINT ( 'NONE', #4462 ) ;
#5133 = AXIS2_PLACEMENT_3D ( 'NONE', #3150, #1908, #6390 ) ;
#5134 = DIRECTION ( 'NONE',  ( -1.000000000000000000, 0.000000000000000000, 0.000000000000000000 ) ) ;
#5135 = VECTOR ( 'NONE', #1362, 1000.000000000000000 ) ;
#5136 = CARTESIAN_POINT ( 'NONE',  ( 4.538000000000000256, 2.158999999999999808, 0.3770000000000000018 ) ) ;
#5137 = FACE_OUTER_BOUND ( 'NONE', #7312, .T. ) ;
#5138 = CARTESIAN_POINT ( 'NONE',  ( 4.538000000000000256, 2.920999999999999819, 0.3770000000000000018 ) ) ;
#5139 = CARTESIAN_POINT ( 'NONE',  ( -4.089999999999999858, 3.429000000000000270, 1.066999999999999948 ) ) ;
#5140 = EDGE_CURVE ( 'NONE', #6414, #1496, #6636, .T. ) ;
#5141 = VECTOR ( 'NONE', #193, 1000.000000000000000 ) ;
#5142 = LINE ( 'NONE', #6287, #1389 ) ;
#5143 = ORIENTED_EDGE ( 'NONE', *, *, #3515, .F. ) ;
#5144 = DIRECTION ( 'NONE',  ( 0.000000000000000000, 0.000000000000000000, -1.000000000000000000 ) ) ;
#5145 = DIRECTION ( 'NONE',  ( -0.2589693139543370881, 0.000000000000000000, 0.9658855493432024764 ) ) ;
#5146 = VERTEX_POINT ( 'NONE', #6730 ) ;
#5147 = CARTESIAN_POINT ( 'NONE',  ( 3.797000000000000153, -5.244999999999999218, 1.306000000000000050 ) ) ;
#5148 = DIRECTION ( 'NONE',  ( 0.000000000000000000, 0.000000000000000000, 1.000000000000000000 ) ) ;
#5149 = COLOUR_RGB ( '',0.7215686274509803821, 0.7215686274509803821, 0.7215686274509803821 ) ;
#5150 = DIRECTION ( 'NONE',  ( 0.000000000000000000, 0.000000000000000000, -1.000000000000000000 ) ) ;
#5151 = FACE_OUTER_BOUND ( 'NONE', #4377, .T. ) ;
#5152 = PLANE ( 'NONE',  #7401 ) ;
#5153 = EDGE_CURVE ( 'NONE', #1615, #5238, #3319, .T. ) ;
#5154 = CARTESIAN_POINT ( 'NONE',  ( 4.470144042195333789, -2.158999999999999808, 0.6289492480282171671 ) ) ;
#5155 = ORIENTED_EDGE ( 'NONE', *, *, #7291, .F. ) ;
#5156 = VERTEX_POINT ( 'NONE', #6227 ) ;
#5157 = CARTESIAN_POINT ( 'NONE',  ( -5.321000000000000618, -4.191000000000000725, 0.000000000000000000 ) ) ;
#5158 = CARTESIAN_POINT ( 'NONE',  ( -5.028999999999999915, -2.920999999999999819, 0.5080000000000000071 ) ) ;
#5159 = CARTESIAN_POINT ( 'NONE',  ( 4.783000000000000362, -0.8890000000000000124, 0.4420000000000000040 ) ) ;
#5160 = ORIENTED_EDGE ( 'NONE', *, *, #7549, .F. ) ;
#5161 = AXIS2_PLACEMENT_3D ( 'NONE', #6053, #6748, #5521 ) ;
#5162 = ORIENTED_EDGE ( 'NONE', *, *, #3341, .F. ) ;
#5163 = DIRECTION ( 'NONE',  ( -0.9658855493432024764, 0.000000000000000000, 0.2589693139543370881 ) ) ;
#5164 = CARTESIAN_POINT ( 'NONE',  ( -3.797000000000000153, -4.698999999999999844, 1.574999999999999956 ) ) ;
#5165 = ADVANCED_FACE ( 'NONE', ( #7383 ), #1994, .T. ) ;
#5166 = ORIENTED_EDGE ( 'NONE', *, *, #7137, .T. ) ;
#5167 = ORIENTED_EDGE ( 'NONE', *, *, #1727, .F. ) ;
#5168 = AXIS2_PLACEMENT_3D ( 'NONE', #6311, #3972, #974 ) ;
#5169 = LINE ( 'NONE', #1622, #3278 ) ;
#5170 = CARTESIAN_POINT ( 'NONE',  ( 3.797000000000000153, -5.244999999999999218, 1.590000000000000080 ) ) ;
#5171 = FACE_OUTER_BOUND ( 'NONE', #4789, .T. ) ;
#5172 = CARTESIAN_POINT ( 'NONE',  ( 3.797000000000000153, -4.191000000000000725, 1.320999999999999952 ) ) ;
#5173 = FACE_OUTER_BOUND ( 'NONE', #5611, .T. ) ;
#5174 = AXIS2_PLACEMENT_3D ( 'NONE', #3848, #4997, #6304 ) ;
#5175 = DIRECTION ( 'NONE',  ( 0.000000000000000000, 0.000000000000000000, 1.000000000000000000 ) ) ;
#5176 = ORIENTED_EDGE ( 'NONE', *, *, #5903, .F. ) ;
#5177 = FACE_OUTER_BOUND ( 'NONE', #1233, .T. ) ;
#5178 = DIRECTION ( 'NONE',  ( 1.000000000000000000, 0.000000000000000000, 0.000000000000000000 ) ) ;
#5179 = ORIENTED_EDGE ( 'NONE', *, *, #3070, .F. ) ;
#5180 = DIRECTION ( 'NONE',  ( 0.000000000000000000, 0.000000000000000000, 1.000000000000000000 ) ) ;
#5181 = LINE ( 'NONE', #2250, #501 ) ;
#5182 = DIRECTION ( 'NONE',  ( 0.000000000000000000, 1.000000000000000000, 0.000000000000000000 ) ) ;
#5183 = MANIFOLD_SOLID_BREP ( 'RxxCTxxS_3D_20201005_Pin7', #202 ) ;
#5184 = CARTESIAN_POINT ( 'NONE',  ( -5.321000000000000618, 2.158999999999999808, 0.2540000000000000036 ) ) ;
#5185 = FACE_OUTER_BOUND ( 'NONE', #7151, .T. ) ;
#5186 = VECTOR ( 'NONE', #6214, 1000.000000000000000 ) ;
#5187 = DIRECTION ( 'NONE',  ( 0.000000000000000000, 0.000000000000000000, -1.000000000000000000 ) ) ;
#5188 = EDGE_CURVE ( 'NONE', #1226, #1042, #3892, .T. ) ;
#5189 = DIRECTION ( 'NONE',  ( 0.000000000000000000, -1.000000000000000000, 0.000000000000000000 ) ) ;
#5190 = VERTEX_POINT ( 'NONE', #852 ) ;
#5191 = EDGE_LOOP ( 'NONE', ( #6140, #5671, #6763, #7572 ) ) ;
#5192 = CARTESIAN_POINT ( 'NONE',  ( 4.783000000000000362, 1.650999999999999801, 0.4420000000000000040 ) ) ;
#5193 = ORIENTED_EDGE ( 'NONE', *, *, #6289, .F. ) ;
#5194 = CARTESIAN_POINT ( 'NONE',  ( -3.442000000000000171, 5.168999999999999595, 2.641999999999999904 ) ) ;
#5195 = CARTESIAN_POINT ( 'NONE',  ( -4.089999999999999858, 2.920999999999999819, 1.320999999999999952 ) ) ;
#5196 = VERTEX_POINT ( 'NONE', #3199 ) ;
#5197 = EDGE_LOOP ( 'NONE', ( #4103, #679, #6208, #3930 ) ) ;
#5198 = EDGE_CURVE ( 'NONE', #4337, #5817, #2658, .T. ) ;
#5199 =( NAMED_UNIT ( * ) PLANE_ANGLE_UNIT ( ) SI_UNIT ( $, .RADIAN. ) );
#5200 = PLANE ( 'NONE',  #260 ) ;
#5201 = ADVANCED_FACE ( 'NONE', ( #1487 ), #7343, .T. ) ;
#5202 = EDGE_CURVE ( 'NONE', #3614, #1959, #2149, .T. ) ;
#5203 = CARTESIAN_POINT ( 'NONE',  ( -4.648549666062477215, -3.429000000000000270, 0.9460580022534657019 ) ) ;
#5204 = EDGE_LOOP ( 'NONE', ( #5962, #1978, #7466, #2459 ) ) ;
#5205 = VECTOR ( 'NONE', #2443, 1000.000000000000000 ) ;
#5206 = CIRCLE ( 'NONE', #6793, 0.2539999999999996705 ) ;
#5207 = B_SPLINE_CURVE_WITH_KNOTS ( 'NONE', 3,
 ( #1133, #4623, #4059, #446 ),
 .UNSPECIFIED., .F., .F.,
 ( 4, 4 ),
 ( 0.000000000000000000, 1.000000000000000000 ),
 .UNSPECIFIED. ) ;
#5208 = ORIENTED_EDGE ( 'NONE', *, *, #4794, .F. ) ;
#5209 = VERTEX_POINT ( 'NONE', #278 ) ;
#5210 = ADVANCED_FACE ( 'NONE', ( #4957 ), #3929, .T. ) ;
#5211 = DIRECTION ( 'NONE',  ( 0.000000000000000000, -1.000000000000000000, 0.000000000000000000 ) ) ;
#5212 = CARTESIAN_POINT ( 'NONE',  ( 5.321000000000000618, 2.920999999999999819, 0.2540000000000000036 ) ) ;
#5213 = EDGE_CURVE ( 'NONE', #4418, #4092, #7493, .T. ) ;
#5214 = LINE ( 'NONE', #565, #3109 ) ;
#5215 = AXIS2_PLACEMENT_3D ( 'NONE', #4673, #755, #1254 ) ;
#5216 = PLANE ( 'NONE',  #7573 ) ;
#5217 = DIRECTION ( 'NONE',  ( 0.000000000000000000, 0.000000000000000000, 1.000000000000000000 ) ) ;
#5218 = ORIENTED_EDGE ( 'NONE', *, *, #2373, .F. ) ;
#5219 = DIRECTION ( 'NONE',  ( 0.000000000000000000, 0.000000000000000000, -1.000000000000000000 ) ) ;
#5220 = ADVANCED_FACE ( 'NONE', ( #1003 ), #1153, .T. ) ;
#5221 = DIRECTION ( 'NONE',  ( 1.000000000000000000, 0.000000000000000000, 0.000000000000000000 ) ) ;
#5222 = ORIENTED_EDGE ( 'NONE', *, *, #6085, .F. ) ;
#5223 = CARTESIAN_POINT ( 'NONE',  ( -4.783000000000000362, -0.8890000000000000124, 0.4420000000000000040 ) ) ;
#5224 = CARTESIAN_POINT ( 'NONE',  ( -2.586999999999999744, 4.270000000000000462, 2.641999999999999904 ) ) ;
#5225 = DIRECTION ( 'NONE',  ( 0.000000000000000000, 1.000000000000000000, 0.000000000000000000 ) ) ;
#5226 = MANIFOLD_SOLID_BREP ( 'RxxCTxxS_3D_20201005_Pin14', #6303 ) ;
#5227 = CARTESIAN_POINT ( 'NONE',  ( -4.089999999999999858, 4.191000000000000725, 1.320999999999999952 ) ) ;
#5228 = DIRECTION ( 'NONE',  ( 0.000000000000000000, 0.000000000000000000, -1.000000000000000000 ) ) ;
#5229 = CARTESIAN_POINT ( 'NONE',  ( -5.028999999999999915, 2.920999999999999819, 0.2540000000000000036 ) ) ;
#5230 = DIRECTION ( 'NONE',  ( 0.000000000000000000, 0.000000000000000000, -1.000000000000000000 ) ) ;
#5231 = ORIENTED_EDGE ( 'NONE', *, *, #4397, .F. ) ;
#5232 = EDGE_LOOP ( 'NONE', ( #1596, #3746, #3227, #6517 ) ) ;
#5233 = DIRECTION ( 'NONE',  ( 0.000000000000000000, 0.000000000000000000, -1.000000000000000000 ) ) ;
#5234 = EDGE_CURVE ( 'NONE', #4692, #7163, #6841, .T. ) ;
#5235 = LINE ( 'NONE', #4783, #270 ) ;
#5236 = CARTESIAN_POINT ( 'NONE',  ( -2.776864999999999917, 4.270000000000000462, 2.644000000000000128 ) ) ;
#5237 = EDGE_CURVE ( 'NONE', #2861, #2923, #1144, .T. ) ;
#5238 = VERTEX_POINT ( 'NONE', #4043 ) ;
#5239 =( NAMED_UNIT ( * ) SI_UNIT ( $, .STERADIAN. ) SOLID_ANGLE_UNIT ( ) );
#5240 = STYLED_ITEM ( 'NONE', ( #5319 ), #2627 ) ;
#5241 = ORIENTED_EDGE ( 'NONE', *, *, #2473, .F. ) ;
#5242 = DIRECTION ( 'NONE',  ( 0.000000000000000000, -1.000000000000000000, 0.000000000000000000 ) ) ;
#5243 = CARTESIAN_POINT ( 'NONE',  ( 4.538000000000000256, -0.3810000000000000053, 0.3770000000000000018 ) ) ;
#5244 = EDGE_LOOP ( 'NONE', ( #630, #5788, #775, #3466 ) ) ;
#5245 = AXIS2_PLACEMENT_3D ( 'NONE', #3444, #3944, #5091 ) ;
#5246 = VERTEX_POINT ( 'NONE', #541 ) ;
#5247 = ADVANCED_FACE ( 'NONE', ( #1565 ), #2185, .T. ) ;
#5248 = ORIENTED_EDGE ( 'NONE', *, *, #1651, .T. ) ;
#5249 = EDGE_CURVE ( 'NONE', #702, #2772, #6413, .T. ) ;
#5250 = CARTESIAN_POINT ( 'NONE',  ( 5.321000000000000618, 3.429000000000000270, 0.000000000000000000 ) ) ;
#5251 = FACE_OUTER_BOUND ( 'NONE', #7530, .T. ) ;
#5252 = AXIS2_PLACEMENT_3D ( 'NONE', #6670, #3825, #2514 ) ;
#5253 = UNCERTAINTY_MEASURE_WITH_UNIT (LENGTH_MEASURE( 1.000000000000000082E-05 ), #6991, 'distance_accuracy_value', 'NONE');
#5254 = AXIS2_PLACEMENT_3D ( 'NONE', #1602, #5267, #1714 ) ;
#5255 = CARTESIAN_POINT ( 'NONE',  ( 4.783000000000000362, 1.650999999999999801, 0.4420000000000000040 ) ) ;
#5256 = PLANE ( 'NONE',  #5258 ) ;
#5257 = ORIENTED_EDGE ( 'NONE', *, *, #1760, .T. ) ;
#5258 = AXIS2_PLACEMENT_3D ( 'NONE', #5865, #604, #6512 ) ;
#5259 = AXIS2_PLACEMENT_3D ( 'NONE', #4031, #4067, #6871 ) ;
#5260 = DIRECTION ( 'NONE',  ( 0.000000000000000000, 0.000000000000000000, 1.000000000000000000 ) ) ;
#5261 = EDGE_LOOP ( 'NONE', ( #4714, #6619, #7329, #5274 ) ) ;
#5262 = CARTESIAN_POINT ( 'NONE',  ( 3.797000000000000153, 5.244999999999999218, 1.306000000000000050 ) ) ;
#5263 = CARTESIAN_POINT ( 'NONE',  ( -4.089999999999999858, 2.158999999999999808, 1.320999999999999952 ) ) ;
#5264 = CARTESIAN_POINT ( 'NONE',  ( -4.581000000000000405, -1.650999999999999801, 1.197999999999999954 ) ) ;
#5265 = VECTOR ( 'NONE', #2303, 1000.000000000000000 ) ;
#5266 = AXIS2_PLACEMENT_3D ( 'NONE', #6098, #5563, #4327 ) ;
#5267 = DIRECTION ( 'NONE',  ( 0.000000000000000000, 0.000000000000000000, -1.000000000000000000 ) ) ;
#5268 = ADVANCED_FACE ( 'NONE', ( #4573 ), #6880, .T. ) ;
#5269 = CARTESIAN_POINT ( 'NONE',  ( 4.783675919342393890, 0.7196666666666667878, 0.4421813442138124439 ) ) ;
#5270 = DIRECTION ( 'NONE',  ( 0.000000000000000000, 1.000000000000000000, 0.000000000000000000 ) ) ;
#5271 = AXIS2_PLACEMENT_3D ( 'NONE', #1660, #6824, #3374 ) ;
#5272 = SURFACE_STYLE_USAGE ( .BOTH. , #1608 ) ;
#5273 = ORIENTED_EDGE ( 'NONE', *, *, #3623, .T. ) ;
#5274 = ORIENTED_EDGE ( 'NONE', *, *, #7502, .F. ) ;
#5275 = DIRECTION ( 'NONE',  ( 0.2589693139543370881, 0.000000000000000000, 0.9658855493432024764 ) ) ;
#5276 = DIRECTION ( 'NONE',  ( 0.000000000000000000, 1.000000000000000000, 0.000000000000000000 ) ) ;
#5277 = CARTESIAN_POINT ( 'NONE',  ( 4.089999999999999858, 0.3810000000000000053, 1.320999999999999952 ) ) ;
#5278 = ORIENTED_EDGE ( 'NONE', *, *, #2865, .F. ) ;
#5279 = FACE_OUTER_BOUND ( 'NONE', #3494, .T. ) ;
#5280 = ORIENTED_EDGE ( 'NONE', *, *, #1123, .F. ) ;
#5281 = DIRECTION ( 'NONE',  ( 0.000000000000000000, -1.000000000000000000, 0.000000000000000000 ) ) ;
#5282 = PLANE ( 'NONE',  #345 ) ;
#5283 = AXIS2_PLACEMENT_3D ( 'NONE', #6864, #985, #3446 ) ;
#5284 = ORIENTED_EDGE ( 'NONE', *, *, #2654, .F. ) ;
#5285 = ORIENTED_EDGE ( 'NONE', *, *, #6995, .T. ) ;
#5286 = ORIENTED_EDGE ( 'NONE', *, *, #4794, .T. ) ;
#5287 = ORIENTED_EDGE ( 'NONE', *, *, #5610, .F. ) ;
#5288 = VECTOR ( 'NONE', #248, 1000.000000000000000 ) ;
#5289 = EDGE_CURVE ( 'NONE', #740, #7038, #1641, .T. ) ;
#5290 = MANIFOLD_SOLID_BREP ( 'RxxCTxxS_3D_20201005_Pin15', #2408 ) ;
#5291 = CARTESIAN_POINT ( 'NONE',  ( -3.797000000000000153, -3.429000000000000270, 1.320999999999999952 ) ) ;
#5292 = CARTESIAN_POINT ( 'NONE',  ( -4.580830753584762327, 0.7196666666666667878, 1.197954844642777461 ) ) ;
#5293 = CARTESIAN_POINT ( 'NONE',  ( -4.089999999999999858, -0.8890000000000000124, 1.066999999999999948 ) ) ;
#5294 = CARTESIAN_POINT ( 'NONE',  ( 4.089999999999999858, 0.8890000000000000124, 1.320999999999999952 ) ) ;
#5295 = DIRECTION ( 'NONE',  ( 1.000000000000000000, 0.000000000000000000, 0.000000000000000000 ) ) ;
#5296 = AXIS2_PLACEMENT_3D ( 'NONE', #1088, #440, #1051 ) ;
#5297 = ORIENTED_EDGE ( 'NONE', *, *, #5057, .F. ) ;
#5298 = LINE ( 'NONE', #1819, #709 ) ;
#5299 = ORIENTED_EDGE ( 'NONE', *, *, #1750, .T. ) ;
#5300 = PLANE ( 'NONE',  #6432 ) ;
#5301 = DIRECTION ( 'NONE',  ( -0.7931070766835157659, 0.000000000000000000, 0.6090822316522848112 ) ) ;
#5302 = VECTOR ( 'NONE', #1096, 1000.000000000000000 ) ;
#5303 = EDGE_CURVE ( 'NONE', #744, #5146, #2296, .T. ) ;
#5304 = CARTESIAN_POINT ( 'NONE',  ( 3.797000000000000153, 4.698999999999999844, 1.320999999999999952 ) ) ;
#5305 = AXIS2_PLACEMENT_3D ( 'NONE', #7420, #2770, #2148 ) ;
#5306 = EDGE_CURVE ( 'NONE', #4815, #7253, #821, .T. ) ;
#5307 = CARTESIAN_POINT ( 'NONE',  ( -3.797000000000000153, 1.650999999999999801, 1.574999999999999956 ) ) ;
#5308 = ADVANCED_FACE ( 'NONE', ( #6602 ), #4750, .T. ) ;
#5309 = CARTESIAN_POINT ( 'NONE',  ( -3.797000000000000153, -5.244999999999999218, 1.306000000000000050 ) ) ;
#5310 = FILL_AREA_STYLE ('',( #1825 ) ) ;
#5311 = DIRECTION ( 'NONE',  ( -1.000000000000000000, 0.000000000000000000, 0.000000000000000000 ) ) ;
#5312 = ORIENTED_EDGE ( 'NONE', *, *, #6450, .T. ) ;
#5313 = VERTEX_POINT ( 'NONE', #7099 ) ;
#5314 = DIRECTION ( 'NONE',  ( 0.000000000000000000, 1.000000000000000000, 0.000000000000000000 ) ) ;
#5315 = EDGE_CURVE ( 'NONE', #580, #7260, #3071, .T. ) ;
#5316 = LINE ( 'NONE', #2415, #1085 ) ;
#5317 = VERTEX_POINT ( 'NONE', #4181 ) ;
#5318 = MANIFOLD_SOLID_BREP ( 'RxxCTxxS_3D_20201005_Case', #2780 ) ;
#5319 = PRESENTATION_STYLE_ASSIGNMENT (( #4155 ) ) ;
#5320 = VERTEX_POINT ( 'NONE', #4712 ) ;
#5321 = DIRECTION ( 'NONE',  ( 0.000000000000000000, 0.000000000000000000, 1.000000000000000000 ) ) ;
#5322 = CARTESIAN_POINT ( 'NONE',  ( 5.028999999999999915, 2.920999999999999819, 0.5080000000000000071 ) ) ;
#5323 = ORIENTED_EDGE ( 'NONE', *, *, #5202, .T. ) ;
#5324 = ORIENTED_EDGE ( 'NONE', *, *, #3133, .F. ) ;
#5325 = VERTEX_POINT ( 'NONE', #1788 ) ;
#5326 = VERTEX_POINT ( 'NONE', #4788 ) ;
#5327 = DIRECTION ( 'NONE',  ( 0.000000000000000000, -1.000000000000000000, 0.000000000000000000 ) ) ;
#5328 = DIRECTION ( 'NONE',  ( 0.000000000000000000, -1.000000000000000000, 0.000000000000000000 ) ) ;
#5329 = AXIS2_PLACEMENT_3D ( 'NONE', #5785, #1135, #5677 ) ;
#5330 = UNCERTAINTY_MEASURE_WITH_UNIT (LENGTH_MEASURE( 1.000000000000000082E-05 ), #243, 'distance_accuracy_value', 'NONE');
#5331 = LINE ( 'NONE', #2948, #6844 ) ;
#5332 = VECTOR ( 'NONE', #6528, 1000.000000000000000 ) ;
#5333 = ADVANCED_FACE ( 'NONE', ( #726 ), #5984, .T. ) ;
#5334 = DIRECTION ( 'NONE',  ( 0.000000000000000000, -1.000000000000000000, 0.000000000000000000 ) ) ;
#5335 = ORIENTED_EDGE ( 'NONE', *, *, #6947, .F. ) ;
#5336 = AXIS2_PLACEMENT_3D ( 'NONE', #3683, #834, #6709 ) ;
#5337 = DIRECTION ( 'NONE',  ( 0.000000000000000000, -1.000000000000000000, 0.000000000000000000 ) ) ;
#5338 = ORIENTED_EDGE ( 'NONE', *, *, #1676, .F. ) ;
#5339 = AXIS2_PLACEMENT_3D ( 'NONE', #7204, #2665, #901 ) ;
#5340 = CARTESIAN_POINT ( 'NONE',  ( 4.334999999999999964, 4.698999999999999844, 1.132999999999999785 ) ) ;
#5341 = CARTESIAN_POINT ( 'NONE',  ( 3.679408740305058600, 5.219657922719095566, 1.940917375681416868 ) ) ;
#5342 = CYLINDRICAL_SURFACE ( 'NONE', #6587, 0.2540000000000000036 ) ;
#5343 = CARTESIAN_POINT ( 'NONE',  ( 3.797000000000000153, -0.8890000000000000124, 1.320999999999999952 ) ) ;
#5344 = EDGE_CURVE ( 'NONE', #740, #6773, #149, .T. ) ;
#5345 = FACE_OUTER_BOUND ( 'NONE', #3952, .T. ) ;
#5346 = VERTEX_POINT ( 'NONE', #685 ) ;
#5347 = EDGE_CURVE ( 'NONE', #7552, #1496, #4634, .T. ) ;
#5348 = ORIENTED_EDGE ( 'NONE', *, *, #780, .F. ) ;
#5349 = CARTESIAN_POINT ( 'NONE',  ( 5.321000000000000618, -4.191000000000000725, 0.000000000000000000 ) ) ;
#5350 = EDGE_CURVE ( 'NONE', #1643, #5553, #1293, .T. ) ;
#5351 = CARTESIAN_POINT ( 'NONE',  ( 5.321000000000000618, -0.3810000000000000053, 0.000000000000000000 ) ) ;
#5352 = EDGE_LOOP ( 'NONE', ( #5656, #686, #3668, #3636, #5854, #4687, #1568, #5036, #6265, #4850, #6069, #768 ) ) ;
#5353 = DIRECTION ( 'NONE',  ( -0.7931070766835153218, 0.000000000000000000, -0.6090822316522856994 ) ) ;
#5354 = ORIENTED_EDGE ( 'NONE', *, *, #1174, .T. ) ;
#5355 = DIRECTION ( 'NONE',  ( 1.000000000000000000, 0.000000000000000000, 0.000000000000000000 ) ) ;
#5356 = LINE ( 'NONE', #2350, #6147 ) ;
#5357 = VERTEX_POINT ( 'NONE', #762 ) ;
#5358 = VECTOR ( 'NONE', #7162, 1000.000000000000000 ) ;
#5359 = EDGE_CURVE ( 'NONE', #5508, #4722, #1225, .T. ) ;
#5360 = ORIENTED_EDGE ( 'NONE', *, *, #5315, .T. ) ;
#5361 = ORIENTED_EDGE ( 'NONE', *, *, #2380, .F. ) ;
#5362 = ORIENTED_EDGE ( 'NONE', *, *, #3083, .F. ) ;
#5363 = CARTESIAN_POINT ( 'NONE',  ( 4.335256734746894658, 3.259666666666666490, 1.133069161197122865 ) ) ;
#5364 = CARTESIAN_POINT ( 'NONE',  ( -5.028999999999999915, 2.158999999999999808, 0.000000000000000000 ) ) ;
#5365 =( GEOMETRIC_REPRESENTATION_CONTEXT ( 3 ) GLOBAL_UNCERTAINTY_ASSIGNED_CONTEXT ( ( #639 ) ) GLOBAL_UNIT_ASSIGNED_CONTEXT ( ( #5922, #7108, #7036 ) ) REPRESENTATION_CONTEXT ( 'NONE', 'WORKASPACE' ) );
#5366 = CARTESIAN_POINT ( 'NONE',  ( 3.797000000000000153, 1.650999999999999801, 1.320999999999999952 ) ) ;
#5367 = CLOSED_SHELL ( 'NONE', ( #2506, #6698, #7082, #5423, #569, #975, #6813, #5660, #7205, #958, #4539, #177, #3094, #411 ) ) ;
#5368 = VECTOR ( 'NONE', #7070, 1000.000000000000000 ) ;
#5369 = FACE_OUTER_BOUND ( 'NONE', #4162, .T. ) ;
#5370 = ORIENTED_EDGE ( 'NONE', *, *, #1588, .T. ) ;
#5371 = DIRECTION ( 'NONE',  ( 0.9658855493432024764, 0.000000000000000000, -0.2589693139543370881 ) ) ;
#5372 = VERTEX_POINT ( 'NONE', #3577 ) ;
#5373 = CARTESIAN_POINT ( 'NONE',  ( 3.797000000000000153, 5.244999999999999218, 1.306000000000000050 ) ) ;
#5374 = DIRECTION ( 'NONE',  ( 0.000000000000000000, 0.000000000000000000, 1.000000000000000000 ) ) ;
#5375 = ADVANCED_FACE ( 'NONE', ( #4111 ), #6139, .T. ) ;
#5376 = DIRECTION ( 'NONE',  ( 0.000000000000000000, 1.000000000000000000, 0.000000000000000000 ) ) ;
#5377 = VECTOR ( 'NONE', #7258, 1000.000000000000000 ) ;
#5378 = CARTESIAN_POINT ( 'NONE',  ( 4.538000000000000256, -0.8890000000000000124, 0.3770000000000000018 ) ) ;
#5379 = VERTEX_POINT ( 'NONE', #4867 ) ;
#5380 = LINE ( 'NONE', #6412, #1933 ) ;
#5381 = ORIENTED_EDGE ( 'NONE', *, *, #323, .F. ) ;
#5382 = VERTEX_POINT ( 'NONE', #190 ) ;
#5383 = LINE ( 'NONE', #5349, #5936 ) ;
#5384 = EDGE_CURVE ( 'NONE', #1633, #3050, #2020, .T. ) ;
#5385 = VECTOR ( 'NONE', #6563, 1000.000000000000000 ) ;
#5386 = CARTESIAN_POINT ( 'NONE',  ( 5.028999999999999915, 0.3810000000000000053, 0.000000000000000000 ) ) ;
#5387 = EDGE_LOOP ( 'NONE', ( #1066, #4807, #2026, #7298 ) ) ;
#5388 = ADVANCED_FACE ( 'NONE', ( #5564 ), #799, .T. ) ;
#5389 = AXIS2_PLACEMENT_3D ( 'NONE', #6910, #7488, #5830 ) ;
#5390 = AXIS2_PLACEMENT_3D ( 'NONE', #4250, #5453, #6138 ) ;
#5391 = DIRECTION ( 'NONE',  ( 0.000000000000000000, 1.000000000000000000, 0.000000000000000000 ) ) ;
#5392 = ORIENTED_EDGE ( 'NONE', *, *, #7016, .T. ) ;
#5393 = FACE_OUTER_BOUND ( 'NONE', #6807, .T. ) ;
#5394 = EDGE_CURVE ( 'NONE', #4120, #7163, #6715, .T. ) ;
#5395 = CARTESIAN_POINT ( 'NONE',  ( 5.028999999999999915, -0.3810000000000000053, 0.000000000000000000 ) ) ;
#5396 = EDGE_CURVE ( 'NONE', #3900, #2235, #5026, .T. ) ;
#5397 = ORIENTED_EDGE ( 'NONE', *, *, #4985, .T. ) ;
#5398 = ORIENTED_EDGE ( 'NONE', *, *, #5475, .T. ) ;
#5399 = ORIENTED_EDGE ( 'NONE', *, *, #6600, .F. ) ;
#5400 = EDGE_LOOP ( 'NONE', ( #7152, #6508, #1844, #2180 ) ) ;
#5401 = CARTESIAN_POINT ( 'NONE',  ( 4.538000000000000256, 4.191000000000000725, 0.3770000000000000018 ) ) ;
#5402 = CARTESIAN_POINT ( 'NONE',  ( -5.028999999999999915, -2.920999999999999819, 0.5080000000000000071 ) ) ;
#5403 = EDGE_CURVE ( 'NONE', #4966, #5492, #7213, .T. ) ;
#5404 = LINE ( 'NONE', #7085, #5128 ) ;
#5405 = DIRECTION ( 'NONE',  ( 0.000000000000000000, -1.000000000000000000, 0.000000000000000000 ) ) ;
#5406 = EDGE_LOOP ( 'NONE', ( #7198, #7581, #4428, #6469 ) ) ;
#5407 = LINE ( 'NONE', #4739, #4028 ) ;
#5408 = ORIENTED_EDGE ( 'NONE', *, *, #5003, .T. ) ;
#5409 = CARTESIAN_POINT ( 'NONE',  ( -5.321000000000000618, -4.191000000000000725, 0.000000000000000000 ) ) ;
#5410 = PLANE ( 'NONE',  #4899 ) ;
#5411 = CARTESIAN_POINT ( 'NONE',  ( -4.402572021097666877, 4.698999999999999844, 0.8809746240141085316 ) ) ;
#5412 = CARTESIAN_POINT ( 'NONE',  ( -4.089999999999999858, 4.698999999999999844, 1.066999999999999948 ) ) ;
#5413 = DIRECTION ( 'NONE',  ( 0.000000000000000000, 0.000000000000000000, -1.000000000000000000 ) ) ;
#5414 = ORIENTED_EDGE ( 'NONE', *, *, #7043, .T. ) ;
#5415 = CARTESIAN_POINT ( 'NONE',  ( 4.783000000000000362, 3.429000000000000270, 0.4420000000000000040 ) ) ;
#5416 = SURFACE_STYLE_USAGE ( .BOTH. , #5915 ) ;
#5417 = VERTEX_POINT ( 'NONE', #2059 ) ;
#5418 = DIRECTION ( 'NONE',  ( -1.000000000000000000, 0.000000000000000000, 0.000000000000000000 ) ) ;
#5419 = VECTOR ( 'NONE', #2572, 1000.000000000000000 ) ;
#5420 = CARTESIAN_POINT ( 'NONE',  ( -5.321000000000000618, 2.158999999999999808, 0.000000000000000000 ) ) ;
#5421 = DIRECTION ( 'NONE',  ( 0.000000000000000000, -1.000000000000000000, 0.000000000000000000 ) ) ;
#5422 = ORIENTED_EDGE ( 'NONE', *, *, #5202, .F. ) ;
#5423 = ADVANCED_FACE ( 'NONE', ( #3872 ), #228, .T. ) ;
#5424 = CARTESIAN_POINT ( 'NONE',  ( 5.028999999999999915, -4.191000000000000725, 0.000000000000000000 ) ) ;
#5425 = ORIENTED_EDGE ( 'NONE', *, *, #2688, .T. ) ;
#5426 = CARTESIAN_POINT ( 'NONE',  ( 4.581000000000000405, -0.8890000000000000124, 1.197999999999999954 ) ) ;
#5427 = DIRECTION ( 'NONE',  ( 0.000000000000000000, 0.000000000000000000, 1.000000000000000000 ) ) ;
#5428 = ORIENTED_EDGE ( 'NONE', *, *, #890, .F. ) ;
#5429 = EDGE_LOOP ( 'NONE', ( #3591, #6716, #5222, #5155 ) ) ;
#5430 = ORIENTED_EDGE ( 'NONE', *, *, #7514, .T. ) ;
#5431 = ORIENTED_EDGE ( 'NONE', *, *, #3258, .F. ) ;
#5432 = EDGE_CURVE ( 'NONE', #3920, #1741, #6105, .T. ) ;
#5433 = LINE ( 'NONE', #1923, #3004 ) ;
#5434 = LINE ( 'NONE', #4848, #4295 ) ;
#5435 = EDGE_CURVE ( 'NONE', #3626, #3365, #97, .T. ) ;
#5436 = CARTESIAN_POINT ( 'NONE',  ( -4.580830753584762327, 1.820333333333333359, 1.197954844642777461 ) ) ;
#5437 = CARTESIAN_POINT ( 'NONE',  ( -4.783000000000000362, -4.191000000000000725, 0.4420000000000000040 ) ) ;
#5438 = ORIENTED_EDGE ( 'NONE', *, *, #6661, .T. ) ;
#5439 = ADVANCED_FACE ( 'NONE', ( #3219 ), #6172, .T. ) ;
#5440 = EDGE_CURVE ( 'NONE', #6260, #1615, #5743, .T. ) ;
#5441 = CARTESIAN_POINT ( 'NONE',  ( -5.028999999999999915, 4.698999999999999844, 0.5080000000000000071 ) ) ;
#5442 = ORIENTED_EDGE ( 'NONE', *, *, #5059, .T. ) ;
#5443 = AXIS2_PLACEMENT_3D ( 'NONE', #2746, #5713, #5864 ) ;
#5444 = LINE ( 'NONE', #63, #3859 ) ;
#5445 = CARTESIAN_POINT ( 'NONE',  ( -4.581000000000000405, -2.158999999999999808, 1.197999999999999954 ) ) ;
#5446 = CYLINDRICAL_SURFACE ( 'NONE', #7256, 0.2540000000000000036 ) ;
#5447 = AXIS2_PLACEMENT_3D ( 'NONE', #6982, #421, #3956 ) ;
#5448 = DIRECTION ( 'NONE',  ( 0.000000000000000000, 0.000000000000000000, 1.000000000000000000 ) ) ;
#5449 = VECTOR ( 'NONE', #5413, 1000.000000000000000 ) ;
#5450 = PLANE ( 'NONE',  #2006 ) ;
#5451 = ORIENTED_EDGE ( 'NONE', *, *, #4493, .F. ) ;
#5452 = EDGE_CURVE ( 'NONE', #688, #5957, #4746, .T. ) ;
#5453 = DIRECTION ( 'NONE',  ( 0.000000000000000000, -1.000000000000000000, 0.000000000000000000 ) ) ;
#5454 = CIRCLE ( 'NONE', #2747, 0.5080000000000001181 ) ;
#5455 = CARTESIAN_POINT ( 'NONE',  ( -4.334999999999999964, 2.920999999999999819, 1.132999999999999785 ) ) ;
#5456 = ORIENTED_EDGE ( 'NONE', *, *, #4441, .F. ) ;
#5457 = CARTESIAN_POINT ( 'NONE',  ( 4.470144042195333789, 1.650999999999999801, 0.6289492480282171671 ) ) ;
#5458 = CARTESIAN_POINT ( 'NONE',  ( 5.321000000000000618, 0.3810000000000000053, 0.2540000000000000036 ) ) ;
#5459 = DIRECTION ( 'NONE',  ( -0.7931070766835153218, 0.000000000000000000, 0.6090822316522856994 ) ) ;
#5460 = AXIS2_PLACEMENT_3D ( 'NONE', #319, #2652, #6659 ) ;
#5461 = VERTEX_POINT ( 'NONE', #7328 ) ;
#5462 = CARTESIAN_POINT ( 'NONE',  ( 4.334999999999999964, -0.3810000000000000053, 1.132999999999999785 ) ) ;
#5463 = CARTESIAN_POINT ( 'NONE',  ( -5.321000000000000618, 4.698999999999999844, 0.000000000000000000 ) ) ;
#5464 = ORIENTED_EDGE ( 'NONE', *, *, #553, .T. ) ;
#5465 = CARTESIAN_POINT ( 'NONE',  ( -5.321000000000000618, -0.3810000000000000053, 0.000000000000000000 ) ) ;
#5466 = CARTESIAN_POINT ( 'NONE',  ( 4.581000000000000405, 1.650999999999999801, 1.197999999999999954 ) ) ;
#5467 = EDGE_CURVE ( 'NONE', #2134, #7191, #4368, .T. ) ;
#5468 = VERTEX_POINT ( 'NONE', #5455 ) ;
#5469 = EDGE_LOOP ( 'NONE', ( #7546, #6442, #6634, #7556 ) ) ;
#5470 = EDGE_LOOP ( 'NONE', ( #4007, #1416, #5031, #485, #4936, #4217, #1190, #623, #1238, #4009, #3520, #7183 ) ) ;
#5471 = VERTEX_POINT ( 'NONE', #1944 ) ;
#5472 = DIRECTION ( 'NONE',  ( 0.000000000000000000, 1.000000000000000000, 0.000000000000000000 ) ) ;
#5473 = CARTESIAN_POINT ( 'NONE',  ( -4.089999999999999858, -3.429000000000000270, 1.066999999999999948 ) ) ;
#5474 = DIRECTION ( 'NONE',  ( 0.000000000000000000, -1.000000000000000000, 0.000000000000000000 ) ) ;
#5475 = EDGE_CURVE ( 'NONE', #4056, #4563, #3755, .T. ) ;
#5476 = LINE ( 'NONE', #4355, #5731 ) ;
#5477 = VERTEX_POINT ( 'NONE', #2556 ) ;
#5478 = EDGE_CURVE ( 'NONE', #3365, #4273, #4903, .T. ) ;
#5479 = COLOUR_RGB ( '',0.7215686274509803821, 0.7215686274509803821, 0.7215686274509803821 ) ;
#5480 = DIRECTION ( 'NONE',  ( 0.000000000000000000, 1.000000000000000000, 0.000000000000000000 ) ) ;
#5481 = CARTESIAN_POINT ( 'NONE',  ( 4.581000000000000405, -0.3810000000000000053, 1.197999999999999954 ) ) ;
#5482 = CARTESIAN_POINT ( 'NONE',  ( -5.321000000000000618, -4.698999999999999844, 0.000000000000000000 ) ) ;
#5483 = DIRECTION ( 'NONE',  ( -1.000000000000000000, 0.000000000000000000, 0.000000000000000000 ) ) ;
#5484 = CARTESIAN_POINT ( 'NONE',  ( -3.797000000000000153, 5.244999999999999218, 1.590000000000000080 ) ) ;
#5485 = CARTESIAN_POINT ( 'NONE',  ( -4.089999999999999858, 4.698999999999999844, 1.574999999999999956 ) ) ;
#5486 = ORIENTED_EDGE ( 'NONE', *, *, #556, .T. ) ;
#5487 = VECTOR ( 'NONE', #6036, 1000.000000000000000 ) ;
#5488 = DIRECTION ( 'NONE',  ( 0.7931070766835153218, 0.000000000000000000, 0.6090822316522856994 ) ) ;
#5489 = DIRECTION ( 'NONE',  ( 0.7931070766835157659, 0.000000000000000000, 0.6090822316522848112 ) ) ;
#5490 = VERTEX_POINT ( 'NONE', #6675 ) ;
#5491 = DIRECTION ( 'NONE',  ( 0.7931070766835153218, 0.000000000000000000, 0.6090822316522856994 ) ) ;
#5492 = VERTEX_POINT ( 'NONE', #4938 ) ;
#5493 = B_SPLINE_CURVE_WITH_KNOTS ( 'NONE', 3,
 ( #174, #7197, #211, #6125 ),
 .UNSPECIFIED., .F., .F.,
 ( 4, 4 ),
 ( 0.000000000000000000, 1.000000000000000000 ),
 .UNSPECIFIED. ) ;
#5494 = VECTOR ( 'NONE', #2289, 1000.000000000000000 ) ;
#5495 = DIRECTION ( 'NONE',  ( 0.000000000000000000, 1.000000000000000000, 0.000000000000000000 ) ) ;
#5496 = ADVANCED_FACE ( 'NONE', ( #3795 ), #1400, .T. ) ;
#5497 = COLOUR_RGB ( '',0.7215686274509803821, 0.7215686274509803821, 0.7215686274509803821 ) ;
#5498 = CARTESIAN_POINT ( 'NONE',  ( -4.089999999999999858, -0.3810000000000000053, 1.066999999999999948 ) ) ;
#5499 = ORIENTED_EDGE ( 'NONE', *, *, #7487, .F. ) ;
#5500 = FACE_OUTER_BOUND ( 'NONE', #3005, .T. ) ;
#5501 = AXIS2_PLACEMENT_3D ( 'NONE', #3241, #4927, #284 ) ;
#5502 = VECTOR ( 'NONE', #3722, 1000.000000000000000 ) ;
#5503 = ORIENTED_EDGE ( 'NONE', *, *, #1574, .F. ) ;
#5504 = DIRECTION ( 'NONE',  ( 0.000000000000000000, -1.000000000000000000, 0.000000000000000000 ) ) ;
#5505 = DIRECTION ( 'NONE',  ( 0.000000000000000000, 0.000000000000000000, 1.000000000000000000 ) ) ;
#5506 = DIRECTION ( 'NONE',  ( 0.000000000000000000, 0.000000000000000000, 1.000000000000000000 ) ) ;
#5507 = VECTOR ( 'NONE', #730, 1000.000000000000000 ) ;
#5508 = VERTEX_POINT ( 'NONE', #530 ) ;
#5509 = VECTOR ( 'NONE', #1341, 1000.000000000000000 ) ;
#5510 = EDGE_LOOP ( 'NONE', ( #3932, #1310, #7233, #5089 ) ) ;
#5511 = EDGE_LOOP ( 'NONE', ( #586, #3359, #5603, #1479 ) ) ;
#5512 = VECTOR ( 'NONE', #6335, 1000.000000000000000 ) ;
#5513 = CARTESIAN_POINT ( 'NONE',  ( 4.538000000000000256, 3.429000000000000270, 0.3770000000000000018 ) ) ;
#5514 = LINE ( 'NONE', #4926, #6012 ) ;
#5515 = DIRECTION ( 'NONE',  ( 0.000000000000000000, 0.000000000000000000, 1.000000000000000000 ) ) ;
#5516 = DIRECTION ( 'NONE',  ( 0.9658855493432024764, 0.000000000000000000, 0.2589693139543370881 ) ) ;
#5517 = EDGE_LOOP ( 'NONE', ( #891, #6532, #6941, #392 ) ) ;
#5518 = EDGE_CURVE ( 'NONE', #2272, #3900, #5645, .T. ) ;
#5519 = DIRECTION ( 'NONE',  ( 1.000000000000000000, 0.000000000000000000, 0.000000000000000000 ) ) ;
#5520 = DIRECTION ( 'NONE',  ( 0.000000000000000000, 1.000000000000000000, 0.000000000000000000 ) ) ;
#5521 = DIRECTION ( 'NONE',  ( 0.7931070766835153218, 0.000000000000000000, 0.6090822316522856994 ) ) ;
#5522 = DIRECTION ( 'NONE',  ( 0.000000000000000000, 0.000000000000000000, 1.000000000000000000 ) ) ;
#5523 = CARTESIAN_POINT ( 'NONE',  ( 5.028999999999999915, -2.920999999999999819, 0.5080000000000000071 ) ) ;
#5524 = VECTOR ( 'NONE', #3497, 1000.000000000000000 ) ;
#5525 = CARTESIAN_POINT ( 'NONE',  ( 5.028999999999999915, 2.920999999999999819, 0.000000000000000000 ) ) ;
#5526 = EDGE_LOOP ( 'NONE', ( #1753, #5709 ) ) ;
#5527 = CARTESIAN_POINT ( 'NONE',  ( 4.089999999999999858, -0.3810000000000000053, 1.066999999999999948 ) ) ;
#5528 = CARTESIAN_POINT ( 'NONE',  ( -3.797000000000000153, 4.698999999999999844, 1.320999999999999952 ) ) ;
#5529 = EDGE_LOOP ( 'NONE', ( #1274, #2779, #6949, #179 ) ) ;
#5530 = ADVANCED_FACE ( 'NONE', ( #3418 ), #7403, .T. ) ;
#5531 = DIRECTION ( 'NONE',  ( 0.000000000000000000, 0.000000000000000000, 1.000000000000000000 ) ) ;
#5532 = VERTEX_POINT ( 'NONE', #7555 ) ;
#5533 = EDGE_CURVE ( 'NONE', #1959, #2365, #954, .T. ) ;
#5534 = ADVANCED_FACE ( 'NONE', ( #7483 ), #2133, .T. ) ;
#5535 = DIRECTION ( 'NONE',  ( 0.000000000000000000, -1.000000000000000000, 0.000000000000000000 ) ) ;
#5536 = CARTESIAN_POINT ( 'NONE',  ( 5.028999999999999915, 1.650999999999999801, 0.2540000000000000036 ) ) ;
#5537 = ORIENTED_EDGE ( 'NONE', *, *, #982, .F. ) ;
#5538 = DIRECTION ( 'NONE',  ( 0.000000000000000000, 0.000000000000000000, -1.000000000000000000 ) ) ;
#5539 = B_SPLINE_CURVE_WITH_KNOTS ( 'NONE', 3,
 ( #6176, #4371, #6795, #5065 ),
 .UNSPECIFIED., .F., .F.,
 ( 4, 4 ),
 ( 0.000000000000000000, 1.000000000000000000 ),
 .UNSPECIFIED. ) ;
#5540 = AXIS2_PLACEMENT_3D ( 'NONE', #6687, #2032, #3663 ) ;
#5541 = EDGE_CURVE ( 'NONE', #2717, #6925, #4482, .T. ) ;
#5542 = VERTEX_POINT ( 'NONE', #1706 ) ;
#5543 = DIRECTION ( 'NONE',  ( 0.000000000000000000, 1.000000000000000000, 0.000000000000000000 ) ) ;
#5544 = DIRECTION ( 'NONE',  ( 0.000000000000000000, 0.000000000000000000, -1.000000000000000000 ) ) ;
#5545 = CARTESIAN_POINT ( 'NONE',  ( -5.321000000000000618, 3.429000000000000270, 0.2540000000000000036 ) ) ;
#5546 = VECTOR ( 'NONE', #3886, 1000.000000000000000 ) ;
#5547 = ORIENTED_EDGE ( 'NONE', *, *, #5628, .T. ) ;
#5548 = ORIENTED_EDGE ( 'NONE', *, *, #7418, .F. ) ;
#5549 = DIRECTION ( 'NONE',  ( 0.000000000000000000, 0.000000000000000000, 1.000000000000000000 ) ) ;
#5550 = CARTESIAN_POINT ( 'NONE',  ( 3.620000000000000107, -5.142999999999999794, 0.2540000000000000036 ) ) ;
#5551 = CARTESIAN_POINT ( 'NONE',  ( 5.321000000000000618, 0.8890000000000000124, 0.2540000000000000036 ) ) ;
#5552 = CARTESIAN_POINT ( 'NONE',  ( -3.797000000000000153, 4.698999999999999844, 1.320999999999999952 ) ) ;
#5553 = VERTEX_POINT ( 'NONE', #6403 ) ;
#5554 = LINE ( 'NONE', #1428, #2286 ) ;
#5555 = LINE ( 'NONE', #290, #3243 ) ;
#5556 = DIRECTION ( 'NONE',  ( -0.2589693139543370881, 0.000000000000000000, 0.9658855493432024764 ) ) ;
#5557 = DIRECTION ( 'NONE',  ( 1.000000000000000000, 0.000000000000000000, 0.000000000000000000 ) ) ;
#5558 = ADVANCED_FACE ( 'NONE', ( #2284 ), #1551, .T. ) ;
#5559 = B_SPLINE_CURVE_WITH_KNOTS ( 'NONE', 3,
 ( #4366, #6713, #871, #297 ),
 .UNSPECIFIED., .F., .F.,
 ( 4, 4 ),
 ( 0.000000000000000000, 1.000000000000000000 ),
 .UNSPECIFIED. ) ;
#5560 = CARTESIAN_POINT ( 'NONE',  ( 5.321000000000000618, 4.191000000000000725, 0.000000000000000000 ) ) ;
#5561 = B_SPLINE_CURVE_WITH_KNOTS ( 'NONE', 3,
 ( #5262, #7599, #2326, #5147 ),
 .UNSPECIFIED., .F., .F.,
 ( 4, 4 ),
 ( 0.000000000000000000, 1.000000000000000000 ),
 .UNSPECIFIED. ) ;
#5562 = VERTEX_POINT ( 'NONE', #7441 ) ;
#5563 = DIRECTION ( 'NONE',  ( 0.000000000000000000, 0.000000000000000000, 1.000000000000000000 ) ) ;
#5564 = FACE_OUTER_BOUND ( 'NONE', #6548, .T. ) ;
#5565 = EDGE_LOOP ( 'NONE', ( #6506, #3184, #6772, #6077 ) ) ;
#5566 = CARTESIAN_POINT ( 'NONE',  ( -5.321000000000000618, 4.698999999999999844, 0.2540000000000000036 ) ) ;
#5567 = CARTESIAN_POINT ( 'NONE',  ( 5.028999999999999915, -2.920999999999999819, 0.000000000000000000 ) ) ;
#5568 = DIRECTION ( 'NONE',  ( 0.000000000000000000, -1.000000000000000000, 0.000000000000000000 ) ) ;
#5569 = AXIS2_PLACEMENT_3D ( 'NONE', #4678, #5228, #1150 ) ;
#5570 = FACE_OUTER_BOUND ( 'NONE', #3252, .T. ) ;
#5571 = EDGE_CURVE ( 'NONE', #796, #3349, #2827, .T. ) ;
#5572 = ORIENTED_EDGE ( 'NONE', *, *, #741, .T. ) ;
#5573 = AXIS2_PLACEMENT_3D ( 'NONE', #6405, #3420, #532 ) ;
#5574 = DIRECTION ( 'NONE',  ( 1.000000000000000000, 0.000000000000000000, 0.000000000000000000 ) ) ;
#5575 = ADVANCED_FACE ( 'NONE', ( #6830 ), #3343, .T. ) ;
#5576 = CARTESIAN_POINT ( 'NONE',  ( -4.089999999999999858, -0.8890000000000000124, 1.320999999999999952 ) ) ;
#5577 = VERTEX_POINT ( 'NONE', #5102 ) ;
#5578 = DIRECTION ( 'NONE',  ( 0.2589693139543370881, 0.000000000000000000, 0.9658855493432024764 ) ) ;
#5579 = VECTOR ( 'NONE', #1973, 1000.000000000000000 ) ;
#5580 = LINE ( 'NONE', #2532, #5782 ) ;
#5581 = ORIENTED_EDGE ( 'NONE', *, *, #1523, .F. ) ;
#5582 = EDGE_LOOP ( 'NONE', ( #279, #5668, #2715, #7074 ) ) ;
#5583 = LINE ( 'NONE', #6737, #789 ) ;
#5584 = DIRECTION ( 'NONE',  ( 0.000000000000000000, -1.000000000000000000, 0.000000000000000000 ) ) ;
#5585 = CARTESIAN_POINT ( 'NONE',  ( 3.797000000000000153, 1.650999999999999801, 1.320999999999999952 ) ) ;
#5586 = EDGE_CURVE ( 'NONE', #5633, #3201, #3954, .T. ) ;
#5587 = ORIENTED_EDGE ( 'NONE', *, *, #505, .F. ) ;
#5588 = ORIENTED_EDGE ( 'NONE', *, *, #6423, .T. ) ;
#5589 = CARTESIAN_POINT ( 'NONE',  ( -3.442000000000000171, 5.168999999999999595, 2.641999999999999904 ) ) ;
#5590 = CARTESIAN_POINT ( 'NONE',  ( 3.797000000000000153, -0.3810000000000000053, 1.574999999999999956 ) ) ;
#5591 = DIRECTION ( 'NONE',  ( 0.000000000000000000, 1.000000000000000000, 0.000000000000000000 ) ) ;
#5592 = DIRECTION ( 'NONE',  ( 0.000000000000000000, -1.000000000000000000, 0.000000000000000000 ) ) ;
#5593 = PLANE ( 'NONE',  #1918 ) ;
#5594 = DIRECTION ( 'NONE',  ( 0.000000000000000000, 1.000000000000000000, 0.000000000000000000 ) ) ;
#5595 = VECTOR ( 'NONE', #5217, 1000.000000000000000 ) ;
#5596 = B_SPLINE_CURVE_WITH_KNOTS ( 'NONE', 3,
 ( #6018, #5411, #5839, #6631 ),
 .UNSPECIFIED., .F., .F.,
 ( 4, 4 ),
 ( 0.000000000000000000, 1.000000000000000000 ),
 .UNSPECIFIED. ) ;
#5597 = ORIENTED_EDGE ( 'NONE', *, *, #7016, .F. ) ;
#5598 = CARTESIAN_POINT ( 'NONE',  ( -4.334999999999999964, 4.191000000000000725, 1.132999999999999785 ) ) ;
#5599 = EDGE_CURVE ( 'NONE', #6499, #6112, #7209, .T. ) ;
#5600 = CARTESIAN_POINT ( 'NONE',  ( 4.089999999999999858, 2.920999999999999819, 1.574999999999999956 ) ) ;
#5601 = EDGE_LOOP ( 'NONE', ( #846, #6336, #3861, #1828 ) ) ;
#5602 = DIRECTION ( 'NONE',  ( 1.000000000000000000, 0.000000000000000000, 0.000000000000000000 ) ) ;
#5603 = ORIENTED_EDGE ( 'NONE', *, *, #4653, .F. ) ;
#5604 = DIRECTION ( 'NONE',  ( -0.000000000000000000, 1.000000000000000000, 0.000000000000000000 ) ) ;
#5605 = FACE_OUTER_BOUND ( 'NONE', #1323, .T. ) ;
#5606 = ORIENTED_EDGE ( 'NONE', *, *, #3124, .T. ) ;
#5607 = VECTOR ( 'NONE', #5958, 1000.000000000000000 ) ;
#5608 = LINE ( 'NONE', #2490, #959 ) ;
#5609 = CARTESIAN_POINT ( 'NONE',  ( -4.538169246415237446, 1.989666666666666472, 0.3770451553572226611 ) ) ;
#5610 = EDGE_CURVE ( 'NONE', #1489, #195, #6479, .T. ) ;
#5611 = EDGE_LOOP ( 'NONE', ( #3518, #6063, #6853, #5348 ) ) ;
#5612 = ORIENTED_EDGE ( 'NONE', *, *, #365, .F. ) ;
#5613 = VECTOR ( 'NONE', #1289, 1000.000000000000000 ) ;
#5614 = CYLINDRICAL_SURFACE ( 'NONE', #3030, 0.2540000000000000036 ) ;
#5615 = AXIS2_PLACEMENT_3D ( 'NONE', #3997, #5725, #7490 ) ;
#5616 = ORIENTED_EDGE ( 'NONE', *, *, #5303, .T. ) ;
#5617 = CARTESIAN_POINT ( 'NONE',  ( -5.028999999999999915, 2.920999999999999819, 0.2540000000000000036 ) ) ;
#5618 = DIRECTION ( 'NONE',  ( 0.000000000000000000, 1.000000000000000000, 0.000000000000000000 ) ) ;
#5619 = EDGE_CURVE ( 'NONE', #4216, #2765, #5114, .T. ) ;
#5620 = EDGE_LOOP ( 'NONE', ( #6897, #212, #6459, #4350 ) ) ;
#5621 = VECTOR ( 'NONE', #1015, 1000.000000000000000 ) ;
#5622 = AXIS2_PLACEMENT_3D ( 'NONE', #3254, #837, #2098 ) ;
#5623 = ORIENTED_EDGE ( 'NONE', *, *, #1832, .T. ) ;
#5624 = EDGE_CURVE ( 'NONE', #4761, #4670, #6291, .T. ) ;
#5625 = PRODUCT_CONTEXT ( 'NONE', #5046, 'mechanical' ) ;
#5626 = PLANE ( 'NONE',  #868 ) ;
#5627 = AXIS2_PLACEMENT_3D ( 'NONE', #1514, #3259, #4909 ) ;
#5628 = EDGE_CURVE ( 'NONE', #364, #1633, #6852, .T. ) ;
#5629 = AXIS2_PLACEMENT_3D ( 'NONE', #1152, #7098, #2963 ) ;
#5630 = EDGE_CURVE ( 'NONE', #5115, #4330, #4599, .T. ) ;
#5631 = DIRECTION ( 'NONE',  ( 0.000000000000000000, 0.000000000000000000, -1.000000000000000000 ) ) ;
#5632 = EDGE_LOOP ( 'NONE', ( #1902, #4492, #1219, #6908 ) ) ;
#5633 = VERTEX_POINT ( 'NONE', #5791 ) ;
#5634 = AXIS2_PLACEMENT_3D ( 'NONE', #6167, #2053, #5557 ) ;
#5635 = AXIS2_PLACEMENT_3D ( 'NONE', #1, #4748, #2410 ) ;
#5636 = ADVANCED_FACE ( 'NONE', ( #5826 ), #1889, .T. ) ;
#5637 = PLANE ( 'NONE',  #4378 ) ;
#5638 = CARTESIAN_POINT ( 'NONE',  ( -4.334999999999999964, 3.429000000000000270, 1.132999999999999785 ) ) ;
#5639 = CARTESIAN_POINT ( 'NONE',  ( -4.581000000000000405, -2.158999999999999808, 1.197999999999999954 ) ) ;
#5640 = DIRECTION ( 'NONE',  ( 0.000000000000000000, 0.000000000000000000, -1.000000000000000000 ) ) ;
#5641 = PLANE ( 'NONE',  #6957 ) ;
#5642 = DIRECTION ( 'NONE',  ( 0.000000000000000000, 1.000000000000000000, 0.000000000000000000 ) ) ;
#5643 = ORIENTED_EDGE ( 'NONE', *, *, #2232, .T. ) ;
#5644 = DIRECTION ( 'NONE',  ( 1.000000000000000000, 0.000000000000000000, 0.000000000000000000 ) ) ;
#5645 = LINE ( 'NONE', #2755, #224 ) ;
#5646 = ORIENTED_EDGE ( 'NONE', *, *, #6423, .F. ) ;
#5647 = CARTESIAN_POINT ( 'NONE',  ( 4.334999999999999964, -1.650999999999999801, 1.132999999999999785 ) ) ;
#5648 = CARTESIAN_POINT ( 'NONE',  ( 4.783000000000000362, -0.3810000000000000053, 0.4420000000000000040 ) ) ;
#5649 = CARTESIAN_POINT ( 'NONE',  ( 3.441568773900155254, 1.723000000000000087, 2.641854284739228564 ) ) ;
#5650 = AXIS2_PLACEMENT_3D ( 'NONE', #6784, #2014, #4405 ) ;
#5651 = FACE_OUTER_BOUND ( 'NONE', #6741, .T. ) ;
#5652 = ORIENTED_EDGE ( 'NONE', *, *, #6986, .F. ) ;
#5653 = CARTESIAN_POINT ( 'NONE',  ( -3.442000000000000171, -5.168999999999999595, 2.641999999999999904 ) ) ;
#5654 =( NAMED_UNIT ( * ) PLANE_ANGLE_UNIT ( ) SI_UNIT ( $, .RADIAN. ) );
#5655 = AXIS2_PLACEMENT_3D ( 'NONE', #207, #6008, #3166 ) ;
#5656 = ORIENTED_EDGE ( 'NONE', *, *, #2084, .T. ) ;
#5657 = VERTEX_POINT ( 'NONE', #3061 ) ;
#5658 = CARTESIAN_POINT ( 'NONE',  ( 4.538000000000000256, 0.3810000000000000053, 0.3770000000000000018 ) ) ;
#5659 = FACE_OUTER_BOUND ( 'NONE', #7473, .T. ) ;
#5660 = ADVANCED_FACE ( 'NONE', ( #2400 ), #1851, .T. ) ;
#5661 = ORIENTED_EDGE ( 'NONE', *, *, #3846, .F. ) ;
#5662 = AXIS2_PLACEMENT_3D ( 'NONE', #964, #1612, #3318 ) ;
#5663 = EDGE_CURVE ( 'NONE', #5765, #4056, #5407, .T. ) ;
#5664 = ORIENTED_EDGE ( 'NONE', *, *, #350, .F. ) ;
#5665 = PLANE ( 'NONE',  #6394 ) ;
#5666 = VECTOR ( 'NONE', #4537, 1000.000000000000000 ) ;
#5667 = DIRECTION ( 'NONE',  ( 0.000000000000000000, -1.000000000000000000, 0.000000000000000000 ) ) ;
#5668 = ORIENTED_EDGE ( 'NONE', *, *, #3680, .F. ) ;
#5669 = EDGE_CURVE ( 'NONE', #6959, #835, #5298, .T. ) ;
#5670 = SURFACE_STYLE_FILL_AREA ( #3511 ) ;
#5671 = ORIENTED_EDGE ( 'NONE', *, *, #3608, .F. ) ;
#5672 = EDGE_CURVE ( 'NONE', #4839, #2717, #6596, .T. ) ;
#5673 = EDGE_CURVE ( 'NONE', #4483, #5471, #2723, .T. ) ;
#5674 = CARTESIAN_POINT ( 'NONE',  ( -4.538000000000000256, 2.920999999999999819, 0.3770000000000000018 ) ) ;
#5675 = DIRECTION ( 'NONE',  ( 1.000000000000000000, 0.000000000000000000, 0.000000000000000000 ) ) ;
#5676 = DIRECTION ( 'NONE',  ( 0.000000000000000000, 0.000000000000000000, -1.000000000000000000 ) ) ;
#5677 = DIRECTION ( 'NONE',  ( 1.000000000000000000, 0.000000000000000000, 0.000000000000000000 ) ) ;
#5678 = CARTESIAN_POINT ( 'NONE',  ( -3.797000000000000153, -4.191000000000000725, 1.320999999999999952 ) ) ;
#5679 = LINE ( 'NONE', #6323, #784 ) ;
#5680 = EDGE_LOOP ( 'NONE', ( #7422, #3687, #4771, #2417 ) ) ;
#5681 = DIRECTION ( 'NONE',  ( 0.000000000000000000, 0.000000000000000000, -1.000000000000000000 ) ) ;
#5682 = CARTESIAN_POINT ( 'NONE',  ( 4.335256734746894658, 0.5503333333333333410, 1.133069161197122865 ) ) ;
#5683 = ORIENTED_EDGE ( 'NONE', *, *, #5993, .F. ) ;
#5684 = CARTESIAN_POINT ( 'NONE',  ( -5.028999999999999915, -1.650999999999999801, 0.000000000000000000 ) ) ;
#5685 = CARTESIAN_POINT ( 'NONE',  ( -4.538000000000000256, 4.191000000000000725, 0.3770000000000000018 ) ) ;
#5686 = DIRECTION ( 'NONE',  ( 0.000000000000000000, 1.000000000000000000, 0.000000000000000000 ) ) ;
#5687 = LINE ( 'NONE', #5227, #4258 ) ;
#5688 = ORIENTED_EDGE ( 'NONE', *, *, #3472, .T. ) ;
#5689 = EDGE_CURVE ( 'NONE', #925, #4952, #4567, .T. ) ;
#5690 = CARTESIAN_POINT ( 'NONE',  ( -4.783000000000000362, 0.3810000000000000053, 0.4420000000000000040 ) ) ;
#5691 = CARTESIAN_POINT ( 'NONE',  ( -5.028999999999999915, 0.8890000000000000124, 0.000000000000000000 ) ) ;
#5692 = AXIS2_PLACEMENT_3D ( 'NONE', #1490, #2153, #7467 ) ;
#5693 = DIRECTION ( 'NONE',  ( 0.000000000000000000, -1.000000000000000000, 0.000000000000000000 ) ) ;
#5694 = EDGE_LOOP ( 'NONE', ( #2766, #1961, #3121, #6847 ) ) ;
#5695 = ORIENTED_EDGE ( 'NONE', *, *, #3666, .T. ) ;
#5696 = CARTESIAN_POINT ( 'NONE',  ( -4.538000000000000256, 0.8890000000000000124, 0.3770000000000000018 ) ) ;
#5697 = VECTOR ( 'NONE', #683, 1000.000000000000000 ) ;
#5698 = DIRECTION ( 'NONE',  ( 0.000000000000000000, -1.000000000000000000, 0.000000000000000000 ) ) ;
#5699 = CARTESIAN_POINT ( 'NONE',  ( -5.321000000000000618, 0.3810000000000000053, 0.2540000000000000036 ) ) ;
#5700 = VECTOR ( 'NONE', #4906, 1000.000000000000000 ) ;
#5701 = ORIENTED_EDGE ( 'NONE', *, *, #4718, .F. ) ;
#5702 = VECTOR ( 'NONE', #4699, 1000.000000000000000 ) ;
#5703 = VECTOR ( 'NONE', #2465, 1000.000000000000000 ) ;
#5704 = EDGE_LOOP ( 'NONE', ( #1776, #7144, #1578, #6430 ) ) ;
#5705 = ADVANCED_FACE ( 'NONE', ( #3493 ), #4671, .T. ) ;
#5706 = CARTESIAN_POINT ( 'NONE',  ( -5.028999999999999915, -2.920999999999999819, 0.000000000000000000 ) ) ;
#5707 = DIRECTION ( 'NONE',  ( 0.000000000000000000, -1.000000000000000000, 0.000000000000000000 ) ) ;
#5708 = ORIENTED_EDGE ( 'NONE', *, *, #2028, .F. ) ;
#5709 = ORIENTED_EDGE ( 'NONE', *, *, #3550, .T. ) ;
#5710 = CARTESIAN_POINT ( 'NONE',  ( 4.581000000000000405, -2.920999999999999819, 1.197999999999999954 ) ) ;
#5711 = LINE ( 'NONE', #523, #4466 ) ;
#5712 = LINE ( 'NONE', #4552, #3949 ) ;
#5713 = DIRECTION ( 'NONE',  ( 0.000000000000000000, -1.000000000000000000, 0.000000000000000000 ) ) ;
#5714 = CARTESIAN_POINT ( 'NONE',  ( -4.335256734746894658, 0.7196666666666667878, 1.133069161197122865 ) ) ;
#5715 = B_SPLINE_CURVE_WITH_KNOTS ( 'NONE', 3,
 ( #1456, #782, #747, #7273 ),
 .UNSPECIFIED., .F., .F.,
 ( 4, 4 ),
 ( 0.000000000000000000, 1.000000000000000000 ),
 .UNSPECIFIED. ) ;
#5716 = EDGE_CURVE ( 'NONE', #1007, #6558, #1777, .T. ) ;
#5717 = CARTESIAN_POINT ( 'NONE',  ( 5.321000000000000618, -0.3810000000000000053, 0.2540000000000000036 ) ) ;
#5718 = ORIENTED_EDGE ( 'NONE', *, *, #6642, .T. ) ;
#5719 = CARTESIAN_POINT ( 'NONE',  ( -4.089999999999999858, 2.920999999999999819, 1.320999999999999952 ) ) ;
#5720 = CARTESIAN_POINT ( 'NONE',  ( -4.783675919342393890, 4.529666666666667396, 0.4421813442138124439 ) ) ;
#5721 = ORIENTED_EDGE ( 'NONE', *, *, #2865, .T. ) ;
#5722 = CARTESIAN_POINT ( 'NONE',  ( 3.797000000000000153, -2.920999999999999819, 1.574999999999999956 ) ) ;
#5723 = CYLINDRICAL_SURFACE ( 'NONE', #7489, 0.1898650000000000060 ) ;
#5724 = CARTESIAN_POINT ( 'NONE',  ( 4.538169246415237446, -1.989666666666666472, 0.3770451553572226611 ) ) ;
#5725 = DIRECTION ( 'NONE',  ( -0.000000000000000000, 1.000000000000000000, 0.000000000000000000 ) ) ;
#5726 = CARTESIAN_POINT ( 'NONE',  ( -4.089999999999999858, 2.920999999999999819, 1.066999999999999948 ) ) ;
#5727 =( NAMED_UNIT ( * ) SI_UNIT ( $, .STERADIAN. ) SOLID_ANGLE_UNIT ( ) );
#5728 = SURFACE_SIDE_STYLE ('',( #2256 ) ) ;
#5729 = VERTEX_POINT ( 'NONE', #6443 ) ;
#5730 = ORIENTED_EDGE ( 'NONE', *, *, #1558, .T. ) ;
#5731 = VECTOR ( 'NONE', #4775, 1000.000000000000000 ) ;
#5732 = CARTESIAN_POINT ( 'NONE',  ( 5.321000000000000618, 1.650999999999999801, 0.000000000000000000 ) ) ;
#5733 = EDGE_CURVE ( 'NONE', #6645, #3839, #4239, .T. ) ;
#5734 = LINE ( 'NONE', #5617, #5912 ) ;
#5735 = CARTESIAN_POINT ( 'NONE',  ( 4.470144042195333789, -3.429000000000000270, 0.6289492480282171671 ) ) ;
#5736 = ORIENTED_EDGE ( 'NONE', *, *, #7, .T. ) ;
#5737 = VECTOR ( 'NONE', #4038, 1000.000000000000000 ) ;
#5738 = VERTEX_POINT ( 'NONE', #104 ) ;
#5739 = PLANE ( 'NONE',  #159 ) ;
#5740 = CARTESIAN_POINT ( 'NONE',  ( -5.321000000000000618, -2.920999999999999819, 0.000000000000000000 ) ) ;
#5741 = FACE_OUTER_BOUND ( 'NONE', #1754, .T. ) ;
#5742 = EDGE_LOOP ( 'NONE', ( #4101, #5005, #87, #6225 ) ) ;
#5743 = CIRCLE ( 'NONE', #833, 0.2539999999999996705 ) ;
#5744 = ORIENTED_EDGE ( 'NONE', *, *, #7435, .F. ) ;
#5745 = VECTOR ( 'NONE', #2680, 1000.000000000000000 ) ;
#5746 = CARTESIAN_POINT ( 'NONE',  ( 3.797000000000000153, -2.920999999999999819, 1.574999999999999956 ) ) ;
#5747 = CYLINDRICAL_SURFACE ( 'NONE', #4593, 0.5080000000000000071 ) ;
#5748 = FACE_OUTER_BOUND ( 'NONE', #2394, .T. ) ;
#5749 = CYLINDRICAL_SURFACE ( 'NONE', #3609, 0.5080000000000000071 ) ;
#5750 = CARTESIAN_POINT ( 'NONE',  ( 5.028999999999999915, -4.191000000000000725, 0.2540000000000000036 ) ) ;
#5751 = EDGE_CURVE ( 'NONE', #6260, #4193, #714, .T. ) ;
#5752 = VECTOR ( 'NONE', #4538, 1000.000000000000000 ) ;
#5753 = VECTOR ( 'NONE', #4978, 1000.000000000000000 ) ;
#5754 = DIRECTION ( 'NONE',  ( 1.000000000000000000, 0.000000000000000000, 0.000000000000000000 ) ) ;
#5755 = ORIENTED_EDGE ( 'NONE', *, *, #700, .F. ) ;
#5756 = CARTESIAN_POINT ( 'NONE',  ( -4.334999999999999964, -2.920999999999999819, 1.132999999999999785 ) ) ;
#5757 = DIRECTION ( 'NONE',  ( -0.2589693139543370881, 0.000000000000000000, 0.9658855493432024764 ) ) ;
#5758 = ORIENTED_EDGE ( 'NONE', *, *, #6694, .F. ) ;
#5759 = DIRECTION ( 'NONE',  ( -1.000000000000000000, 0.000000000000000000, 0.000000000000000000 ) ) ;
#5760 = CARTESIAN_POINT ( 'NONE',  ( 4.089999999999999858, 1.650999999999999801, 1.320999999999999952 ) ) ;
#5761 = PLANE ( 'NONE',  #2416 ) ;
#5762 = LINE ( 'NONE', #504, #5814 ) ;
#5763 = EDGE_CURVE ( 'NONE', #5209, #27, #7582, .T. ) ;
#5764 = DIRECTION ( 'NONE',  ( -0.7931070766835157659, 0.000000000000000000, 0.6090822316522848112 ) ) ;
#5765 = VERTEX_POINT ( 'NONE', #4818 ) ;
#5766 = EDGE_CURVE ( 'NONE', #4057, #677, #2986, .T. ) ;
#5767 = ORIENTED_EDGE ( 'NONE', *, *, #5518, .T. ) ;
#5768 = ADVANCED_FACE ( 'NONE', ( #61 ), #6516, .T. ) ;
#5769 = CARTESIAN_POINT ( 'NONE',  ( -1.265666666666664053, -5.244504113622239672, 1.306047844313835249 ) ) ;
#5770 = ORIENTED_EDGE ( 'NONE', *, *, #7595, .T. ) ;
#5771 = CYLINDRICAL_SURFACE ( 'NONE', #5662, 0.5080000000000000071 ) ;
#5772 = DIRECTION ( 'NONE',  ( 0.000000000000000000, 0.000000000000000000, 1.000000000000000000 ) ) ;
#5773 = VERTEX_POINT ( 'NONE', #7128 ) ;
#5774 = EDGE_CURVE ( 'NONE', #6915, #2973, #1283, .T. ) ;
#5775 = EDGE_CURVE ( 'NONE', #7009, #744, #715, .T. ) ;
#5776 = ORIENTED_EDGE ( 'NONE', *, *, #4459, .F. ) ;
#5777 = CARTESIAN_POINT ( 'NONE',  ( 4.089999999999999858, -2.158999999999999808, 1.066999999999999948 ) ) ;
#5778 = CARTESIAN_POINT ( 'NONE',  ( 4.580830753584762327, 1.820333333333333359, 1.197954844642777461 ) ) ;
#5779 = ORIENTED_EDGE ( 'NONE', *, *, #5533, .F. ) ;
#5780 = ADVANCED_FACE ( 'NONE', ( #1972 ), #3174, .T. ) ;
#5781 = ORIENTED_EDGE ( 'NONE', *, *, #4347, .T. ) ;
#5782 = VECTOR ( 'NONE', #4841, 1000.000000000000000 ) ;
#5783 = DIRECTION ( 'NONE',  ( -0.9658855493432024764, 0.000000000000000000, -0.2589693139543370881 ) ) ;
#5784 = DIRECTION ( 'NONE',  ( 0.9473747608415301613, 0.000000000000000000, 0.3201266351312455627 ) ) ;
#5785 = CARTESIAN_POINT ( 'NONE',  ( -2.586999999999999744, 4.270000000000000462, 2.641999999999999904 ) ) ;
#5786 = CARTESIAN_POINT ( 'NONE',  ( -4.334999999999999964, 0.3810000000000000053, 1.132999999999999785 ) ) ;
#5787 = FILL_AREA_STYLE_COLOUR ( '', #5479 ) ;
#5788 = ORIENTED_EDGE ( 'NONE', *, *, #125, .F. ) ;
#5789 = CARTESIAN_POINT ( 'NONE',  ( 3.797000000000000153, 1.650999999999999801, 1.320999999999999952 ) ) ;
#5790 = B_SPLINE_CURVE_WITH_KNOTS ( 'NONE', 3,
 ( #582, #546, #5, #3641 ),
 .UNSPECIFIED., .F., .F.,
 ( 4, 4 ),
 ( 0.000000000000000000, 1.000000000000000000 ),
 .UNSPECIFIED. ) ;
#5791 = CARTESIAN_POINT ( 'NONE',  ( -5.321000000000000618, 4.698999999999999844, 0.000000000000000000 ) ) ;
#5792 = ORIENTED_EDGE ( 'NONE', *, *, #2418, .T. ) ;
#5793 = LINE ( 'NONE', #3496, #4948 ) ;
#5794 = CARTESIAN_POINT ( 'NONE',  ( 5.028999999999999915, -2.158999999999999808, 0.000000000000000000 ) ) ;
#5795 = EDGE_CURVE ( 'NONE', #1959, #2848, #7278, .T. ) ;
#5796 = CARTESIAN_POINT ( 'NONE',  ( -5.028999999999999915, -0.3810000000000000053, 0.000000000000000000 ) ) ;
#5797 =( NAMED_UNIT ( * ) PLANE_ANGLE_UNIT ( ) SI_UNIT ( $, .RADIAN. ) );
#5798 = CARTESIAN_POINT ( 'NONE',  ( -1.147333333333333538, 5.169027938546406631, 2.642002017628226174 ) ) ;
#5799 =( NAMED_UNIT ( * ) SI_UNIT ( $, .STERADIAN. ) SOLID_ANGLE_UNIT ( ) );
#5800 = VERTEX_POINT ( 'NONE', #6050 ) ;
#5801 = ORIENTED_EDGE ( 'NONE', *, *, #5763, .T. ) ;
#5802 = CARTESIAN_POINT ( 'NONE',  ( -4.334999999999999964, -1.650999999999999801, 1.132999999999999785 ) ) ;
#5803 = CARTESIAN_POINT ( 'NONE',  ( -4.581000000000000405, 2.920999999999999819, 1.197999999999999954 ) ) ;
#5804 = LINE ( 'NONE', #5195, #3426 ) ;
#5805 = ADVANCED_FACE ( 'NONE', ( #7317 ), #4281, .T. ) ;
#5806 = PRODUCT_DEFINITION ( 'UNKNOWN', '', #4582, #5934 ) ;
#5807 = ORIENTED_EDGE ( 'NONE', *, *, #2081, .F. ) ;
#5808 = EDGE_CURVE ( 'NONE', #70, #1461, #2622, .T. ) ;
#5809 = DIRECTION ( 'NONE',  ( 0.000000000000000000, -1.000000000000000000, 0.000000000000000000 ) ) ;
#5810 = ORIENTED_EDGE ( 'NONE', *, *, #4660, .F. ) ;
#5811 = CARTESIAN_POINT ( 'NONE',  ( -4.783675919342393890, -3.090333333333333599, 0.4421813442138124439 ) ) ;
#5812 = LINE ( 'NONE', #4833, #6595 ) ;
#5813 = ORIENTED_EDGE ( 'NONE', *, *, #1454, .T. ) ;
#5814 = VECTOR ( 'NONE', #3311, 1000.000000000000000 ) ;
#5815 = CIRCLE ( 'NONE', #293, 0.5080000000000001181 ) ;
#5816 = ORIENTED_EDGE ( 'NONE', *, *, #700, .T. ) ;
#5817 = VERTEX_POINT ( 'NONE', #4852 ) ;
#5818 = CARTESIAN_POINT ( 'NONE',  ( 5.321000000000000618, 2.158999999999999808, 0.2540000000000000036 ) ) ;
#5819 = CARTESIAN_POINT ( 'NONE',  ( -5.321000000000000618, -4.698999999999999844, 0.2540000000000000036 ) ) ;
#5820 = EDGE_CURVE ( 'NONE', #4313, #1719, #7201, .T. ) ;
#5821 = LINE ( 'NONE', #6360, #6301 ) ;
#5822 = VECTOR ( 'NONE', #6283, 1000.000000000000000 ) ;
#5823 = DIRECTION ( 'NONE',  ( -0.7931070766835157659, 0.000000000000000000, 0.6090822316522848112 ) ) ;
#5824 = ORIENTED_EDGE ( 'NONE', *, *, #1997, .T. ) ;
#5825 = DIRECTION ( 'NONE',  ( 0.000000000000000000, -1.000000000000000000, 0.000000000000000000 ) ) ;
#5826 = FACE_OUTER_BOUND ( 'NONE', #4621, .T. ) ;
#5827 = ORIENTED_EDGE ( 'NONE', *, *, #3235, .T. ) ;
#5828 = DIRECTION ( 'NONE',  ( 0.000000000000000000, -1.000000000000000000, 0.000000000000000000 ) ) ;
#5829 = CARTESIAN_POINT ( 'NONE',  ( -5.028999999999999915, -2.158999999999999808, 0.000000000000000000 ) ) ;
#5830 = DIRECTION ( 'NONE',  ( 0.7931070766835157659, 0.000000000000000000, -0.6090822316522849222 ) ) ;
#5831 = CARTESIAN_POINT ( 'NONE',  ( 4.580830753584762327, -1.989666666666666472, 1.197954844642777461 ) ) ;
#5832 = EDGE_CURVE ( 'NONE', #3238, #1741, #3210, .T. ) ;
#5833 = LINE ( 'NONE', #7097, #6542 ) ;
#5834 = PLANE ( 'NONE',  #3298 ) ;
#5835 = FILL_AREA_STYLE ('',( #4074 ) ) ;
#5836 = ORIENTED_EDGE ( 'NONE', *, *, #1800, .F. ) ;
#5837 = ORIENTED_EDGE ( 'NONE', *, *, #6749, .T. ) ;
#5838 = FACE_OUTER_BOUND ( 'NONE', #50, .T. ) ;
#5839 = CARTESIAN_POINT ( 'NONE',  ( -4.470144042195333789, 4.698999999999999844, 0.6289492480282171671 ) ) ;
#5840 = LINE ( 'NONE', #1646, #5265 ) ;
#5841 = ORIENTED_EDGE ( 'NONE', *, *, #3067, .T. ) ;
#5842 = EDGE_CURVE ( 'NONE', #6434, #7109, #3095, .T. ) ;
#5843 =( LENGTH_UNIT ( ) NAMED_UNIT ( * ) SI_UNIT ( .MILLI., .METRE. ) );
#5844 = AXIS2_PLACEMENT_3D ( 'NONE', #1816, #5334, #6364 ) ;
#5845 = ORIENTED_EDGE ( 'NONE', *, *, #5045, .F. ) ;
#5846 = CLOSED_SHELL ( 'NONE', ( #4478, #5210, #1948, #7593, #5201, #3120, #5067, #2102, #4035, #585, #2702, #5040, #5247, #321 ) ) ;
#5847 = B_SPLINE_CURVE_WITH_KNOTS ( 'NONE', 3,
 ( #3507, #581, #5769, #4 ),
 .UNSPECIFIED., .F., .F.,
 ( 4, 4 ),
 ( 0.000000000000000000, 1.000000000000000000 ),
 .UNSPECIFIED. ) ;
#5848 = EDGE_CURVE ( 'NONE', #3847, #1552, #6111, .T. ) ;
#5849 = DIRECTION ( 'NONE',  ( 0.000000000000000000, 0.000000000000000000, 1.000000000000000000 ) ) ;
#5850 = VECTOR ( 'NONE', #2419, 1000.000000000000000 ) ;
#5851 = LINE ( 'NONE', #3692, #2047 ) ;
#5852 = ORIENTED_EDGE ( 'NONE', *, *, #6598, .F. ) ;
#5853 = VECTOR ( 'NONE', #7147, 1000.000000000000000 ) ;
#5854 = ORIENTED_EDGE ( 'NONE', *, *, #1426, .T. ) ;
#5855 = ADVANCED_FACE ( 'NONE', ( #2012 ), #4358, .T. ) ;
#5856 = ORIENTED_EDGE ( 'NONE', *, *, #7591, .F. ) ;
#5857 = EDGE_LOOP ( 'NONE', ( #1860, #6325, #7539, #7423 ) ) ;
#5858 = EDGE_CURVE ( 'NONE', #1570, #5461, #5554, .T. ) ;
#5859 = DIRECTION ( 'NONE',  ( 0.7931070766835157659, 0.000000000000000000, -0.6090822316522849222 ) ) ;
#5860 = DIRECTION ( 'NONE',  ( 0.7931070766835157659, 0.000000000000000000, 0.6090822316522848112 ) ) ;
#5861 = EDGE_CURVE ( 'NONE', #3723, #4113, #1179, .T. ) ;
#5862 = AXIS2_PLACEMENT_3D ( 'NONE', #1590, #1024, #5096 ) ;
#5863 = AXIS2_PLACEMENT_3D ( 'NONE', #2073, #2608, #2730 ) ;
#5864 = DIRECTION ( 'NONE',  ( 0.7931070766835153218, 0.000000000000000000, -0.6090822316522856994 ) ) ;
#5865 = CARTESIAN_POINT ( 'NONE',  ( 3.797000000000000153, 4.698999999999999844, 1.320999999999999952 ) ) ;
#5866 = DIRECTION ( 'NONE',  ( 0.000000000000000000, 1.000000000000000000, 0.000000000000000000 ) ) ;
#5867 = ORIENTED_EDGE ( 'NONE', *, *, #3981, .T. ) ;
#5868 = EDGE_CURVE ( 'NONE', #4273, #7415, #5968, .T. ) ;
#5869 = VECTOR ( 'NONE', #6776, 1000.000000000000000 ) ;
#5870 = VECTOR ( 'NONE', #1668, 1000.000000000000000 ) ;
#5871 = CARTESIAN_POINT ( 'NONE',  ( -5.321000000000000618, -1.650999999999999801, 0.000000000000000000 ) ) ;
#5872 = ORIENTED_EDGE ( 'NONE', *, *, #4010, .T. ) ;
#5873 = CARTESIAN_POINT ( 'NONE',  ( -3.797000000000000153, -0.3810000000000000053, 1.574999999999999956 ) ) ;
#5874 = DIRECTION ( 'NONE',  ( 0.000000000000000000, -1.000000000000000000, 0.000000000000000000 ) ) ;
#5875 = CYLINDRICAL_SURFACE ( 'NONE', #3053, 0.5080000000000000071 ) ;
#5876 = AXIS2_PLACEMENT_3D ( 'NONE', #5884, #4793, #3075 ) ;
#5877 = CARTESIAN_POINT ( 'NONE',  ( 4.581000000000000405, 2.920999999999999819, 1.197999999999999954 ) ) ;
#5878 = CARTESIAN_POINT ( 'NONE',  ( 4.538169246415237446, -0.5503333333333333410, 0.3770451553572226611 ) ) ;
#5879 = CARTESIAN_POINT ( 'NONE',  ( 5.321000000000000618, 0.8890000000000000124, 0.000000000000000000 ) ) ;
#5880 = VERTEX_POINT ( 'NONE', #3747 ) ;
#5881 = CIRCLE ( 'NONE', #7594, 0.5080000000000001181 ) ;
#5882 = VERTEX_POINT ( 'NONE', #6087 ) ;
#5883 = CARTESIAN_POINT ( 'NONE',  ( 4.538000000000000256, -1.650999999999999801, 0.3770000000000000018 ) ) ;
#5884 = CARTESIAN_POINT ( 'NONE',  ( -3.797000000000000153, -0.3810000000000000053, 1.320999999999999952 ) ) ;
#5885 = VERTEX_POINT ( 'NONE', #898 ) ;
#5886 = CARTESIAN_POINT ( 'NONE',  ( -3.620000000000000107, 5.142999999999999794, 0.2540000000000000036 ) ) ;
#5887 = ORIENTED_EDGE ( 'NONE', *, *, #5006, .F. ) ;
#5888 = LINE ( 'NONE', #6202, #2037 ) ;
#5889 = B_SPLINE_CURVE_WITH_KNOTS ( 'NONE', 3,
 ( #7282, #1364, #4360, #4284 ),
 .UNSPECIFIED., .F., .F.,
 ( 4, 4 ),
 ( 0.000000000000000000, 1.000000000000000000 ),
 .UNSPECIFIED. ) ;
#5890 = DIRECTION ( 'NONE',  ( -0.7931070766835157659, 0.000000000000000000, -0.6090822316522849222 ) ) ;
#5891 = EDGE_CURVE ( 'NONE', #7114, #5542, #826, .T. ) ;
#5892 = COLOUR_RGB ( '',0.5843137254901961120, 0.5843137254901961120, 0.5843137254901961120 ) ;
#5893 = ORIENTED_EDGE ( 'NONE', *, *, #365, .T. ) ;
#5894 = VERTEX_POINT ( 'NONE', #6127 ) ;
#5895 = ORIENTED_EDGE ( 'NONE', *, *, #6840, .T. ) ;
#5896 = ORIENTED_EDGE ( 'NONE', *, *, #2544, .T. ) ;
#5897 = VECTOR ( 'NONE', #1173, 1000.000000000000000 ) ;
#5898 = CARTESIAN_POINT ( 'NONE',  ( -4.089999999999999858, 1.650999999999999801, 1.574999999999999956 ) ) ;
#5899 = CARTESIAN_POINT ( 'NONE',  ( -5.321000000000000618, -3.429000000000000270, 0.2540000000000000036 ) ) ;
#5900 = DIRECTION ( 'NONE',  ( 0.000000000000000000, -1.000000000000000000, 0.000000000000000000 ) ) ;
#5901 = EDGE_CURVE ( 'NONE', #4159, #4692, #2584, .T. ) ;
#5902 = LINE ( 'NONE', #6513, #3019 ) ;
#5903 = EDGE_CURVE ( 'NONE', #1093, #3551, #332, .T. ) ;
#5904 = CIRCLE ( 'NONE', #5296, 0.2540000000000003366 ) ;
#5905 = ORIENTED_EDGE ( 'NONE', *, *, #154, .T. ) ;
#5906 = DIRECTION ( 'NONE',  ( 0.000000000000000000, 0.000000000000000000, -1.000000000000000000 ) ) ;
#5907 = ORIENTED_EDGE ( 'NONE', *, *, #6797, .T. ) ;
#5908 = CARTESIAN_POINT ( 'NONE',  ( 5.321000000000000618, -2.158999999999999808, 0.2540000000000000036 ) ) ;
#5909 = DIRECTION ( 'NONE',  ( 0.000000000000000000, 1.000000000000000000, 0.000000000000000000 ) ) ;
#5910 = PRESENTATION_LAYER_ASSIGNMENT (  '', '', ( #6504 ) ) ;
#5911 = FACE_OUTER_BOUND ( 'NONE', #5632, .T. ) ;
#5912 = VECTOR ( 'NONE', #2072, 1000.000000000000000 ) ;
#5913 = LINE ( 'NONE', #3102, #3002 ) ;
#5914 = CARTESIAN_POINT ( 'NONE',  ( 4.538000000000000256, -4.191000000000000725, 0.3770000000000000018 ) ) ;
#5915 = SURFACE_SIDE_STYLE ('',( #1901 ) ) ;
#5916 = EDGE_LOOP ( 'NONE', ( #1620, #2712, #5280, #4446 ) ) ;
#5917 = VERTEX_POINT ( 'NONE', #6163 ) ;
#5918 = CARTESIAN_POINT ( 'NONE',  ( 4.581000000000000405, 4.698999999999999844, 1.197999999999999954 ) ) ;
#5919 = CARTESIAN_POINT ( 'NONE',  ( -5.028999999999999915, 1.650999999999999801, 0.5080000000000000071 ) ) ;
#5920 = ADVANCED_FACE ( 'NONE', ( #3246 ), #328, .T. ) ;
#5921 = ORIENTED_EDGE ( 'NONE', *, *, #6781, .F. ) ;
#5922 =( LENGTH_UNIT ( ) NAMED_UNIT ( * ) SI_UNIT ( .MILLI., .METRE. ) );
#5923 = ORIENTED_EDGE ( 'NONE', *, *, #4048, .T. ) ;
#5924 = LINE ( 'NONE', #123, #3152 ) ;
#5925 = DIRECTION ( 'NONE',  ( -0.7931070766835157659, 0.000000000000000000, 0.6090822316522848112 ) ) ;
#5926 = ORIENTED_EDGE ( 'NONE', *, *, #2331, .T. ) ;
#5927 = ORIENTED_EDGE ( 'NONE', *, *, #4686, .T. ) ;
#5928 = ADVANCED_FACE ( 'NONE', ( #3290 ), #5637, .T. ) ;
#5929 = ORIENTED_EDGE ( 'NONE', *, *, #5991, .F. ) ;
#5930 = EDGE_LOOP ( 'NONE', ( #2560, #6689, #1154, #6477 ) ) ;
#5931 = FACE_OUTER_BOUND ( 'NONE', #359, .T. ) ;
#5932 = CARTESIAN_POINT ( 'NONE',  ( 3.797000000000000153, 1.650999999999999801, 1.320999999999999952 ) ) ;
#5933 = VECTOR ( 'NONE', #467, 1000.000000000000000 ) ;
#5934 = PRODUCT_DEFINITION_CONTEXT ( 'detailed design', #1888, 'design' ) ;
#5935 = CARTESIAN_POINT ( 'NONE',  ( -5.321000000000000618, 2.158999999999999808, 0.2540000000000000036 ) ) ;
#5936 = VECTOR ( 'NONE', #5418, 1000.000000000000000 ) ;
#5937 = PLANE ( 'NONE',  #690 ) ;
#5938 = ORIENTED_EDGE ( 'NONE', *, *, #99, .F. ) ;
#5939 = AXIS2_PLACEMENT_3D ( 'NONE', #6169, #6868, #5175 ) ;
#5940 = DIRECTION ( 'NONE',  ( -1.000000000000000000, 0.000000000000000000, 0.000000000000000000 ) ) ;
#5941 = VERTEX_POINT ( 'NONE', #1020 ) ;
#5942 = VECTOR ( 'NONE', #7167, 1000.000000000000000 ) ;
#5943 = LINE ( 'NONE', #2476, #5942 ) ;
#5944 = CARTESIAN_POINT ( 'NONE',  ( 3.560704370152529386, 5.194342930632751099, 2.291459696654821521 ) ) ;
#5945 = EDGE_CURVE ( 'NONE', #7346, #2985, #5169, .T. ) ;
#5946 = DIRECTION ( 'NONE',  ( 0.000000000000000000, -1.000000000000000000, 0.000000000000000000 ) ) ;
#5947 = CARTESIAN_POINT ( 'NONE',  ( 4.089999999999999858, -0.8890000000000000124, 1.574999999999999956 ) ) ;
#5948 = SURFACE_SIDE_STYLE ('',( #725 ) ) ;
#5949 = CARTESIAN_POINT ( 'NONE',  ( -3.797000000000000153, 2.920999999999999819, 1.320999999999999952 ) ) ;
#5950 = ORIENTED_EDGE ( 'NONE', *, *, #6694, .T. ) ;
#5951 = ORIENTED_EDGE ( 'NONE', *, *, #1145, .T. ) ;
#5952 = CARTESIAN_POINT ( 'NONE',  ( 3.797000000000000153, 3.429000000000000270, 1.574999999999999956 ) ) ;
#5953 = PLANE ( 'NONE',  #5876 ) ;
#5954 = EDGE_LOOP ( 'NONE', ( #5285, #3512, #2021, #1921, #469, #6252, #203, #6603, #11, #7543, #1743, #6266 ) ) ;
#5955 = FACE_OUTER_BOUND ( 'NONE', #777, .T. ) ;
#5956 = EDGE_CURVE ( 'NONE', #5738, #2085, #696, .T. ) ;
#5957 = VERTEX_POINT ( 'NONE', #5710 ) ;
#5958 = DIRECTION ( 'NONE',  ( 0.000000000000000000, 1.000000000000000000, 0.000000000000000000 ) ) ;
#5959 = DIRECTION ( 'NONE',  ( 0.7931070766835157659, 0.000000000000000000, 0.6090822316522848112 ) ) ;
#5960 = ORIENTED_EDGE ( 'NONE', *, *, #2005, .F. ) ;
#5961 = VERTEX_POINT ( 'NONE', #445 ) ;
#5962 = ORIENTED_EDGE ( 'NONE', *, *, #7356, .F. ) ;
#5963 = ORIENTED_EDGE ( 'NONE', *, *, #6194, .F. ) ;
#5964 = CARTESIAN_POINT ( 'NONE',  ( -3.797000000000000153, 5.244999999999999218, 1.306000000000000050 ) ) ;
#5965 = DIRECTION ( 'NONE',  ( 0.000000000000000000, -1.000000000000000000, 0.000000000000000000 ) ) ;
#5966 = MECHANICAL_DESIGN_GEOMETRIC_PRESENTATION_REPRESENTATION (  '', ( #4617 ), #7474 ) ;
#5967 = DIRECTION ( 'NONE',  ( 0.000000000000000000, 1.000000000000000000, 0.000000000000000000 ) ) ;
#5968 = CIRCLE ( 'NONE', #1306, 0.5080000000000001181 ) ;
#5969 = CARTESIAN_POINT ( 'NONE',  ( -3.797000000000000153, -0.8890000000000000124, 1.320999999999999952 ) ) ;
#5970 = VERTEX_POINT ( 'NONE', #5051 ) ;
#5971 = VECTOR ( 'NONE', #5182, 1000.000000000000000 ) ;
#5972 = DIRECTION ( 'NONE',  ( 1.000000000000000000, 0.000000000000000000, 0.000000000000000000 ) ) ;
#5973 = ORIENTED_EDGE ( 'NONE', *, *, #4985, .F. ) ;
#5974 = DIRECTION ( 'NONE',  ( -1.000000000000000000, 0.000000000000000000, 0.000000000000000000 ) ) ;
#5975 = DIRECTION ( 'NONE',  ( 0.000000000000000000, 0.000000000000000000, 1.000000000000000000 ) ) ;
#5976 = DIRECTION ( 'NONE',  ( 1.000000000000000000, 0.000000000000000000, 0.000000000000000000 ) ) ;
#5977 = DIRECTION ( 'NONE',  ( 0.000000000000000000, 0.9953778175862695310, -0.09603645275204206189 ) ) ;
#5978 = EDGE_CURVE ( 'NONE', #7391, #1253, #1585, .T. ) ;
#5979 = VECTOR ( 'NONE', #3761, 1000.000000000000000 ) ;
#5980 = AXIS2_PLACEMENT_3D ( 'NONE', #6254, #3454, #993 ) ;
#5981 = DIRECTION ( 'NONE',  ( -0.7931070766835157659, 0.000000000000000000, -0.6090822316522849222 ) ) ;
#5982 = ORIENTED_EDGE ( 'NONE', *, *, #1760, .F. ) ;
#5983 = DIRECTION ( 'NONE',  ( 0.7931070766835157659, 0.000000000000000000, 0.6090822316522848112 ) ) ;
#5984 = PLANE ( 'NONE',  #2927 ) ;
#5985 = ORIENTED_EDGE ( 'NONE', *, *, #4778, .T. ) ;
#5986 = LINE ( 'NONE', #4253, #6802 ) ;
#5987 = AXIS2_PLACEMENT_3D ( 'NONE', #691, #4716, #1263 ) ;
#5988 = DIRECTION ( 'NONE',  ( -1.000000000000000000, 0.000000000000000000, 0.000000000000000000 ) ) ;
#5989 = CARTESIAN_POINT ( 'NONE',  ( -5.028999999999999915, -4.191000000000000725, 0.2540000000000000036 ) ) ;
#5990 = ORIENTED_EDGE ( 'NONE', *, *, #5056, .F. ) ;
#5991 = EDGE_CURVE ( 'NONE', #1522, #4729, #4513, .T. ) ;
#5992 = AXIS2_PLACEMENT_3D ( 'NONE', #6056, #7245, #4362 ) ;
#5993 = EDGE_CURVE ( 'NONE', #3096, #5729, #3982, .T. ) ;
#5994 = VECTOR ( 'NONE', #5825, 1000.000000000000000 ) ;
#5995 = DIRECTION ( 'NONE',  ( 0.000000000000000000, 1.000000000000000000, 0.000000000000000000 ) ) ;
#5996 = EDGE_CURVE ( 'NONE', #2942, #4120, #3369, .T. ) ;
#5997 = EDGE_LOOP ( 'NONE', ( #262, #4124, #3245, #5836 ) ) ;
#5998 = PLANE ( 'NONE',  #584 ) ;
#5999 = PLANE ( 'NONE',  #2092 ) ;
#6000 = ORIENTED_EDGE ( 'NONE', *, *, #1576, .F. ) ;
#6001 = EDGE_CURVE ( 'NONE', #4575, #634, #4473, .T. ) ;
#6002 = EDGE_CURVE ( 'NONE', #882, #6959, #938, .T. ) ;
#6003 = ORIENTED_EDGE ( 'NONE', *, *, #7376, .T. ) ;
#6004 = B_SPLINE_CURVE_WITH_KNOTS ( 'NONE', 3,
 ( #3179, #4443, #2551, #4898 ),
 .UNSPECIFIED., .F., .F.,
 ( 4, 4 ),
 ( 0.000000000000000000, 1.000000000000000000 ),
 .UNSPECIFIED. ) ;
#6005 = ORIENTED_EDGE ( 'NONE', *, *, #5673, .T. ) ;
#6006 = VERTEX_POINT ( 'NONE', #6820 ) ;
#6007 = PLANE ( 'NONE',  #5460 ) ;
#6008 = DIRECTION ( 'NONE',  ( 0.000000000000000000, 0.000000000000000000, 1.000000000000000000 ) ) ;
#6009 = FACE_OUTER_BOUND ( 'NONE', #6199, .T. ) ;
#6010 = EDGE_CURVE ( 'NONE', #5492, #7314, #4437, .T. ) ;
#6011 = CARTESIAN_POINT ( 'NONE',  ( -3.797000000000000153, -2.158999999999999808, 1.574999999999999956 ) ) ;
#6012 = VECTOR ( 'NONE', #2004, 1000.000000000000000 ) ;
#6013 = ORIENTED_EDGE ( 'NONE', *, *, #6580, .T. ) ;
#6014 = DIRECTION ( 'NONE',  ( 0.000000000000000000, 1.000000000000000000, 0.000000000000000000 ) ) ;
#6015 = ORIENTED_EDGE ( 'NONE', *, *, #3235, .F. ) ;
#6016 = CARTESIAN_POINT ( 'NONE',  ( -2.397135000000000016, 4.270000000000000462, 2.641999999999999904 ) ) ;
#6017 = LINE ( 'NONE', #64, #3567 ) ;
#6018 = CARTESIAN_POINT ( 'NONE',  ( -4.334999999999999964, 4.698999999999999844, 1.132999999999999785 ) ) ;
#6019 = CARTESIAN_POINT ( 'NONE',  ( 4.648549666062477215, -0.3810000000000000053, 0.9460580022534657019 ) ) ;
#6020 = B_SPLINE_CURVE_WITH_KNOTS ( 'NONE', 3,
 ( #2450, #4756, #7104, #6529 ),
 .UNSPECIFIED., .F., .F.,
 ( 4, 4 ),
 ( 0.000000000000000000, 1.000000000000000000 ),
 .UNSPECIFIED. ) ;
#6021 = STYLED_ITEM ( 'NONE', ( #6718 ), #88 ) ;
#6022 = EDGE_CURVE ( 'NONE', #5246, #7265, #626, .T. ) ;
#6023 = CARTESIAN_POINT ( 'NONE',  ( -4.538169246415237446, -1.989666666666666472, 0.3770451553572226611 ) ) ;
#6024 = VERTEX_POINT ( 'NONE', #5674 ) ;
#6025 = CARTESIAN_POINT ( 'NONE',  ( -5.321000000000000618, 4.191000000000000725, 0.2540000000000000036 ) ) ;
#6026 = EDGE_CURVE ( 'NONE', #6685, #2848, #2914, .T. ) ;
#6027 = CARTESIAN_POINT ( 'NONE',  ( 4.089999999999999858, 4.698999999999999844, 1.574999999999999956 ) ) ;
#6028 = ORIENTED_EDGE ( 'NONE', *, *, #111, .F. ) ;
#6029 = CARTESIAN_POINT ( 'NONE',  ( 4.783000000000000362, 4.698999999999999844, 0.4420000000000000040 ) ) ;
#6030 = CIRCLE ( 'NONE', #5540, 0.2540000000000000591 ) ;
#6031 = CARTESIAN_POINT ( 'NONE',  ( 3.797000000000000153, -4.191000000000000725, 1.574999999999999956 ) ) ;
#6032 = CARTESIAN_POINT ( 'NONE',  ( -3.797000000000000153, -4.698999999999999844, 1.320999999999999952 ) ) ;
#6033 = EDGE_LOOP ( 'NONE', ( #4548, #3530, #7117, #2529 ) ) ;
#6034 = DIRECTION ( 'NONE',  ( 0.7931070766835157659, 0.000000000000000000, -0.6090822316522848112 ) ) ;
#6035 = ORIENTED_EDGE ( 'NONE', *, *, #32, .F. ) ;
#6036 = DIRECTION ( 'NONE',  ( 0.000000000000000000, -1.000000000000000000, 0.000000000000000000 ) ) ;
#6037 = LINE ( 'NONE', #4227, #5419 ) ;
#6038 = EDGE_CURVE ( 'NONE', #1864, #3614, #1055, .T. ) ;
#6039 = ORIENTED_EDGE ( 'NONE', *, *, #5347, .F. ) ;
#6040 = EDGE_CURVE ( 'NONE', #4608, #1982, #6955, .T. ) ;
#6041 = ORIENTED_EDGE ( 'NONE', *, *, #6228, .T. ) ;
#6042 = ORIENTED_EDGE ( 'NONE', *, *, #5533, .T. ) ;
#6043 = ORIENTED_EDGE ( 'NONE', *, *, #3375, .T. ) ;
#6044 = CARTESIAN_POINT ( 'NONE',  ( 3.797000000000000153, -1.650999999999999801, 1.320999999999999952 ) ) ;
#6045 = CARTESIAN_POINT ( 'NONE',  ( 5.028999999999999915, -2.158999999999999808, 0.2540000000000000036 ) ) ;
#6046 = CARTESIAN_POINT ( 'NONE',  ( 4.089999999999999858, 1.650999999999999801, 1.320999999999999952 ) ) ;
#6047 =( NAMED_UNIT ( * ) PLANE_ANGLE_UNIT ( ) SI_UNIT ( $, .RADIAN. ) );
#6048 = ORIENTED_EDGE ( 'NONE', *, *, #5101, .F. ) ;
#6049 = ADVANCED_FACE ( 'NONE', ( #2236 ), #983, .T. ) ;
#6050 = CARTESIAN_POINT ( 'NONE',  ( 5.028999999999999915, -0.8890000000000000124, 0.2540000000000000036 ) ) ;
#6051 = CIRCLE ( 'NONE', #5075, 0.5080000000000001181 ) ;
#6052 = CYLINDRICAL_SURFACE ( 'NONE', #1877, 0.5080000000000000071 ) ;
#6053 = CARTESIAN_POINT ( 'NONE',  ( -5.028999999999999915, 4.698999999999999844, 0.5080000000000000071 ) ) ;
#6054 = DIRECTION ( 'NONE',  ( 0.000000000000000000, 1.000000000000000000, 0.000000000000000000 ) ) ;
#6055 = AXIS2_PLACEMENT_3D ( 'NONE', #3616, #3034, #1791 ) ;
#6056 = CARTESIAN_POINT ( 'NONE',  ( 5.028999999999999915, 0.3810000000000000053, 0.5080000000000000071 ) ) ;
#6057 = LINE ( 'NONE', #2515, #5449 ) ;
#6058 = B_SPLINE_CURVE_WITH_KNOTS ( 'NONE', 3,
 ( #1097, #6902, #6398, #5255 ),
 .UNSPECIFIED., .F., .F.,
 ( 4, 4 ),
 ( 0.000000000000000000, 1.000000000000000000 ),
 .UNSPECIFIED. ) ;
#6059 = ORIENTED_EDGE ( 'NONE', *, *, #6600, .T. ) ;
#6060 = LINE ( 'NONE', #4866, #4402 ) ;
#6061 = VECTOR ( 'NONE', #610, 1000.000000000000000 ) ;
#6062 = CARTESIAN_POINT ( 'NONE',  ( 3.797000000000000153, 4.698999999999999844, 1.320999999999999952 ) ) ;
#6063 = ORIENTED_EDGE ( 'NONE', *, *, #6539, .F. ) ;
#6064 = DIRECTION ( 'NONE',  ( 0.000000000000000000, 0.000000000000000000, 1.000000000000000000 ) ) ;
#6065 = LINE ( 'NONE', #2023, #5186 ) ;
#6066 = PLANE ( 'NONE',  #2669 ) ;
#6067 = CARTESIAN_POINT ( 'NONE',  ( 4.089999999999999858, 1.650999999999999801, 1.066999999999999948 ) ) ;
#6068 = VECTOR ( 'NONE', #4430, 1000.000000000000000 ) ;
#6069 = ORIENTED_EDGE ( 'NONE', *, *, #6231, .T. ) ;
#6070 = DIRECTION ( 'NONE',  ( 0.000000000000000000, 1.000000000000000000, 0.000000000000000000 ) ) ;
#6071 =( NAMED_UNIT ( * ) SI_UNIT ( $, .STERADIAN. ) SOLID_ANGLE_UNIT ( ) );
#6072 = ORIENTED_EDGE ( 'NONE', *, *, #4255, .T. ) ;
#6073 = CARTESIAN_POINT ( 'NONE',  ( -3.797000000000000153, 3.429000000000000270, 1.320999999999999952 ) ) ;
#6074 = DIRECTION ( 'NONE',  ( 0.000000000000000000, 0.000000000000000000, -1.000000000000000000 ) ) ;
#6075 = EDGE_CURVE ( 'NONE', #7009, #275, #7196, .T. ) ;
#6076 = ORIENTED_EDGE ( 'NONE', *, *, #6711, .F. ) ;
#6077 = ORIENTED_EDGE ( 'NONE', *, *, #2135, .F. ) ;
#6078 = ORIENTED_EDGE ( 'NONE', *, *, #5435, .F. ) ;
#6079 = DIRECTION ( 'NONE',  ( 0.000000000000000000, -1.000000000000000000, 0.000000000000000000 ) ) ;
#6080 = DIRECTION ( 'NONE',  ( 0.7931070766835166541, 0.000000000000000000, -0.6090822316522841451 ) ) ;
#6081 = CARTESIAN_POINT ( 'NONE',  ( -4.538000000000000256, 2.158999999999999808, 0.3770000000000000018 ) ) ;
#6082 = EDGE_CURVE ( 'NONE', #6535, #6006, #5888, .T. ) ;
#6083 = ORIENTED_EDGE ( 'NONE', *, *, #3206, .F. ) ;
#6084 = EDGE_CURVE ( 'NONE', #4670, #5346, #47, .T. ) ;
#6085 = EDGE_CURVE ( 'NONE', #2462, #7114, #695, .T. ) ;
#6086 = CIRCLE ( 'NONE', #5844, 0.5080000000000001181 ) ;
#6087 = CARTESIAN_POINT ( 'NONE',  ( -4.334999999999999964, 0.8890000000000000124, 1.132999999999999785 ) ) ;
#6088 = CARTESIAN_POINT ( 'NONE',  ( 4.089999999999999858, -4.698999999999999844, 1.574999999999999956 ) ) ;
#6089 = CARTESIAN_POINT ( 'NONE',  ( -3.797000000000000153, 5.244999999999999218, 1.590000000000000080 ) ) ;
#6090 = CLOSED_SHELL ( 'NONE', ( #6655, #4527, #7450, #555, #77, #2631, #6570, #3516, #7227, #2138, #2245, #7118, #2904, #1998 ) ) ;
#6091 = VECTOR ( 'NONE', #311, 1000.000000000000000 ) ;
#6092 = CARTESIAN_POINT ( 'NONE',  ( 4.089999999999999858, -0.8890000000000000124, 1.320999999999999952 ) ) ;
#6093 = FACE_OUTER_BOUND ( 'NONE', #716, .T. ) ;
#6094 = EDGE_CURVE ( 'NONE', #7454, #3085, #1915, .T. ) ;
#6095 = CARTESIAN_POINT ( 'NONE',  ( -4.538169246415237446, -1.820333333333333359, 0.3770451553572226611 ) ) ;
#6096 = VERTEX_POINT ( 'NONE', #3587 ) ;
#6097 = AXIS2_PLACEMENT_3D ( 'NONE', #965, #6115, #2646 ) ;
#6098 = CARTESIAN_POINT ( 'NONE',  ( -3.797000000000000153, 4.191000000000000725, 1.574999999999999956 ) ) ;
#6099 = DIRECTION ( 'NONE',  ( -0.2589693139543370881, 0.000000000000000000, 0.9658855493432024764 ) ) ;
#6100 = ORIENTED_EDGE ( 'NONE', *, *, #6215, .F. ) ;
#6101 = DIRECTION ( 'NONE',  ( -0.000000000000000000, 1.000000000000000000, 0.000000000000000000 ) ) ;
#6102 = SURFACE_STYLE_USAGE ( .BOTH. , #269 ) ;
#6103 = VECTOR ( 'NONE', #4168, 1000.000000000000000 ) ;
#6104 = DIRECTION ( 'NONE',  ( -1.000000000000000000, 0.000000000000000000, 0.000000000000000000 ) ) ;
#6105 = CIRCLE ( 'NONE', #346, 0.5080000000000001181 ) ;
#6106 = DIRECTION ( 'NONE',  ( 0.000000000000000000, 1.000000000000000000, 0.000000000000000000 ) ) ;
#6107 = VERTEX_POINT ( 'NONE', #7184 ) ;
#6108 = FACE_OUTER_BOUND ( 'NONE', #5191, .T. ) ;
#6109 = FILL_AREA_STYLE ('',( #2567 ) ) ;
#6110 = VECTOR ( 'NONE', #1692, 1000.000000000000000 ) ;
#6111 = CIRCLE ( 'NONE', #2801, 0.5080000000000001181 ) ;
#6112 = VERTEX_POINT ( 'NONE', #4762 ) ;
#6113 = CARTESIAN_POINT ( 'NONE',  ( 5.028999999999999915, -4.191000000000000725, 0.5080000000000000071 ) ) ;
#6114 = CYLINDRICAL_SURFACE ( 'NONE', #6272, 0.5080000000000000071 ) ;
#6115 = DIRECTION ( 'NONE',  ( 0.000000000000000000, 1.000000000000000000, 0.000000000000000000 ) ) ;
#6116 = STYLED_ITEM ( 'NONE', ( #5106 ), #103 ) ;
#6117 = VERTEX_POINT ( 'NONE', #3117 ) ;
#6118 = VECTOR ( 'NONE', #3871, 1000.000000000000000 ) ;
#6119 = ORIENTED_EDGE ( 'NONE', *, *, #1588, .F. ) ;
#6120 = ORIENTED_EDGE ( 'NONE', *, *, #6598, .T. ) ;
#6121 = EDGE_CURVE ( 'NONE', #5196, #7009, #3662, .T. ) ;
#6122 = FACE_OUTER_BOUND ( 'NONE', #3657, .T. ) ;
#6123 = CARTESIAN_POINT ( 'NONE',  ( -3.620000000000000107, -5.142999999999999794, 0.2540000000000000036 ) ) ;
#6124 = CARTESIAN_POINT ( 'NONE',  ( 3.797000000000000153, 0.8890000000000000124, 1.320999999999999952 ) ) ;
#6125 = CARTESIAN_POINT ( 'NONE',  ( 4.538000000000000256, 0.8890000000000000124, 0.3770000000000000018 ) ) ;
#6126 = ORIENTED_EDGE ( 'NONE', *, *, #738, .F. ) ;
#6127 = CARTESIAN_POINT ( 'NONE',  ( -3.797000000000000153, -5.244999999999999218, 1.590000000000000080 ) ) ;
#6128 = CARTESIAN_POINT ( 'NONE',  ( -5.321000000000000618, -0.8890000000000000124, 0.000000000000000000 ) ) ;
#6129 = FACE_OUTER_BOUND ( 'NONE', #7087, .T. ) ;
#6130 = ADVANCED_FACE ( 'NONE', ( #5393 ), #5998, .T. ) ;
#6131 = EDGE_CURVE ( 'NONE', #5156, #7078, #627, .T. ) ;
#6132 = CARTESIAN_POINT ( 'NONE',  ( -5.321000000000000618, -2.158999999999999808, 0.2540000000000000036 ) ) ;
#6133 = CARTESIAN_POINT ( 'NONE',  ( 4.089999999999999858, -0.8890000000000000124, 1.320999999999999952 ) ) ;
#6134 = EDGE_CURVE ( 'NONE', #4740, #46, #2911, .T. ) ;
#6135 = CIRCLE ( 'NONE', #5650, 0.2540000000000000591 ) ;
#6136 = DIRECTION ( 'NONE',  ( 0.7931070766835157659, 0.000000000000000000, -0.6090822316522848112 ) ) ;
#6137 = ORIENTED_EDGE ( 'NONE', *, *, #5848, .F. ) ;
#6138 = DIRECTION ( 'NONE',  ( 0.000000000000000000, 0.000000000000000000, 1.000000000000000000 ) ) ;
#6139 = PLANE ( 'NONE',  #3773 ) ;
#6140 = ORIENTED_EDGE ( 'NONE', *, *, #742, .F. ) ;
#6141 = LINE ( 'NONE', #6677, #5700 ) ;
#6142 = CARTESIAN_POINT ( 'NONE',  ( 5.028999999999999915, 2.158999999999999808, 0.2540000000000000036 ) ) ;
#6143 = CARTESIAN_POINT ( 'NONE',  ( 4.089999999999999858, -0.3810000000000000053, 1.320999999999999952 ) ) ;
#6144 = DIRECTION ( 'NONE',  ( 0.000000000000000000, 0.000000000000000000, 1.000000000000000000 ) ) ;
#6145 = VERTEX_POINT ( 'NONE', #1913 ) ;
#6146 = DIRECTION ( 'NONE',  ( 1.000000000000000000, 0.000000000000000000, 0.000000000000000000 ) ) ;
#6147 = VECTOR ( 'NONE', #2936, 1000.000000000000000 ) ;
#6148 = VERTEX_POINT ( 'NONE', #6615 ) ;
#6149 = DIRECTION ( 'NONE',  ( 0.000000000000000000, -1.000000000000000000, 0.000000000000000000 ) ) ;
#6150 = EDGE_CURVE ( 'NONE', #5917, #5130, #5924, .T. ) ;
#6151 = LINE ( 'NONE', #887, #515 ) ;
#6152 = SURFACE_STYLE_USAGE ( .BOTH. , #1527 ) ;
#6153 = VECTOR ( 'NONE', #6383, 1000.000000000000000 ) ;
#6154 = ORIENTED_EDGE ( 'NONE', *, *, #719, .T. ) ;
#6155 = ORIENTED_EDGE ( 'NONE', *, *, #6312, .F. ) ;
#6156 = CARTESIAN_POINT ( 'NONE',  ( -4.089999999999999858, -4.698999999999999844, 1.574999999999999956 ) ) ;
#6157 = FACE_OUTER_BOUND ( 'NONE', #4830, .T. ) ;
#6158 = CARTESIAN_POINT ( 'NONE',  ( 3.797000000000000153, 4.698999999999999844, 1.574999999999999956 ) ) ;
#6159 = VERTEX_POINT ( 'NONE', #2456 ) ;
#6160 = EDGE_CURVE ( 'NONE', #4151, #3583, #458, .T. ) ;
#6161 = DIRECTION ( 'NONE',  ( -0.2589693139543370881, 0.000000000000000000, 0.9658855493432024764 ) ) ;
#6162 = ORIENTED_EDGE ( 'NONE', *, *, #2562, .F. ) ;
#6163 = CARTESIAN_POINT ( 'NONE',  ( 5.321000000000000618, 2.158999999999999808, 0.000000000000000000 ) ) ;
#6164 = DIRECTION ( 'NONE',  ( 1.000000000000000000, 0.000000000000000000, 0.000000000000000000 ) ) ;
#6165 = SURFACE_SIDE_STYLE ('',( #1974 ) ) ;
#6166 = CARTESIAN_POINT ( 'NONE',  ( -4.334999999999999964, -4.698999999999999844, 1.132999999999999785 ) ) ;
#6167 = CARTESIAN_POINT ( 'NONE',  ( -5.321000000000000618, 0.8890000000000000124, 0.2540000000000000036 ) ) ;
#6168 = EDGE_CURVE ( 'NONE', #1840, #1982, #157, .T. ) ;
#6169 = CARTESIAN_POINT ( 'NONE',  ( 5.028999999999999915, -3.429000000000000270, 0.5080000000000000071 ) ) ;
#6170 = ORIENTED_EDGE ( 'NONE', *, *, #7029, .T. ) ;
#6171 = CARTESIAN_POINT ( 'NONE',  ( -4.089999999999999858, 0.3810000000000000053, 1.574999999999999956 ) ) ;
#6172 = PLANE ( 'NONE',  #5622 ) ;
#6173 = ORIENTED_EDGE ( 'NONE', *, *, #3623, .F. ) ;
#6174 = EDGE_CURVE ( 'NONE', #1054, #5196, #7110, .T. ) ;
#6175 = DIRECTION ( 'NONE',  ( 0.7931070766835157659, 0.000000000000000000, 0.6090822316522848112 ) ) ;
#6176 = CARTESIAN_POINT ( 'NONE',  ( 4.334999999999999964, 4.698999999999999844, 1.132999999999999785 ) ) ;
#6177 = CARTESIAN_POINT ( 'NONE',  ( -4.783000000000000362, 1.650999999999999801, 0.4420000000000000040 ) ) ;
#6178 = CIRCLE ( 'NONE', #4095, 0.2540000000000003366 ) ;
#6179 = DIRECTION ( 'NONE',  ( 0.000000000000000000, 0.000000000000000000, -1.000000000000000000 ) ) ;
#6180 = ORIENTED_EDGE ( 'NONE', *, *, #7275, .F. ) ;
#6181 = CIRCLE ( 'NONE', #778, 0.5080000000000001181 ) ;
#6182 = DIRECTION ( 'NONE',  ( -0.7931070766835153218, 0.000000000000000000, 0.6090822316522856994 ) ) ;
#6183 = EDGE_CURVE ( 'NONE', #5471, #443, #3277, .T. ) ;
#6184 = PRESENTATION_STYLE_ASSIGNMENT (( #3841 ) ) ;
#6185 = VERTEX_POINT ( 'NONE', #4799 ) ;
#6186 = EDGE_CURVE ( 'NONE', #388, #1731, #4226, .T. ) ;
#6187 = ORIENTED_EDGE ( 'NONE', *, *, #1858, .T. ) ;
#6188 = EDGE_CURVE ( 'NONE', #5357, #5577, #808, .T. ) ;
#6189 = CARTESIAN_POINT ( 'NONE',  ( 3.678457563571633671, 5.176843465949199086, 0.6047734231193020449 ) ) ;
#6190 = AXIS2_PLACEMENT_3D ( 'NONE', #5590, #5017, #6164 ) ;
#6191 = LINE ( 'NONE', #1571, #4549 ) ;
#6192 = CARTESIAN_POINT ( 'NONE',  ( -4.580830753584762327, -4.360333333333333172, 1.197954844642777461 ) ) ;
#6193 = VERTEX_POINT ( 'NONE', #6569 ) ;
#6194 = EDGE_CURVE ( 'NONE', #2235, #580, #4307, .T. ) ;
#6195 = ORIENTED_EDGE ( 'NONE', *, *, #7218, .F. ) ;
#6196 = DIRECTION ( 'NONE',  ( 0.000000000000000000, -1.000000000000000000, 0.000000000000000000 ) ) ;
#6197 = PLANE ( 'NONE',  #7208 ) ;
#6198 = B_SPLINE_CURVE_WITH_KNOTS ( 'NONE', 3,
 ( #7557, #2876, #4564, #5223 ),
 .UNSPECIFIED., .F., .F.,
 ( 4, 4 ),
 ( 0.000000000000000000, 1.000000000000000000 ),
 .UNSPECIFIED. ) ;
#6199 = EDGE_LOOP ( 'NONE', ( #597, #6388, #6599, #1654 ) ) ;
#6200 = FILL_AREA_STYLE_COLOUR ( '', #4128 ) ;
#6201 = ORIENTED_EDGE ( 'NONE', *, *, #5475, .F. ) ;
#6202 = CARTESIAN_POINT ( 'NONE',  ( 3.797000000000000153, -0.3810000000000000053, 1.320999999999999952 ) ) ;
#6203 = CARTESIAN_POINT ( 'NONE',  ( -5.321000000000000618, -2.920999999999999819, 0.2540000000000000036 ) ) ;
#6204 = CARTESIAN_POINT ( 'NONE',  ( -4.089999999999999858, 4.698999999999999844, 1.066999999999999948 ) ) ;
#6205 = PLANE ( 'NONE',  #4870 ) ;
#6206 = CARTESIAN_POINT ( 'NONE',  ( 3.797000000000000153, 1.650999999999999801, 1.574999999999999956 ) ) ;
#6207 = PRESENTATION_LAYER_ASSIGNMENT (  '', '', ( #5240 ) ) ;
#6208 = ORIENTED_EDGE ( 'NONE', *, *, #5024, .F. ) ;
#6209 = CARTESIAN_POINT ( 'NONE',  ( -4.402572021097666877, -2.920999999999999819, 0.8809746240141085316 ) ) ;
#6210 = CLOSED_SHELL ( 'NONE', ( #127, #1661, #4199, #2452 ) ) ;
#6211 = DIRECTION ( 'NONE',  ( 0.000000000000000000, -1.000000000000000000, 0.000000000000000000 ) ) ;
#6212 = VERTEX_POINT ( 'NONE', #1798 ) ;
#6213 = CARTESIAN_POINT ( 'NONE',  ( 4.538000000000000256, 1.650999999999999801, 0.3770000000000000018 ) ) ;
#6214 = DIRECTION ( 'NONE',  ( -0.2589693139543370881, 0.000000000000000000, 0.9658855493432024764 ) ) ;
#6215 = EDGE_CURVE ( 'NONE', #1520, #5885, #6533, .T. ) ;
#6216 = DIRECTION ( 'NONE',  ( 0.000000000000000000, 1.000000000000000000, 0.000000000000000000 ) ) ;
#6217 = PLANE ( 'NONE',  #476 ) ;
#6218 = ORIENTED_EDGE ( 'NONE', *, *, #5832, .T. ) ;
#6219 = VECTOR ( 'NONE', #6316, 1000.000000000000000 ) ;
#6220 = CARTESIAN_POINT ( 'NONE',  ( -3.797000000000000153, 0.8890000000000000124, 1.320999999999999952 ) ) ;
#6221 = ORIENTED_EDGE ( 'NONE', *, *, #2978, .F. ) ;
#6222 = VERTEX_POINT ( 'NONE', #1269 ) ;
#6223 = CARTESIAN_POINT ( 'NONE',  ( -5.028999999999999915, -0.8890000000000000124, 0.000000000000000000 ) ) ;
#6224 = VECTOR ( 'NONE', #34, 1000.000000000000000 ) ;
#6225 = ORIENTED_EDGE ( 'NONE', *, *, #1946, .F. ) ;
#6226 = DIRECTION ( 'NONE',  ( 1.000000000000000000, 0.000000000000000000, 0.000000000000000000 ) ) ;
#6227 = CARTESIAN_POINT ( 'NONE',  ( 4.581000000000000405, -0.8890000000000000124, 1.197999999999999954 ) ) ;
#6228 = EDGE_CURVE ( 'NONE', #5060, #6814, #3622, .T. ) ;
#6229 = ORIENTED_EDGE ( 'NONE', *, *, #1264, .F. ) ;
#6230 = EDGE_CURVE ( 'NONE', #5325, #507, #6808, .T. ) ;
#6231 = EDGE_CURVE ( 'NONE', #2765, #5041, #6686, .T. ) ;
#6232 = VECTOR ( 'NONE', #2488, 1000.000000000000000 ) ;
#6233 = AXIS2_PLACEMENT_3D ( 'NONE', #7369, #1438, #3829 ) ;
#6234 = ORIENTED_EDGE ( 'NONE', *, *, #1236, .T. ) ;
#6235 = CARTESIAN_POINT ( 'NONE',  ( 5.028999999999999915, 0.3810000000000000053, 0.2540000000000000036 ) ) ;
#6236 = DIRECTION ( 'NONE',  ( 1.000000000000000000, 0.000000000000000000, 0.000000000000000000 ) ) ;
#6237 = CIRCLE ( 'NONE', #5987, 0.1898650000000000060 ) ;
#6238 = AXIS2_PLACEMENT_3D ( 'NONE', #3953, #6326, #5644 ) ;
#6239 = CARTESIAN_POINT ( 'NONE',  ( 5.321000000000000618, 2.920999999999999819, 0.000000000000000000 ) ) ;
#6240 = ORIENTED_EDGE ( 'NONE', *, *, #3417, .F. ) ;
#6241 = DIRECTION ( 'NONE',  ( 0.000000000000000000, 1.000000000000000000, 0.000000000000000000 ) ) ;
#6242 = ORIENTED_EDGE ( 'NONE', *, *, #5619, .F. ) ;
#6243 = AXIS2_PLACEMENT_3D ( 'NONE', #1034, #5686, #1600 ) ;
#6244 = STYLED_ITEM ( 'NONE', ( #36 ), #2859 ) ;
#6245 = CARTESIAN_POINT ( 'NONE',  ( -3.797000000000000153, 2.158999999999999808, 1.320999999999999952 ) ) ;
#6246 = CARTESIAN_POINT ( 'NONE',  ( 3.560048139997407546, -5.194224678657412220, 2.291229410695172053 ) ) ;
#6247 = DIRECTION ( 'NONE',  ( -1.000000000000000000, 0.000000000000000000, 0.000000000000000000 ) ) ;
#6248 = ADVANCED_FACE ( 'NONE', ( #1524 ), #5614, .F. ) ;
#6249 = CYLINDRICAL_SURFACE ( 'NONE', #5329, 0.1898650000000000060 ) ;
#6250 = DIRECTION ( 'NONE',  ( 1.000000000000000000, 0.000000000000000000, 0.000000000000000000 ) ) ;
#6251 = DIRECTION ( 'NONE',  ( 0.000000000000000000, -1.000000000000000000, 0.000000000000000000 ) ) ;
#6252 = ORIENTED_EDGE ( 'NONE', *, *, #540, .T. ) ;
#6253 = CARTESIAN_POINT ( 'NONE',  ( 5.028999999999999915, -0.8890000000000000124, 0.5080000000000000071 ) ) ;
#6254 = CARTESIAN_POINT ( 'NONE',  ( 4.783000000000000362, 2.920999999999999819, 0.4420000000000000040 ) ) ;
#6255 = ORIENTED_EDGE ( 'NONE', *, *, #1521, .F. ) ;
#6256 = DIRECTION ( 'NONE',  ( -0.7931070766835157659, 0.000000000000000000, 0.6090822316522848112 ) ) ;
#6257 = CARTESIAN_POINT ( 'NONE',  ( -4.581000000000000405, 3.429000000000000270, 1.197999999999999954 ) ) ;
#6258 = DIRECTION ( 'NONE',  ( 0.000000000000000000, 0.000000000000000000, -1.000000000000000000 ) ) ;
#6259 = AXIS2_PLACEMENT_3D ( 'NONE', #2798, #3995, #6330 ) ;
#6260 = VERTEX_POINT ( 'NONE', #3766 ) ;
#6261 = DIRECTION ( 'NONE',  ( 0.7931070766835157659, 0.000000000000000000, -0.6090822316522848112 ) ) ;
#6262 = EDGE_CURVE ( 'NONE', #6212, #2942, #6838, .T. ) ;
#6263 = SURFACE_STYLE_USAGE ( .BOTH. , #3313 ) ;
#6264 = CARTESIAN_POINT ( 'NONE',  ( 3.797000000000000153, 5.244999999999999218, 1.590000000000000080 ) ) ;
#6265 = ORIENTED_EDGE ( 'NONE', *, *, #6683, .T. ) ;
#6266 = ORIENTED_EDGE ( 'NONE', *, *, #1049, .T. ) ;
#6267 = DIRECTION ( 'NONE',  ( 0.7931070766835153218, 0.000000000000000000, -0.6090822316522856994 ) ) ;
#6268 = ORIENTED_EDGE ( 'NONE', *, *, #362, .F. ) ;
#6269 = CARTESIAN_POINT ( 'NONE',  ( -5.321000000000000618, -4.698999999999999844, 0.000000000000000000 ) ) ;
#6270 = DIRECTION ( 'NONE',  ( 0.7931070766835157659, 0.000000000000000000, -0.6090822316522849222 ) ) ;
#6271 = ORIENTED_EDGE ( 'NONE', *, *, #5123, .T. ) ;
#6272 = AXIS2_PLACEMENT_3D ( 'NONE', #7230, #1307, #158 ) ;
#6273 = ORIENTED_EDGE ( 'NONE', *, *, #6642, .F. ) ;
#6274 = AXIS2_PLACEMENT_3D ( 'NONE', #6484, #6446, #1183 ) ;
#6275 = EDGE_CURVE ( 'NONE', #3349, #2782, #4376, .T. ) ;
#6276 = CARTESIAN_POINT ( 'NONE',  ( 4.089999999999999858, -2.920999999999999819, 1.574999999999999956 ) ) ;
#6277 = VECTOR ( 'NONE', #1938, 1000.000000000000000 ) ;
#6278 = FACE_OUTER_BOUND ( 'NONE', #644, .T. ) ;
#6279 = ORIENTED_EDGE ( 'NONE', *, *, #7366, .T. ) ;
#6280 = PLANE ( 'NONE',  #1186 ) ;
#6281 = ORIENTED_EDGE ( 'NONE', *, *, #1454, .F. ) ;
#6282 = CARTESIAN_POINT ( 'NONE',  ( 5.321000000000000618, 4.698999999999999844, 0.000000000000000000 ) ) ;
#6283 = DIRECTION ( 'NONE',  ( -1.000000000000000000, 0.000000000000000000, 0.000000000000000000 ) ) ;
#6284 = DIRECTION ( 'NONE',  ( 0.000000000000000000, 0.000000000000000000, -1.000000000000000000 ) ) ;
#6285 = FACE_OUTER_BOUND ( 'NONE', #3621, .T. ) ;
#6286 = CARTESIAN_POINT ( 'NONE',  ( 3.797000000000000153, 5.244999999999999218, 1.306000000000000050 ) ) ;
#6287 = CARTESIAN_POINT ( 'NONE',  ( 5.028999999999999915, -3.429000000000000270, 0.2540000000000000036 ) ) ;
#6288 = ORIENTED_EDGE ( 'NONE', *, *, #4718, .T. ) ;
#6289 = EDGE_CURVE ( 'NONE', #1520, #4780, #3534, .T. ) ;
#6290 = FACE_OUTER_BOUND ( 'NONE', #3145, .T. ) ;
#6291 = LINE ( 'NONE', #455, #6352 ) ;
#6292 = ORIENTED_EDGE ( 'NONE', *, *, #4172, .F. ) ;
#6293 = LINE ( 'NONE', #4069, #6920 ) ;
#6294 = CARTESIAN_POINT ( 'NONE',  ( 4.334999999999999964, -4.191000000000000725, 1.132999999999999785 ) ) ;
#6295 = CARTESIAN_POINT ( 'NONE',  ( -4.089999999999999858, -4.191000000000000725, 1.574999999999999956 ) ) ;
#6296 = PLANE ( 'NONE',  #3916 ) ;
#6297 = DIRECTION ( 'NONE',  ( 0.000000000000000000, 0.000000000000000000, -1.000000000000000000 ) ) ;
#6298 = EDGE_LOOP ( 'NONE', ( #6340, #4188, #437, #1769 ) ) ;
#6299 = ORIENTED_EDGE ( 'NONE', *, *, #2182, .T. ) ;
#6300 = DIRECTION ( 'NONE',  ( 0.000000000000000000, 1.000000000000000000, 0.000000000000000000 ) ) ;
#6301 = VECTOR ( 'NONE', #2906, 1000.000000000000000 ) ;
#6302 = ORIENTED_EDGE ( 'NONE', *, *, #3226, .F. ) ;
#6303 = CLOSED_SHELL ( 'NONE', ( #5375, #4401, #5768, #6929, #5558, #4768, #173, #4958, #4861, #862, #3770, #457, #6646, #3753 ) ) ;
#6304 = DIRECTION ( 'NONE',  ( 0.000000000000000000, 0.000000000000000000, -1.000000000000000000 ) ) ;
#6305 = CARTESIAN_POINT ( 'NONE',  ( 4.538000000000000256, -3.429000000000000270, 0.3770000000000000018 ) ) ;
#6306 = CIRCLE ( 'NONE', #2494, 0.2539999999999996705 ) ;
#6307 = ORIENTED_EDGE ( 'NONE', *, *, #414, .T. ) ;
#6308 = VECTOR ( 'NONE', #2590, 1000.000000000000000 ) ;
#6309 = AXIS2_PLACEMENT_3D ( 'NONE', #5513, #817, #247 ) ;
#6310 = ORIENTED_EDGE ( 'NONE', *, *, #647, .F. ) ;
#6311 = CARTESIAN_POINT ( 'NONE',  ( 4.089999999999999858, -1.650999999999999801, 1.066999999999999948 ) ) ;
#6312 = EDGE_CURVE ( 'NONE', #3471, #2428, #4131, .T. ) ;
#6313 = CARTESIAN_POINT ( 'NONE',  ( 4.581000000000000405, 1.650999999999999801, 1.197999999999999954 ) ) ;
#6314 = VERTEX_POINT ( 'NONE', #3316 ) ;
#6315 = ORIENTED_EDGE ( 'NONE', *, *, #6094, .T. ) ;
#6316 = DIRECTION ( 'NONE',  ( 1.000000000000000000, 0.000000000000000000, 0.000000000000000000 ) ) ;
#6317 = DIRECTION ( 'NONE',  ( 0.000000000000000000, 0.000000000000000000, -1.000000000000000000 ) ) ;
#6318 = CARTESIAN_POINT ( 'NONE',  ( 4.538000000000000256, -4.191000000000000725, 0.3770000000000000018 ) ) ;
#6319 = DIRECTION ( 'NONE',  ( -1.000000000000000000, 0.000000000000000000, 0.000000000000000000 ) ) ;
#6320 = DIRECTION ( 'NONE',  ( -0.7931070766835166541, 0.000000000000000000, -0.6090822316522841451 ) ) ;
#6321 = ADVANCED_FACE ( 'NONE', ( #3806 ), #276, .T. ) ;
#6322 = EDGE_CURVE ( 'NONE', #4065, #198, #3353, .T. ) ;
#6323 = CARTESIAN_POINT ( 'NONE',  ( -5.321000000000000618, 0.3810000000000000053, 0.2540000000000000036 ) ) ;
#6324 = EDGE_CURVE ( 'NONE', #5542, #2085, #4497, .T. ) ;
#6325 = ORIENTED_EDGE ( 'NONE', *, *, #316, .F. ) ;
#6326 = DIRECTION ( 'NONE',  ( 0.000000000000000000, 0.000000000000000000, 1.000000000000000000 ) ) ;
#6327 = CARTESIAN_POINT ( 'NONE',  ( 4.089999999999999858, 2.920999999999999819, 1.066999999999999948 ) ) ;
#6328 = EDGE_LOOP ( 'NONE', ( #5499, #6195, #3842, #6162 ) ) ;
#6329 = CARTESIAN_POINT ( 'NONE',  ( -4.089999999999999858, 2.920999999999999819, 1.066999999999999948 ) ) ;
#6330 = DIRECTION ( 'NONE',  ( 0.7931070766835157659, 0.000000000000000000, 0.6090822316522848112 ) ) ;
#6331 = CARTESIAN_POINT ( 'NONE',  ( 4.538000000000000256, -1.650999999999999801, 0.3770000000000000018 ) ) ;
#6332 = CARTESIAN_POINT ( 'NONE',  ( 5.028999999999999915, 2.920999999999999819, 0.2540000000000000036 ) ) ;
#6333 = MECHANICAL_DESIGN_GEOMETRIC_PRESENTATION_REPRESENTATION (  '', ( #2905 ), #4851 ) ;
#6334 = CYLINDRICAL_SURFACE ( 'NONE', #6665, 0.5080000000000000071 ) ;
#6335 = DIRECTION ( 'NONE',  ( -1.000000000000000000, 0.000000000000000000, 0.000000000000000000 ) ) ;
#6336 = ORIENTED_EDGE ( 'NONE', *, *, #2733, .F. ) ;
#6337 = ORIENTED_EDGE ( 'NONE', *, *, #164, .T. ) ;
#6338 = VECTOR ( 'NONE', #3658, 1000.000000000000000 ) ;
#6339 = CARTESIAN_POINT ( 'NONE',  ( -4.581000000000000405, -4.191000000000000725, 1.197999999999999954 ) ) ;
#6340 = ORIENTED_EDGE ( 'NONE', *, *, #3275, .F. ) ;
#6341 = DIRECTION ( 'NONE',  ( -1.000000000000000000, 0.000000000000000000, 0.000000000000000000 ) ) ;
#6342 = CARTESIAN_POINT ( 'NONE',  ( -3.797000000000000153, 2.920999999999999819, 1.320999999999999952 ) ) ;
#6343 = EDGE_CURVE ( 'NONE', #7038, #5082, #6490, .T. ) ;
#6344 = AXIS2_PLACEMENT_3D ( 'NONE', #2160, #6932, #2703 ) ;
#6345 = ORIENTED_EDGE ( 'NONE', *, *, #3977, .T. ) ;
#6346 = VECTOR ( 'NONE', #430, 1000.000000000000000 ) ;
#6347 = ORIENTED_EDGE ( 'NONE', *, *, #5630, .F. ) ;
#6348 = CARTESIAN_POINT ( 'NONE',  ( 4.581000000000000405, -2.920999999999999819, 1.197999999999999954 ) ) ;
#6349 = DIRECTION ( 'NONE',  ( 0.000000000000000000, 0.000000000000000000, -1.000000000000000000 ) ) ;
#6350 = DIRECTION ( 'NONE',  ( 1.000000000000000000, 0.000000000000000000, 0.000000000000000000 ) ) ;
#6351 = ORIENTED_EDGE ( 'NONE', *, *, #2084, .F. ) ;
#6352 = VECTOR ( 'NONE', #3992, 1000.000000000000000 ) ;
#6353 = ADVANCED_FACE ( 'NONE', ( #6728 ), #2031, .T. ) ;
#6354 = ORIENTED_EDGE ( 'NONE', *, *, #1897, .T. ) ;
#6355 = EDGE_CURVE ( 'NONE', #81, #5132, #6706, .T. ) ;
#6356 = AXIS2_PLACEMENT_3D ( 'NONE', #3308, #5568, #234 ) ;
#6357 = DIRECTION ( 'NONE',  ( 0.000000000000000000, -1.000000000000000000, 0.000000000000000000 ) ) ;
#6358 = CYLINDRICAL_SURFACE ( 'NONE', #7412, 0.5080000000000000071 ) ;
#6359 = DIRECTION ( 'NONE',  ( 0.000000000000000000, -1.000000000000000000, 0.000000000000000000 ) ) ;
#6360 = CARTESIAN_POINT ( 'NONE',  ( -3.797000000000000153, 1.650999999999999801, 1.574999999999999956 ) ) ;
#6361 = DIRECTION ( 'NONE',  ( 0.000000000000000000, -1.000000000000000000, 0.000000000000000000 ) ) ;
#6362 = CIRCLE ( 'NONE', #4994, 0.2540000000000003366 ) ;
#6363 = VECTOR ( 'NONE', #1258, 1000.000000000000000 ) ;
#6364 = DIRECTION ( 'NONE',  ( 0.7931070766835157659, 0.000000000000000000, -0.6090822316522849222 ) ) ;
#6365 = ORIENTED_EDGE ( 'NONE', *, *, #6454, .T. ) ;
#6366 = PLANE ( 'NONE',  #5015 ) ;
#6367 = EDGE_CURVE ( 'NONE', #5657, #2717, #3099, .T. ) ;
#6368 = DIRECTION ( 'NONE',  ( 1.000000000000000000, 0.000000000000000000, 0.000000000000000000 ) ) ;
#6369 = ORIENTED_EDGE ( 'NONE', *, *, #553, .F. ) ;
#6370 = EDGE_CURVE ( 'NONE', #7552, #3913, #2571, .T. ) ;
#6371 = CARTESIAN_POINT ( 'NONE',  ( 5.028999999999999915, 3.429000000000000270, 0.2540000000000000036 ) ) ;
#6372 = CARTESIAN_POINT ( 'NONE',  ( -4.402572021097666877, -0.3810000000000000053, 0.8809746240141085316 ) ) ;
#6373 = EDGE_CURVE ( 'NONE', #5773, #5970, #3231, .T. ) ;
#6374 = CARTESIAN_POINT ( 'NONE',  ( -3.797000000000000153, 4.191000000000000725, 1.320999999999999952 ) ) ;
#6375 = CARTESIAN_POINT ( 'NONE',  ( -5.028999999999999915, -2.158999999999999808, 0.2540000000000000036 ) ) ;
#6376 = DIRECTION ( 'NONE',  ( 0.000000000000000000, 1.000000000000000000, 0.000000000000000000 ) ) ;
#6377 = B_SPLINE_CURVE_WITH_KNOTS ( 'NONE', 3,
 ( #7362, #1396, #3790, #3250 ),
 .UNSPECIFIED., .F., .F.,
 ( 4, 4 ),
 ( 0.000000000000000000, 1.000000000000000000 ),
 .UNSPECIFIED. ) ;
#6378 = CARTESIAN_POINT ( 'NONE',  ( 3.797000000000000153, -4.191000000000000725, 1.574999999999999956 ) ) ;
#6379 = PRESENTATION_STYLE_ASSIGNMENT (( #3504 ) ) ;
#6380 = ORIENTED_EDGE ( 'NONE', *, *, #6921, .T. ) ;
#6381 = EDGE_LOOP ( 'NONE', ( #5048, #1191, #1962, #7146 ) ) ;
#6382 = CARTESIAN_POINT ( 'NONE',  ( 4.581000000000000405, -4.191000000000000725, 1.197999999999999954 ) ) ;
#6383 = DIRECTION ( 'NONE',  ( 0.000000000000000000, 0.000000000000000000, -1.000000000000000000 ) ) ;
#6384 = LINE ( 'NONE', #1120, #2805 ) ;
#6385 = ORIENTED_EDGE ( 'NONE', *, *, #6370, .T. ) ;
#6386 = AXIS2_PLACEMENT_3D ( 'NONE', #3015, #1212, #3630 ) ;
#6387 = ADVANCED_FACE ( 'NONE', ( #4424 ), #3845, .F. ) ;
#6388 = ORIENTED_EDGE ( 'NONE', *, *, #2899, .F. ) ;
#6389 = PLANE ( 'NONE',  #7503 ) ;
#6390 = DIRECTION ( 'NONE',  ( 0.7931070766835157659, 0.000000000000000000, -0.6090822316522849222 ) ) ;
#6391 = ORIENTED_EDGE ( 'NONE', *, *, #1573, .T. ) ;
#6392 = ORIENTED_EDGE ( 'NONE', *, *, #7159, .F. ) ;
#6393 = ORIENTED_EDGE ( 'NONE', *, *, #5303, .F. ) ;
#6394 = AXIS2_PLACEMENT_3D ( 'NONE', #5740, #3439, #2694 ) ;
#6395 = FACE_OUTER_BOUND ( 'NONE', #5620, .T. ) ;
#6396 = DIRECTION ( 'NONE',  ( 0.000000000000000000, -1.000000000000000000, 0.000000000000000000 ) ) ;
#6397 = UNCERTAINTY_MEASURE_WITH_UNIT (LENGTH_MEASURE( 1.000000000000000082E-05 ), #4415, 'distance_accuracy_value', 'NONE');
#6398 = CARTESIAN_POINT ( 'NONE',  ( 4.783675919342393890, 1.820333333333333359, 0.4421813442138124439 ) ) ;
#6399 = CARTESIAN_POINT ( 'NONE',  ( -4.335256734746894658, 0.5503333333333333410, 1.133069161197122865 ) ) ;
#6400 = EDGE_CURVE ( 'NONE', #3701, #3268, #4003, .T. ) ;
#6401 = ORIENTED_EDGE ( 'NONE', *, *, #208, .F. ) ;
#6402 = CARTESIAN_POINT ( 'NONE',  ( 4.648549666062477215, -2.920999999999999819, 0.9460580022534657019 ) ) ;
#6403 = CARTESIAN_POINT ( 'NONE',  ( 4.089999999999999858, 4.191000000000000725, 1.574999999999999956 ) ) ;
#6404 = ORIENTED_EDGE ( 'NONE', *, *, #124, .F. ) ;
#6405 = CARTESIAN_POINT ( 'NONE',  ( 5.028999999999999915, 1.650999999999999801, 0.5080000000000000071 ) ) ;
#6406 = CARTESIAN_POINT ( 'NONE',  ( -4.538000000000000256, -0.3810000000000000053, 0.3770000000000000018 ) ) ;
#6407 = LINE ( 'NONE', #3917, #7095 ) ;
#6408 = EDGE_CURVE ( 'NONE', #4464, #3013, #2260, .T. ) ;
#6409 = LINE ( 'NONE', #1036, #3156 ) ;
#6410 = LINE ( 'NONE', #1223, #5697 ) ;
#6411 = ADVANCED_FACE ( 'NONE', ( #6416 ), #2925, .T. ) ;
#6412 = CARTESIAN_POINT ( 'NONE',  ( 4.783000000000000362, -2.158999999999999808, 0.4420000000000000040 ) ) ;
#6413 = LINE ( 'NONE', #7528, #2170 ) ;
#6414 = VERTEX_POINT ( 'NONE', #6339 ) ;
#6415 = ORIENTED_EDGE ( 'NONE', *, *, #1518, .T. ) ;
#6416 = FACE_OUTER_BOUND ( 'NONE', #1181, .T. ) ;
#6417 = CARTESIAN_POINT ( 'NONE',  ( -3.441568773900155254, 1.723000000000000087, 2.641854284739228564 ) ) ;
#6418 = DIRECTION ( 'NONE',  ( 0.000000000000000000, -1.000000000000000000, 0.000000000000000000 ) ) ;
#6419 = ORIENTED_EDGE ( 'NONE', *, *, #6618, .T. ) ;
#6420 = EDGE_CURVE ( 'NONE', #3774, #7566, #4835, .T. ) ;
#6421 = EDGE_CURVE ( 'NONE', #3557, #3438, #3392, .T. ) ;
#6422 = CARTESIAN_POINT ( 'NONE',  ( -3.560041267805494680, -5.194550642685173969, 2.291249748088114213 ) ) ;
#6423 = EDGE_CURVE ( 'NONE', #7583, #309, #3237, .T. ) ;
#6424 = CIRCLE ( 'NONE', #1498, 0.2540000000000000591 ) ;
#6425 = EDGE_LOOP ( 'NONE', ( #5755, #2681, #6872, #1137 ) ) ;
#6426 = AXIS2_PLACEMENT_3D ( 'NONE', #4981, #5531, #1402 ) ;
#6427 = FACE_OUTER_BOUND ( 'NONE', #5680, .T. ) ;
#6428 = CARTESIAN_POINT ( 'NONE',  ( 4.581000000000000405, -4.191000000000000725, 1.197999999999999954 ) ) ;
#6429 = EDGE_CURVE ( 'NONE', #4065, #5317, #6181, .T. ) ;
#6430 = ORIENTED_EDGE ( 'NONE', *, *, #2057, .F. ) ;
#6431 = VECTOR ( 'NONE', #6633, 1000.000000000000000 ) ;
#6432 = AXIS2_PLACEMENT_3D ( 'NONE', #3063, #6591, #4781 ) ;
#6433 = ORIENTED_EDGE ( 'NONE', *, *, #3083, .T. ) ;
#6434 = VERTEX_POINT ( 'NONE', #3431 ) ;
#6435 = ORIENTED_EDGE ( 'NONE', *, *, #5673, .F. ) ;
#6436 = CARTESIAN_POINT ( 'NONE',  ( 5.028999999999999915, -1.650999999999999801, 0.2540000000000000036 ) ) ;
#6437 = DIRECTION ( 'NONE',  ( 0.000000000000000000, -1.000000000000000000, 0.000000000000000000 ) ) ;
#6438 = FACE_OUTER_BOUND ( 'NONE', #3739, .T. ) ;
#6439 = AXIS2_PLACEMENT_3D ( 'NONE', #168, #3127, #3812 ) ;
#6440 = CARTESIAN_POINT ( 'NONE',  ( 3.620000000000000107, 5.142999999999999794, 0.2540000000000000036 ) ) ;
#6441 =( NAMED_UNIT ( * ) PLANE_ANGLE_UNIT ( ) SI_UNIT ( $, .RADIAN. ) );
#6442 = ORIENTED_EDGE ( 'NONE', *, *, #3977, .F. ) ;
#6443 = CARTESIAN_POINT ( 'NONE',  ( -4.089999999999999858, 2.158999999999999808, 1.320999999999999952 ) ) ;
#6444 = ORIENTED_EDGE ( 'NONE', *, *, #5440, .T. ) ;
#6445 = DIRECTION ( 'NONE',  ( 0.000000000000000000, 1.000000000000000000, 0.000000000000000000 ) ) ;
#6446 = DIRECTION ( 'NONE',  ( 0.000000000000000000, 0.000000000000000000, -1.000000000000000000 ) ) ;
#6447 = DIRECTION ( 'NONE',  ( 0.000000000000000000, -1.000000000000000000, 0.000000000000000000 ) ) ;
#6448 = DIRECTION ( 'NONE',  ( 0.000000000000000000, 0.000000000000000000, 1.000000000000000000 ) ) ;
#6449 = DIRECTION ( 'NONE',  ( 0.000000000000000000, 0.000000000000000000, -1.000000000000000000 ) ) ;
#6450 = EDGE_CURVE ( 'NONE', #4600, #5320, #3919, .T. ) ;
#6451 = ORIENTED_EDGE ( 'NONE', *, *, #4024, .F. ) ;
#6452 = ORIENTED_EDGE ( 'NONE', *, *, #4719, .F. ) ;
#6453 = CARTESIAN_POINT ( 'NONE',  ( 5.028999999999999915, -4.191000000000000725, 0.000000000000000000 ) ) ;
#6454 = EDGE_CURVE ( 'NONE', #4273, #7355, #1716, .T. ) ;
#6455 = LINE ( 'NONE', #1193, #5385 ) ;
#6456 = ORIENTED_EDGE ( 'NONE', *, *, #4107, .T. ) ;
#6457 = CARTESIAN_POINT ( 'NONE',  ( 4.089999999999999858, 0.3810000000000000053, 1.066999999999999948 ) ) ;
#6458 = VECTOR ( 'NONE', #2581, 1000.000000000000000 ) ;
#6459 = ORIENTED_EDGE ( 'NONE', *, *, #1604, .F. ) ;
#6460 = CLOSED_SHELL ( 'NONE', ( #7398, #3215, #1705, #5575, #7453, #1767, #2095, #2602, #1708, #1761, #1037, #5165, #2166, #5049 ) ) ;
#6461 = EDGE_CURVE ( 'NONE', #7340, #7113, #2299, .T. ) ;
#6462 = AXIS2_PLACEMENT_3D ( 'NONE', #2663, #6629, #6703 ) ;
#6463 = CARTESIAN_POINT ( 'NONE',  ( 4.581000000000000405, 0.3810000000000000053, 1.197999999999999954 ) ) ;
#6464 = EDGE_CURVE ( 'NONE', #1206, #2104, #5847, .T. ) ;
#6465 = ADVANCED_FACE ( 'NONE', ( #5838 ), #2339, .T. ) ;
#6466 = ORIENTED_EDGE ( 'NONE', *, *, #2264, .F. ) ;
#6467 = VECTOR ( 'NONE', #4382, 1000.000000000000000 ) ;
#6468 = ORIENTED_EDGE ( 'NONE', *, *, #2819, .F. ) ;
#6469 = ORIENTED_EDGE ( 'NONE', *, *, #556, .F. ) ;
#6470 = ORIENTED_EDGE ( 'NONE', *, *, #1842, .T. ) ;
#6471 = DIRECTION ( 'NONE',  ( 0.000000000000000000, 0.000000000000000000, 1.000000000000000000 ) ) ;
#6472 = FACE_OUTER_BOUND ( 'NONE', #3047, .T. ) ;
#6473 = VECTOR ( 'NONE', #1885, 1000.000000000000000 ) ;
#6474 = UNCERTAINTY_MEASURE_WITH_UNIT (LENGTH_MEASURE( 1.000000000000000082E-05 ), #4064, 'distance_accuracy_value', 'NONE');
#6475 = LINE ( 'NONE', #4733, #6103 ) ;
#6476 = DIRECTION ( 'NONE',  ( 0.000000000000000000, -1.000000000000000000, 0.000000000000000000 ) ) ;
#6477 = ORIENTED_EDGE ( 'NONE', *, *, #1893, .F. ) ;
#6478 = VECTOR ( 'NONE', #6857, 1000.000000000000000 ) ;
#6479 = CIRCLE ( 'NONE', #2049, 0.2539999999999996705 ) ;
#6480 = EDGE_CURVE ( 'NONE', #3738, #137, #2850, .T. ) ;
#6481 = DIRECTION ( 'NONE',  ( 0.000000000000000000, -1.000000000000000000, 0.000000000000000000 ) ) ;
#6482 = EDGE_LOOP ( 'NONE', ( #191, #4588, #2970, #6255 ) ) ;
#6483 = CARTESIAN_POINT ( 'NONE',  ( -4.648549666062477215, 2.920999999999999819, 0.9460580022534657019 ) ) ;
#6484 = CARTESIAN_POINT ( 'NONE',  ( 5.028999999999999915, -4.698999999999999844, 0.000000000000000000 ) ) ;
#6485 = DIRECTION ( 'NONE',  ( -1.000000000000000000, 0.000000000000000000, 0.000000000000000000 ) ) ;
#6486 = CIRCLE ( 'NONE', #1441, 0.2539999999999996705 ) ;
#6487 = AXIS2_PLACEMENT_3D ( 'NONE', #3113, #3153, #7262 ) ;
#6488 = CARTESIAN_POINT ( 'NONE',  ( -5.028999999999999915, -2.158999999999999808, 0.2540000000000000036 ) ) ;
#6489 = CARTESIAN_POINT ( 'NONE',  ( -3.442000000000000171, 5.168999999999999595, 2.641999999999999904 ) ) ;
#6490 = B_SPLINE_CURVE_WITH_KNOTS ( 'NONE', 3,
 ( #7381, #1569, #6189, #2606 ),
 .UNSPECIFIED., .F., .F.,
 ( 4, 4 ),
 ( 0.000000000000000000, 1.000000000000000000 ),
 .UNSPECIFIED. ) ;
#6491 = FACE_OUTER_BOUND ( 'NONE', #5197, .T. ) ;
#6492 = DIRECTION ( 'NONE',  ( 0.000000000000000000, -1.000000000000000000, 0.000000000000000000 ) ) ;
#6493 = VERTEX_POINT ( 'NONE', #6453 ) ;
#6494 = PRESENTATION_LAYER_ASSIGNMENT (  '', '', ( #2939 ) ) ;
#6495 = ORIENTED_EDGE ( 'NONE', *, *, #4805, .F. ) ;
#6496 = CARTESIAN_POINT ( 'NONE',  ( 3.797000000000000153, 3.429000000000000270, 1.574999999999999956 ) ) ;
#6497 = CARTESIAN_POINT ( 'NONE',  ( 4.089999999999999858, 0.3810000000000000053, 1.320999999999999952 ) ) ;
#6498 = EDGE_CURVE ( 'NONE', #3941, #1093, #470, .T. ) ;
#6499 = VERTEX_POINT ( 'NONE', #4576 ) ;
#6500 = CARTESIAN_POINT ( 'NONE',  ( 5.028999999999999915, 4.191000000000000725, 0.5080000000000000071 ) ) ;
#6501 = ORIENTED_EDGE ( 'NONE', *, *, #4686, .F. ) ;
#6502 = CARTESIAN_POINT ( 'NONE',  ( 3.797000000000000153, -2.158999999999999808, 1.574999999999999956 ) ) ;
#6503 = LINE ( 'NONE', #628, #3084 ) ;
#6504 = STYLED_ITEM ( 'NONE', ( #7360 ), #360 ) ;
#6505 = ORIENTED_EDGE ( 'NONE', *, *, #5891, .T. ) ;
#6506 = ORIENTED_EDGE ( 'NONE', *, *, #2434, .T. ) ;
#6507 = ADVANCED_FACE ( 'NONE', ( #1192 ), #1682, .T. ) ;
#6508 = ORIENTED_EDGE ( 'NONE', *, *, #2333, .F. ) ;
#6509 = VERTEX_POINT ( 'NONE', #5696 ) ;
#6510 = CARTESIAN_POINT ( 'NONE',  ( 4.334999999999999964, 2.920999999999999819, 1.132999999999999785 ) ) ;
#6511 = CARTESIAN_POINT ( 'NONE',  ( -4.538000000000000256, -2.158999999999999808, 0.3770000000000000018 ) ) ;
#6512 = DIRECTION ( 'NONE',  ( 0.000000000000000000, 0.000000000000000000, 1.000000000000000000 ) ) ;
#6513 = CARTESIAN_POINT ( 'NONE',  ( 5.321000000000000618, 0.3810000000000000053, 0.000000000000000000 ) ) ;
#6514 = AXIS2_PLACEMENT_3D ( 'NONE', #4764, #5849, #4190 ) ;
#6515 = ORIENTED_EDGE ( 'NONE', *, *, #4129, .T. ) ;
#6516 = PLANE ( 'NONE',  #4149 ) ;
#6517 = ORIENTED_EDGE ( 'NONE', *, *, #1858, .F. ) ;
#6518 = CARTESIAN_POINT ( 'NONE',  ( -3.797000000000000153, 4.698999999999999844, 1.574999999999999956 ) ) ;
#6519 = DIRECTION ( 'NONE',  ( -1.000000000000000000, 0.000000000000000000, 0.000000000000000000 ) ) ;
#6520 = FACE_OUTER_BOUND ( 'NONE', #5997, .T. ) ;
#6521 = AXIS2_PLACEMENT_3D ( 'NONE', #6593, #2888, #6553 ) ;
#6522 = EDGE_CURVE ( 'NONE', #2312, #6024, #5078, .T. ) ;
#6523 = CARTESIAN_POINT ( 'NONE',  ( 4.783000000000000362, 0.3810000000000000053, 0.4420000000000000040 ) ) ;
#6524 = DIRECTION ( 'NONE',  ( 0.000000000000000000, 0.000000000000000000, 1.000000000000000000 ) ) ;
#6525 = PRESENTATION_STYLE_ASSIGNMENT (( #5416 ) ) ;
#6526 = ORIENTED_EDGE ( 'NONE', *, *, #6931, .F. ) ;
#6527 = ORIENTED_EDGE ( 'NONE', *, *, #3969, .T. ) ;
#6528 = DIRECTION ( 'NONE',  ( 1.000000000000000000, 0.000000000000000000, 0.000000000000000000 ) ) ;
#6529 = CARTESIAN_POINT ( 'NONE',  ( 3.620000000000000107, -5.142999999999999794, 0.2540000000000000036 ) ) ;
#6530 = ORIENTED_EDGE ( 'NONE', *, *, #2562, .T. ) ;
#6531 = LINE ( 'NONE', #2453, #7567 ) ;
#6532 = ORIENTED_EDGE ( 'NONE', *, *, #6654, .F. ) ;
#6533 = LINE ( 'NONE', #2388, #2531 ) ;
#6534 = PLANE ( 'NONE',  #6514 ) ;
#6535 = VERTEX_POINT ( 'NONE', #1644 ) ;
#6536 = ORIENTED_EDGE ( 'NONE', *, *, #1839, .F. ) ;
#6537 = ORIENTED_EDGE ( 'NONE', *, *, #1763, .T. ) ;
#6538 = ORIENTED_EDGE ( 'NONE', *, *, #741, .F. ) ;
#6539 = EDGE_CURVE ( 'NONE', #6657, #7114, #5986, .T. ) ;
#6540 = CARTESIAN_POINT ( 'NONE',  ( 4.538169246415237446, 4.529666666666667396, 0.3770451553572226611 ) ) ;
#6541 = DIRECTION ( 'NONE',  ( 0.000000000000000000, 1.000000000000000000, 0.000000000000000000 ) ) ;
#6542 = VECTOR ( 'NONE', #2407, 1000.000000000000000 ) ;
#6543 = DIRECTION ( 'NONE',  ( -0.2589693139543370881, 0.000000000000000000, 0.9658855493432024764 ) ) ;
#6544 = VECTOR ( 'NONE', #3304, 1000.000000000000000 ) ;
#6545 = SURFACE_SIDE_STYLE ('',( #4814 ) ) ;
#6546 = VERTEX_POINT ( 'NONE', #656 ) ;
#6547 = DIRECTION ( 'NONE',  ( -0.7931070766835157659, 0.000000000000000000, -0.6090822316522849222 ) ) ;
#6548 = EDGE_LOOP ( 'NONE', ( #3592, #2833, #4770, #1955 ) ) ;
#6549 = VECTOR ( 'NONE', #106, 1000.000000000000000 ) ;
#6550 = CARTESIAN_POINT ( 'NONE',  ( -4.716099332124954024, 2.920999999999999819, 0.6941160045069316720 ) ) ;
#6551 = DIRECTION ( 'NONE',  ( 0.000000000000000000, 0.000000000000000000, -1.000000000000000000 ) ) ;
#6552 = EDGE_CURVE ( 'NONE', #6576, #5099, #2966, .T. ) ;
#6553 = DIRECTION ( 'NONE',  ( 0.000000000000000000, 0.000000000000000000, -1.000000000000000000 ) ) ;
#6554 = CARTESIAN_POINT ( 'NONE',  ( -4.334999999999999964, 0.3810000000000000053, 1.132999999999999785 ) ) ;
#6555 = EDGE_CURVE ( 'NONE', #2591, #452, #4734, .T. ) ;
#6556 = EDGE_CURVE ( 'NONE', #3087, #1732, #728, .T. ) ;
#6557 = DIRECTION ( 'NONE',  ( 1.000000000000000000, 0.000000000000000000, 0.000000000000000000 ) ) ;
#6558 = VERTEX_POINT ( 'NONE', #7176 ) ;
#6559 = CARTESIAN_POINT ( 'NONE',  ( -4.089999999999999858, -4.698999999999999844, 1.066999999999999948 ) ) ;
#6560 = ORIENTED_EDGE ( 'NONE', *, *, #5359, .T. ) ;
#6561 = CARTESIAN_POINT ( 'NONE',  ( 4.402572021097666877, 1.650999999999999801, 0.8809746240141085316 ) ) ;
#6562 = EDGE_CURVE ( 'NONE', #552, #6493, #5383, .T. ) ;
#6563 = DIRECTION ( 'NONE',  ( 1.000000000000000000, 0.000000000000000000, 0.000000000000000000 ) ) ;
#6564 = EDGE_CURVE ( 'NONE', #4952, #4560, #5019, .T. ) ;
#6565 = FACE_OUTER_BOUND ( 'NONE', #2475, .T. ) ;
#6566 = VERTEX_POINT ( 'NONE', #1296 ) ;
#6567 = CARTESIAN_POINT ( 'NONE',  ( -5.028999999999999915, -0.8890000000000000124, 0.5080000000000000071 ) ) ;
#6568 = EDGE_LOOP ( 'NONE', ( #2117, #6302, #666, #4691 ) ) ;
#6569 = CARTESIAN_POINT ( 'NONE',  ( -3.797000000000000153, -0.8890000000000000124, 1.320999999999999952 ) ) ;
#6570 = ADVANCED_FACE ( 'NONE', ( #3073 ), #3580, .T. ) ;
#6571 = FACE_OUTER_BOUND ( 'NONE', #1251, .T. ) ;
#6572 = EDGE_LOOP ( 'NONE', ( #7041, #3568, #3021, #4521 ) ) ;
#6573 = AXIS2_PLACEMENT_3D ( 'NONE', #1164, #4398, #3817 ) ;
#6574 = ORIENTED_EDGE ( 'NONE', *, *, #719, .F. ) ;
#6575 = ORIENTED_EDGE ( 'NONE', *, *, #1803, .T. ) ;
#6576 = VERTEX_POINT ( 'NONE', #5952 ) ;
#6577 = LINE ( 'NONE', #2981, #3736 ) ;
#6578 = FACE_OUTER_BOUND ( 'NONE', #6755, .T. ) ;
#6579 = CIRCLE ( 'NONE', #4012, 0.2539999999999996705 ) ;
#6580 = EDGE_CURVE ( 'NONE', #4887, #4662, #795, .T. ) ;
#6581 = CARTESIAN_POINT ( 'NONE',  ( -5.321000000000000618, 1.650999999999999801, 0.2540000000000000036 ) ) ;
#6582 = AXIS2_PLACEMENT_3D ( 'NONE', #863, #288, #3821 ) ;
#6583 = EDGE_CURVE ( 'NONE', #4223, #5326, #3688, .T. ) ;
#6584 = CARTESIAN_POINT ( 'NONE',  ( 5.028999999999999915, 0.3810000000000000053, 0.2540000000000000036 ) ) ;
#6585 = B_SPLINE_CURVE_WITH_KNOTS ( 'NONE', 3,
 ( #6818, #370, #6422, #2740 ),
 .UNSPECIFIED., .F., .F.,
 ( 4, 4 ),
 ( 0.000000000000000000, 1.000000000000000000 ),
 .UNSPECIFIED. ) ;
#6586 = ORIENTED_EDGE ( 'NONE', *, *, #1960, .F. ) ;
#6587 = AXIS2_PLACEMENT_3D ( 'NONE', #5412, #1222, #65 ) ;
#6588 = DIRECTION ( 'NONE',  ( 0.000000000000000000, 1.000000000000000000, 0.000000000000000000 ) ) ;
#6589 = VERTEX_POINT ( 'NONE', #2381 ) ;
#6590 = VECTOR ( 'NONE', #3649, 1000.000000000000000 ) ;
#6591 = DIRECTION ( 'NONE',  ( -0.9859580976712545297, 0.000000000000000000, -0.1669929029524335751 ) ) ;
#6592 = CARTESIAN_POINT ( 'NONE',  ( -4.581000000000000405, -1.650999999999999801, 1.197999999999999954 ) ) ;
#6593 = CARTESIAN_POINT ( 'NONE',  ( -5.028999999999999915, -2.920999999999999819, 0.5080000000000000071 ) ) ;
#6594 = CARTESIAN_POINT ( 'NONE',  ( -4.089999999999999858, -0.3810000000000000053, 1.320999999999999952 ) ) ;
#6595 = VECTOR ( 'NONE', #3656, 1000.000000000000000 ) ;
#6596 = CIRCLE ( 'NONE', #2540, 0.5080000000000001181 ) ;
#6597 = CARTESIAN_POINT ( 'NONE',  ( -5.028999999999999915, 2.158999999999999808, 0.2540000000000000036 ) ) ;
#6598 = EDGE_CURVE ( 'NONE', #6107, #2429, #420, .T. ) ;
#6599 = ORIENTED_EDGE ( 'NONE', *, *, #4554, .T. ) ;
#6600 = EDGE_CURVE ( 'NONE', #3126, #1226, #3476, .T. ) ;
#6601 = PLANE ( 'NONE',  #2932 ) ;
#6602 = FACE_OUTER_BOUND ( 'NONE', #4480, .T. ) ;
#6603 = ORIENTED_EDGE ( 'NONE', *, *, #1485, .T. ) ;
#6604 = EDGE_CURVE ( 'NONE', #4290, #3351, #72, .T. ) ;
#6605 = CARTESIAN_POINT ( 'NONE',  ( 4.089999999999999858, 4.191000000000000725, 1.066999999999999948 ) ) ;
#6606 = VECTOR ( 'NONE', #4578, 1000.000000000000000 ) ;
#6607 = AXIS2_PLACEMENT_3D ( 'NONE', #1786, #1861, #5983 ) ;
#6608 = CARTESIAN_POINT ( 'NONE',  ( 4.089999999999999858, 1.650999999999999801, 1.574999999999999956 ) ) ;
#6609 = DIRECTION ( 'NONE',  ( 0.000000000000000000, 1.000000000000000000, 0.000000000000000000 ) ) ;
#6610 = ORIENTED_EDGE ( 'NONE', *, *, #464, .F. ) ;
#6611 = PLANE ( 'NONE',  #4154 ) ;
#6612 = VECTOR ( 'NONE', #5055, 1000.000000000000000 ) ;
#6613 = CARTESIAN_POINT ( 'NONE',  ( 5.028999999999999915, -2.158999999999999808, 0.2540000000000000036 ) ) ;
#6614 = ORIENTED_EDGE ( 'NONE', *, *, #138, .F. ) ;
#6615 = CARTESIAN_POINT ( 'NONE',  ( -2.776864999999999917, 4.270000000000000462, 2.641999999999999904 ) ) ;
#6616 = FACE_OUTER_BOUND ( 'NONE', #3598, .T. ) ;
#6617 = ORIENTED_EDGE ( 'NONE', *, *, #1763, .F. ) ;
#6618 = EDGE_CURVE ( 'NONE', #7271, #1042, #1502, .T. ) ;
#6619 = ORIENTED_EDGE ( 'NONE', *, *, #1117, .F. ) ;
#6620 = ORIENTED_EDGE ( 'NONE', *, *, #7366, .F. ) ;
#6621 = ORIENTED_EDGE ( 'NONE', *, *, #4571, .F. ) ;
#6622 = CARTESIAN_POINT ( 'NONE',  ( 4.538000000000000256, -4.191000000000000725, 0.3770000000000000018 ) ) ;
#6623 = DIRECTION ( 'NONE',  ( -0.7931070766835157659, 0.000000000000000000, -0.6090822316522848112 ) ) ;
#6624 = AXIS2_PLACEMENT_3D ( 'NONE', #3865, #2549, #3137 ) ;
#6625 = CARTESIAN_POINT ( 'NONE',  ( -4.581000000000000405, 1.650999999999999801, 1.197999999999999954 ) ) ;
#6626 = FACE_OUTER_BOUND ( 'NONE', #2130, .T. ) ;
#6627 = AXIS2_PLACEMENT_3D ( 'NONE', #4889, #6738, #2041 ) ;
#6628 = EDGE_LOOP ( 'NONE', ( #6560, #6575, #824, #6653, #6735, #6831, #3510, #4929, #3706, #6187, #745, #1647 ) ) ;
#6629 = DIRECTION ( 'NONE',  ( 1.000000000000000000, 0.000000000000000000, 0.000000000000000000 ) ) ;
#6630 = CARTESIAN_POINT ( 'NONE',  ( 5.321000000000000618, -4.698999999999999844, 0.2540000000000000036 ) ) ;
#6631 = CARTESIAN_POINT ( 'NONE',  ( -4.538000000000000256, 4.698999999999999844, 0.3770000000000000018 ) ) ;
#6632 = CARTESIAN_POINT ( 'NONE',  ( -5.321000000000000618, -2.158999999999999808, 0.000000000000000000 ) ) ;
#6633 = DIRECTION ( 'NONE',  ( 1.000000000000000000, 0.000000000000000000, 0.000000000000000000 ) ) ;
#6634 = ORIENTED_EDGE ( 'NONE', *, *, #5092, .F. ) ;
#6635 = DIRECTION ( 'NONE',  ( 0.000000000000000000, 0.000000000000000000, -1.000000000000000000 ) ) ;
#6636 = B_SPLINE_CURVE_WITH_KNOTS ( 'NONE', 3,
 ( #4346, #6192, #3849, #7304 ),
 .UNSPECIFIED., .F., .F.,
 ( 4, 4 ),
 ( 0.000000000000000000, 1.000000000000000000 ),
 .UNSPECIFIED. ) ;
#6637 = CARTESIAN_POINT ( 'NONE',  ( 5.028999999999999915, -2.920999999999999819, 0.5080000000000000071 ) ) ;
#6638 = MECHANICAL_DESIGN_GEOMETRIC_PRESENTATION_REPRESENTATION (  '', ( #6504 ), #3584 ) ;
#6639 = ORIENTED_EDGE ( 'NONE', *, *, #6781, .T. ) ;
#6640 = DIRECTION ( 'NONE',  ( 0.000000000000000000, 0.000000000000000000, -1.000000000000000000 ) ) ;
#6641 = CIRCLE ( 'NONE', #21, 0.2540000000000003366 ) ;
#6642 = EDGE_CURVE ( 'NONE', #7566, #6777, #4553, .T. ) ;
#6643 = CARTESIAN_POINT ( 'NONE',  ( -5.028999999999999915, -1.650999999999999801, 0.2540000000000000036 ) ) ;
#6644 = CARTESIAN_POINT ( 'NONE',  ( 4.783000000000000362, -4.191000000000000725, 0.4420000000000000040 ) ) ;
#6645 = VERTEX_POINT ( 'NONE', #3107 ) ;
#6646 = ADVANCED_FACE ( 'NONE', ( #7216 ), #7103, .T. ) ;
#6647 = CARTESIAN_POINT ( 'NONE',  ( 4.089999999999999858, -0.8890000000000000124, 1.066999999999999948 ) ) ;
#6648 = DIRECTION ( 'NONE',  ( 0.7931070766835153218, 0.000000000000000000, 0.6090822316522856994 ) ) ;
#6649 = ORIENTED_EDGE ( 'NONE', *, *, #1504, .F. ) ;
#6650 = DIRECTION ( 'NONE',  ( 0.000000000000000000, -1.000000000000000000, 0.000000000000000000 ) ) ;
#6651 = CARTESIAN_POINT ( 'NONE',  ( -4.089999999999999858, -4.191000000000000725, 1.066999999999999948 ) ) ;
#6652 = EDGE_CURVE ( 'NONE', #3963, #6722, #3546, .T. ) ;
#6653 = ORIENTED_EDGE ( 'NONE', *, *, #1574, .T. ) ;
#6654 = EDGE_CURVE ( 'NONE', #2198, #2150, #4698, .T. ) ;
#6655 = ADVANCED_FACE ( 'NONE', ( #2100 ), #7406, .T. ) ;
#6656 = B_SPLINE_CURVE_WITH_KNOTS ( 'NONE', 3,
 ( #3562, #4809, #3522, #1172 ),
 .UNSPECIFIED., .F., .F.,
 ( 4, 4 ),
 ( 0.000000000000000000, 1.000000000000000000 ),
 .UNSPECIFIED. ) ;
#6657 = VERTEX_POINT ( 'NONE', #2559 ) ;
#6658 = ORIENTED_EDGE ( 'NONE', *, *, #7121, .T. ) ;
#6659 = DIRECTION ( 'NONE',  ( 1.000000000000000000, 0.000000000000000000, 0.000000000000000000 ) ) ;
#6660 = DIRECTION ( 'NONE',  ( -0.9658855493432024764, 0.000000000000000000, -0.2589693139543370881 ) ) ;
#6661 = EDGE_CURVE ( 'NONE', #2323, #4844, #6141, .T. ) ;
#6662 = FACE_OUTER_BOUND ( 'NONE', #5694, .T. ) ;
#6663 = ORIENTED_EDGE ( 'NONE', *, *, #776, .T. ) ;
#6664 = DIRECTION ( 'NONE',  ( 0.000000000000000000, 0.000000000000000000, 1.000000000000000000 ) ) ;
#6665 = AXIS2_PLACEMENT_3D ( 'NONE', #7413, #2143, #3921 ) ;
#6666 = DIRECTION ( 'NONE',  ( -1.000000000000000000, 0.000000000000000000, 0.000000000000000000 ) ) ;
#6667 = CARTESIAN_POINT ( 'NONE',  ( -5.028999999999999915, 4.191000000000000725, 0.000000000000000000 ) ) ;
#6668 = DIRECTION ( 'NONE',  ( 0.7931070766835157659, 0.000000000000000000, -0.6090822316522848112 ) ) ;
#6669 = CIRCLE ( 'NONE', #48, 0.2539999999999996705 ) ;
#6670 = CARTESIAN_POINT ( 'NONE',  ( -3.797000000000000153, 5.244999999999999218, 1.590000000000000080 ) ) ;
#6671 = CARTESIAN_POINT ( 'NONE',  ( 5.028999999999999915, -0.3810000000000000053, 0.2540000000000000036 ) ) ;
#6672 = ORIENTED_EDGE ( 'NONE', *, *, #1558, .F. ) ;
#6673 = CARTESIAN_POINT ( 'NONE',  ( 5.028999999999999915, -4.191000000000000725, 0.2540000000000000036 ) ) ;
#6674 = VECTOR ( 'NONE', #1779, 1000.000000000000000 ) ;
#6675 = CARTESIAN_POINT ( 'NONE',  ( 4.334999999999999964, 3.429000000000000270, 1.132999999999999785 ) ) ;
#6676 = ORIENTED_EDGE ( 'NONE', *, *, #5808, .T. ) ;
#6677 = CARTESIAN_POINT ( 'NONE',  ( 3.797000000000000153, 1.650999999999999801, 1.574999999999999956 ) ) ;
#6678 = CARTESIAN_POINT ( 'NONE',  ( -3.620000000000000107, -5.142999999999999794, 0.2540000000000000036 ) ) ;
#6679 = DIRECTION ( 'NONE',  ( 0.000000000000000000, 1.000000000000000000, 0.000000000000000000 ) ) ;
#6680 = DIRECTION ( 'NONE',  ( 0.000000000000000000, 1.000000000000000000, 0.000000000000000000 ) ) ;
#6681 = ORIENTED_EDGE ( 'NONE', *, *, #879, .F. ) ;
#6682 = CARTESIAN_POINT ( 'NONE',  ( 3.797000000000000153, -1.650999999999999801, 1.574999999999999956 ) ) ;
#6683 = EDGE_CURVE ( 'NONE', #6117, #1007, #7254, .T. ) ;
#6684 =( NAMED_UNIT ( * ) PLANE_ANGLE_UNIT ( ) SI_UNIT ( $, .RADIAN. ) );
#6685 = VERTEX_POINT ( 'NONE', #4370 ) ;
#6686 = LINE ( 'NONE', #5074, #1417 ) ;
#6687 = CARTESIAN_POINT ( 'NONE',  ( -4.089999999999999858, 4.191000000000000725, 1.066999999999999948 ) ) ;
#6688 = FILL_AREA_STYLE ('',( #1572 ) ) ;
#6689 = ORIENTED_EDGE ( 'NONE', *, *, #4298, .F. ) ;
#6690 = EDGE_CURVE ( 'NONE', #6558, #2965, #1983, .T. ) ;
#6691 = ORIENTED_EDGE ( 'NONE', *, *, #6564, .F. ) ;
#6692 = EDGE_CURVE ( 'NONE', #3590, #1694, #6669, .T. ) ;
#6693 = ORIENTED_EDGE ( 'NONE', *, *, #6040, .T. ) ;
#6694 = EDGE_CURVE ( 'NONE', #306, #5417, #5815, .T. ) ;
#6695 = FACE_OUTER_BOUND ( 'NONE', #3171, .T. ) ;
#6696 = CARTESIAN_POINT ( 'NONE',  ( 3.797000000000000153, -0.3810000000000000053, 1.574999999999999956 ) ) ;
#6697 = UNCERTAINTY_MEASURE_WITH_UNIT (LENGTH_MEASURE( 1.000000000000000082E-05 ), #750, 'distance_accuracy_value', 'NONE');
#6698 = ADVANCED_FACE ( 'NONE', ( #913 ), #4485, .T. ) ;
#6699 = CARTESIAN_POINT ( 'NONE',  ( 4.334999999999999964, -4.698999999999999844, 1.132999999999999785 ) ) ;
#6700 = PLANE ( 'NONE',  #4008 ) ;
#6701 = ORIENTED_EDGE ( 'NONE', *, *, #3513, .T. ) ;
#6702 = VECTOR ( 'NONE', #6161, 1000.000000000000000 ) ;
#6703 = DIRECTION ( 'NONE',  ( 0.000000000000000000, 1.000000000000000000, 0.000000000000000000 ) ) ;
#6704 = CARTESIAN_POINT ( 'NONE',  ( 4.538000000000000256, -3.429000000000000270, 0.3770000000000000018 ) ) ;
#6705 = PLANE ( 'NONE',  #4288 ) ;
#6706 = CIRCLE ( 'NONE', #7320, 0.2539999999999996705 ) ;
#6707 = DIRECTION ( 'NONE',  ( 0.000000000000000000, -1.000000000000000000, 0.000000000000000000 ) ) ;
#6708 = LINE ( 'NONE', #294, #1329 ) ;
#6709 = DIRECTION ( 'NONE',  ( 0.000000000000000000, 0.000000000000000000, -1.000000000000000000 ) ) ;
#6710 = ORIENTED_EDGE ( 'NONE', *, *, #933, .T. ) ;
#6711 = EDGE_CURVE ( 'NONE', #3844, #5246, #1440, .T. ) ;
#6712 = CIRCLE ( 'NONE', #1919, 0.5080000000000001181 ) ;
#6713 = CARTESIAN_POINT ( 'NONE',  ( -4.538169246415237446, -0.5503333333333333410, 0.3770451553572226611 ) ) ;
#6714 = B_SPLINE_CURVE_WITH_KNOTS ( 'NONE', 3,
 ( #3946, #1657, #6822, #2202 ),
 .UNSPECIFIED., .F., .F.,
 ( 4, 4 ),
 ( 0.000000000000000000, 1.000000000000000000 ),
 .UNSPECIFIED. ) ;
#6715 = LINE ( 'NONE', #911, #2178 ) ;
#6716 = ORIENTED_EDGE ( 'NONE', *, *, #5891, .F. ) ;
#6717 = CARTESIAN_POINT ( 'NONE',  ( -5.028999999999999915, -3.429000000000000270, 0.5080000000000000071 ) ) ;
#6718 = PRESENTATION_STYLE_ASSIGNMENT (( #6102 ) ) ;
#6719 = DIRECTION ( 'NONE',  ( 1.000000000000000000, 0.000000000000000000, 0.000000000000000000 ) ) ;
#6720 = VECTOR ( 'NONE', #3302, 1000.000000000000000 ) ;
#6721 = CARTESIAN_POINT ( 'NONE',  ( -4.783000000000000362, -4.698999999999999844, 0.4420000000000000040 ) ) ;
#6722 = VERTEX_POINT ( 'NONE', #5647 ) ;
#6723 = CARTESIAN_POINT ( 'NONE',  ( -3.797000000000000153, -2.920999999999999819, 1.574999999999999956 ) ) ;
#6724 = FILL_AREA_STYLE_COLOUR ( '', #3181 ) ;
#6725 = AXIS2_PLACEMENT_3D ( 'NONE', #3974, #3440, #3283 ) ;
#6726 = VECTOR ( 'NONE', #7164, 1000.000000000000000 ) ;
#6727 = ORIENTED_EDGE ( 'NONE', *, *, #4084, .F. ) ;
#6728 = FACE_OUTER_BOUND ( 'NONE', #2451, .T. ) ;
#6729 = DIRECTION ( 'NONE',  ( 1.000000000000000000, 0.000000000000000000, 0.000000000000000000 ) ) ;
#6730 = CARTESIAN_POINT ( 'NONE',  ( 3.797000000000000153, -1.650999999999999801, 1.320999999999999952 ) ) ;
#6731 = ADVANCED_FACE ( 'NONE', ( #342 ), #7330, .T. ) ;
#6732 = AXIS2_PLACEMENT_3D ( 'NONE', #5420, #3108, #1906 ) ;
#6733 = EDGE_LOOP ( 'NONE', ( #6456, #7484, #2186, #3012 ) ) ;
#6734 = AXIS2_PLACEMENT_3D ( 'NONE', #2445, #5270, #616 ) ;
#6735 = ORIENTED_EDGE ( 'NONE', *, *, #2341, .T. ) ;
#6736 = B_SPLINE_CURVE_WITH_KNOTS ( 'NONE', 3,
 ( #5877, #4140, #7060, #613 ),
 .UNSPECIFIED., .F., .F.,
 ( 4, 4 ),
 ( 0.000000000000000000, 1.000000000000000000 ),
 .UNSPECIFIED. ) ;
#6737 = CARTESIAN_POINT ( 'NONE',  ( 3.797000000000000153, -5.244999999999999218, 1.590000000000000080 ) ) ;
#6738 = DIRECTION ( 'NONE',  ( -1.000000000000000000, 0.000000000000000000, 0.000000000000000000 ) ) ;
#6739 = ADVANCED_FACE ( 'NONE', ( #6794 ), #839, .T. ) ;
#6740 = FACE_OUTER_BOUND ( 'NONE', #5954, .T. ) ;
#6741 = EDGE_LOOP ( 'NONE', ( #4530, #1339, #6076, #1945 ) ) ;
#6742 = B_SPLINE_CURVE_WITH_KNOTS ( 'NONE', 3,
 ( #6294, #4566, #500, #7523 ),
 .UNSPECIFIED., .F., .F.,
 ( 4, 4 ),
 ( 0.000000000000000000, 1.000000000000000000 ),
 .UNSPECIFIED. ) ;
#6743 = EDGE_CURVE ( 'NONE', #6546, #2554, #5206, .T. ) ;
#6744 = LINE ( 'NONE', #1536, #7437 ) ;
#6745 = EDGE_LOOP ( 'NONE', ( #2886, #4390, #4999, #5646 ) ) ;
#6746 = CARTESIAN_POINT ( 'NONE',  ( -5.321000000000000618, -0.8890000000000000124, 0.000000000000000000 ) ) ;
#6747 = DIRECTION ( 'NONE',  ( 0.000000000000000000, -1.000000000000000000, 0.000000000000000000 ) ) ;
#6748 = DIRECTION ( 'NONE',  ( 0.000000000000000000, -1.000000000000000000, 0.000000000000000000 ) ) ;
#6749 = EDGE_CURVE ( 'NONE', #369, #4524, #6306, .T. ) ;
#6750 = CARTESIAN_POINT ( 'NONE',  ( -4.089999999999999858, -1.650999999999999801, 1.066999999999999948 ) ) ;
#6751 = LINE ( 'NONE', #1466, #2655 ) ;
#6752 = EDGE_CURVE ( 'NONE', #3438, #908, #2353, .T. ) ;
#6753 = VECTOR ( 'NONE', #681, 1000.000000000000000 ) ;
#6754 = CARTESIAN_POINT ( 'NONE',  ( -5.028999999999999915, -4.191000000000000725, 0.5080000000000000071 ) ) ;
#6755 = EDGE_LOOP ( 'NONE', ( #4843, #2820, #2697, #266 ) ) ;
#6756 = CARTESIAN_POINT ( 'NONE',  ( -4.335256734746894658, 4.529666666666667396, 1.133069161197122865 ) ) ;
#6757 = DIRECTION ( 'NONE',  ( 0.000000000000000000, 1.000000000000000000, 0.000000000000000000 ) ) ;
#6758 = ORIENTED_EDGE ( 'NONE', *, *, #2901, .T. ) ;
#6759 = LINE ( 'NONE', #1512, #3489 ) ;
#6760 = CARTESIAN_POINT ( 'NONE',  ( -4.783675919342393890, 1.989666666666666472, 0.4421813442138124439 ) ) ;
#6761 = EDGE_CURVE ( 'NONE', #3050, #6434, #6759, .T. ) ;
#6762 = CARTESIAN_POINT ( 'NONE',  ( 4.089999999999999858, 0.8890000000000000124, 1.574999999999999956 ) ) ;
#6763 = ORIENTED_EDGE ( 'NONE', *, *, #6464, .T. ) ;
#6764 = DIRECTION ( 'NONE',  ( 0.000000000000000000, 1.000000000000000000, 0.000000000000000000 ) ) ;
#6765 = LINE ( 'NONE', #2683, #4275 ) ;
#6766 = AXIS2_PLACEMENT_3D ( 'NONE', #4917, #1380, #5544 ) ;
#6767 = ORIENTED_EDGE ( 'NONE', *, *, #3781, .T. ) ;
#6768 = VERTEX_POINT ( 'NONE', #1373 ) ;
#6769 = CARTESIAN_POINT ( 'NONE',  ( -2.586999999999999744, 4.270000000000000462, 2.644000000000000128 ) ) ;
#6770 = LINE ( 'NONE', #1486, #5666 ) ;
#6771 = DIRECTION ( 'NONE',  ( 1.000000000000000000, 0.000000000000000000, 0.000000000000000000 ) ) ;
#6772 = ORIENTED_EDGE ( 'NONE', *, *, #1342, .T. ) ;
#6773 = VERTEX_POINT ( 'NONE', #4940 ) ;
#6774 = CARTESIAN_POINT ( 'NONE',  ( -4.581000000000000405, 2.158999999999999808, 1.197999999999999954 ) ) ;
#6775 = CARTESIAN_POINT ( 'NONE',  ( 5.028999999999999915, 0.3810000000000000053, 0.000000000000000000 ) ) ;
#6776 = DIRECTION ( 'NONE',  ( -1.000000000000000000, 0.000000000000000000, 0.000000000000000000 ) ) ;
#6777 = VERTEX_POINT ( 'NONE', #6213 ) ;
#6778 = ADVANCED_FACE ( 'NONE', ( #7294 ), #950, .T. ) ;
#6779 =( LENGTH_UNIT ( ) NAMED_UNIT ( * ) SI_UNIT ( .MILLI., .METRE. ) );
#6780 = ORIENTED_EDGE ( 'NONE', *, *, #7058, .T. ) ;
#6781 = EDGE_CURVE ( 'NONE', #6814, #4313, #5793, .T. ) ;
#6782 = CARTESIAN_POINT ( 'NONE',  ( 4.089999999999999858, -4.191000000000000725, 1.320999999999999952 ) ) ;
#6783 = LINE ( 'NONE', #3787, #4104 ) ;
#6784 = CARTESIAN_POINT ( 'NONE',  ( 4.089999999999999858, 2.158999999999999808, 1.066999999999999948 ) ) ;
#6785 = LINE ( 'NONE', #1501, #7279 ) ;
#6786 = DIRECTION ( 'NONE',  ( 1.000000000000000000, 0.000000000000000000, 0.000000000000000000 ) ) ;
#6787 = FACE_OUTER_BOUND ( 'NONE', #5387, .T. ) ;
#6788 = ORIENTED_EDGE ( 'NONE', *, *, #4247, .T. ) ;
#6789 = LINE ( 'NONE', #381, #1090 ) ;
#6790 = DIRECTION ( 'NONE',  ( 0.7931070766835157659, 0.000000000000000000, -0.6090822316522848112 ) ) ;
#6791 = ORIENTED_EDGE ( 'NONE', *, *, #3404, .T. ) ;
#6792 = EDGE_CURVE ( 'NONE', #5562, #2188, #6198, .T. ) ;
#6793 = AXIS2_PLACEMENT_3D ( 'NONE', #3188, #7371, #5491 ) ;
#6794 = FACE_OUTER_BOUND ( 'NONE', #354, .T. ) ;
#6795 = CARTESIAN_POINT ( 'NONE',  ( 4.335256734746894658, 4.360333333333333172, 1.133069161197122865 ) ) ;
#6796 = ADVANCED_FACE ( 'NONE', ( #1671 ), #2837, .T. ) ;
#6797 = EDGE_CURVE ( 'NONE', #6414, #3913, #2875, .T. ) ;
#6798 = DIRECTION ( 'NONE',  ( -0.7931070766835153218, 0.000000000000000000, 0.6090822316522856994 ) ) ;
#6799 = AXIS2_PLACEMENT_3D ( 'NONE', #6803, #6839, #2254 ) ;
#6800 = FILL_AREA_STYLE ('',( #4453 ) ) ;
#6801 = ORIENTED_EDGE ( 'NONE', *, *, #3843, .F. ) ;
#6802 = VECTOR ( 'NONE', #3652, 1000.000000000000000 ) ;
#6803 = CARTESIAN_POINT ( 'NONE',  ( -5.028999999999999915, 3.429000000000000270, 0.5080000000000000071 ) ) ;
#6804 =( NAMED_UNIT ( * ) PLANE_ANGLE_UNIT ( ) SI_UNIT ( $, .RADIAN. ) );
#6805 = ORIENTED_EDGE ( 'NONE', *, *, #5024, .T. ) ;
#6806 = EDGE_CURVE ( 'NONE', #2285, #7232, #6293, .T. ) ;
#6807 = EDGE_LOOP ( 'NONE', ( #37, #7576, #7047, #1687 ) ) ;
#6808 = LINE ( 'NONE', #2147, #6091 ) ;
#6809 = EDGE_CURVE ( 'NONE', #5553, #5532, #4033, .T. ) ;
#6810 = CIRCLE ( 'NONE', #551, 0.5080000000000001181 ) ;
#6811 = CARTESIAN_POINT ( 'NONE',  ( -4.334999999999999964, -2.920999999999999819, 1.132999999999999785 ) ) ;
#6812 = ORIENTED_EDGE ( 'NONE', *, *, #3741, .T. ) ;
#6813 = ADVANCED_FACE ( 'NONE', ( #1597 ), #1709, .T. ) ;
#6814 = VERTEX_POINT ( 'NONE', #6371 ) ;
#6815 = FACE_OUTER_BOUND ( 'NONE', #804, .T. ) ;
#6816 = DIRECTION ( 'NONE',  ( 0.000000000000000000, 1.000000000000000000, 0.000000000000000000 ) ) ;
#6817 = EDGE_LOOP ( 'NONE', ( #2083, #3352, #7510, #5810 ) ) ;
#6818 = CARTESIAN_POINT ( 'NONE',  ( -3.797000000000000153, -5.244999999999999218, 1.590000000000000080 ) ) ;
#6819 = ORIENTED_EDGE ( 'NONE', *, *, #3058, .T. ) ;
#6820 = CARTESIAN_POINT ( 'NONE',  ( 3.797000000000000153, -0.3810000000000000053, 1.574999999999999956 ) ) ;
#6821 = CARTESIAN_POINT ( 'NONE',  ( -5.028999999999999915, -4.191000000000000725, 0.5080000000000000071 ) ) ;
#6822 = CARTESIAN_POINT ( 'NONE',  ( -4.783675919342393890, -0.5503333333333333410, 0.4421813442138124439 ) ) ;
#6823 = DIRECTION ( 'NONE',  ( 0.000000000000000000, 0.000000000000000000, 1.000000000000000000 ) ) ;
#6824 = DIRECTION ( 'NONE',  ( 0.000000000000000000, 0.000000000000000000, -1.000000000000000000 ) ) ;
#6825 = ADVANCED_FACE ( 'NONE', ( #2287 ), #6942, .T. ) ;
#6826 = FACE_OUTER_BOUND ( 'NONE', #2900, .T. ) ;
#6827 =( GEOMETRIC_REPRESENTATION_CONTEXT ( 3 ) GLOBAL_UNCERTAINTY_ASSIGNED_CONTEXT ( ( #3631 ) ) GLOBAL_UNIT_ASSIGNED_CONTEXT ( ( #6779, #1124, #325 ) ) REPRESENTATION_CONTEXT ( 'NONE', 'WORKASPACE' ) );
#6828 = ORIENTED_EDGE ( 'NONE', *, *, #4972, .T. ) ;
#6829 = CARTESIAN_POINT ( 'NONE',  ( 4.334999999999999964, 4.191000000000000725, 1.132999999999999785 ) ) ;
#6830 = FACE_OUTER_BOUND ( 'NONE', #353, .T. ) ;
#6831 = ORIENTED_EDGE ( 'NONE', *, *, #5610, .T. ) ;
#6832 = CARTESIAN_POINT ( 'NONE',  ( 4.334999999999999964, 2.920999999999999819, 1.132999999999999785 ) ) ;
#6833 =( NAMED_UNIT ( * ) PLANE_ANGLE_UNIT ( ) SI_UNIT ( $, .RADIAN. ) );
#6834 = VECTOR ( 'NONE', #1869, 1000.000000000000000 ) ;
#6835 = FACE_OUTER_BOUND ( 'NONE', #5429, .T. ) ;
#6836 = FACE_OUTER_BOUND ( 'NONE', #5529, .T. ) ;
#6837 = ORIENTED_EDGE ( 'NONE', *, *, #6960, .F. ) ;
#6838 = CIRCLE ( 'NONE', #4503, 0.2539999999999996705 ) ;
#6839 = DIRECTION ( 'NONE',  ( 0.000000000000000000, -1.000000000000000000, 0.000000000000000000 ) ) ;
#6840 = EDGE_CURVE ( 'NONE', #2337, #4387, #548, .T. ) ;
#6841 = LINE ( 'NONE', #2884, #6846 ) ;
#6842 = EDGE_LOOP ( 'NONE', ( #3805, #4864, #5414, #6886 ) ) ;
#6843 = ORIENTED_EDGE ( 'NONE', *, *, #7029, .F. ) ;
#6844 = VECTOR ( 'NONE', #6543, 1000.000000000000000 ) ;
#6845 = DIRECTION ( 'NONE',  ( 0.000000000000000000, 1.000000000000000000, 0.000000000000000000 ) ) ;
#6846 = VECTOR ( 'NONE', #2764, 1000.000000000000000 ) ;
#6847 = ORIENTED_EDGE ( 'NONE', *, *, #4386, .F. ) ;
#6848 = LINE ( 'NONE', #7498, #4677 ) ;
#6849 = CARTESIAN_POINT ( 'NONE',  ( 4.783675919342393890, 4.529666666666667396, 0.4421813442138124439 ) ) ;
#6850 = EDGE_LOOP ( 'NONE', ( #2060, #3775, #117, #3192 ) ) ;
#6851 = AXIS2_PLACEMENT_3D ( 'NONE', #749, #2580, #4965 ) ;
#6852 = CIRCLE ( 'NONE', #7334, 0.5080000000000001181 ) ;
#6853 = ORIENTED_EDGE ( 'NONE', *, *, #3943, .T. ) ;
#6854 = CARTESIAN_POINT ( 'NONE',  ( -4.334999999999999964, -0.3810000000000000053, 1.132999999999999785 ) ) ;
#6855 = VECTOR ( 'NONE', #6944, 1000.000000000000000 ) ;
#6856 = AXIS2_PLACEMENT_3D ( 'NONE', #6253, #1550, #5681 ) ;
#6857 = DIRECTION ( 'NONE',  ( 0.2589693139543370881, 0.000000000000000000, 0.9658855493432024764 ) ) ;
#6858 = ADVANCED_FACE ( 'NONE', ( #1142 ), #572, .T. ) ;
#6859 = ORIENTED_EDGE ( 'NONE', *, *, #7218, .T. ) ;
#6860 = ORIENTED_EDGE ( 'NONE', *, *, #3130, .T. ) ;
#6861 =( GEOMETRIC_REPRESENTATION_CONTEXT ( 3 ) GLOBAL_UNCERTAINTY_ASSIGNED_CONTEXT ( ( #4394 ) ) GLOBAL_UNIT_ASSIGNED_CONTEXT ( ( #3961, #5654, #3881 ) ) REPRESENTATION_CONTEXT ( 'NONE', 'WORKASPACE' ) );
#6862 = DIRECTION ( 'NONE',  ( 0.000000000000000000, 1.000000000000000000, 0.000000000000000000 ) ) ;
#6863 = DIRECTION ( 'NONE',  ( 0.000000000000000000, 0.000000000000000000, 1.000000000000000000 ) ) ;
#6864 = CARTESIAN_POINT ( 'NONE',  ( 5.028999999999999915, -2.158999999999999808, 0.5080000000000000071 ) ) ;
#6865 = FACE_OUTER_BOUND ( 'NONE', #2692, .T. ) ;
#6866 = LINE ( 'NONE', #410, #2291 ) ;
#6867 = B_SPLINE_CURVE_WITH_KNOTS ( 'NONE', 3,
 ( #3620, #1266, #4720, #7068 ),
 .UNSPECIFIED., .F., .F.,
 ( 4, 4 ),
 ( 0.000000000000000000, 1.000000000000000000 ),
 .UNSPECIFIED. ) ;
#6868 = DIRECTION ( 'NONE',  ( 0.000000000000000000, 1.000000000000000000, 0.000000000000000000 ) ) ;
#6869 = EDGE_LOOP ( 'NONE', ( #1880, #3993, #472, #5072 ) ) ;
#6870 = DIRECTION ( 'NONE',  ( 0.000000000000000000, 1.000000000000000000, 0.000000000000000000 ) ) ;
#6871 = DIRECTION ( 'NONE',  ( 0.7931070766835153218, 0.000000000000000000, 0.6090822316522856994 ) ) ;
#6872 = ORIENTED_EDGE ( 'NONE', *, *, #5090, .F. ) ;
#6873 = CARTESIAN_POINT ( 'NONE',  ( 4.089999999999999858, 4.191000000000000725, 1.574999999999999956 ) ) ;
#6874 = CARTESIAN_POINT ( 'NONE',  ( 5.321000000000000618, -1.650999999999999801, 0.2540000000000000036 ) ) ;
#6875 = CARTESIAN_POINT ( 'NONE',  ( 5.028999999999999915, 2.920999999999999819, 0.000000000000000000 ) ) ;
#6876 =( NAMED_UNIT ( * ) SI_UNIT ( $, .STERADIAN. ) SOLID_ANGLE_UNIT ( ) );
#6877 = DIRECTION ( 'NONE',  ( 0.7931070766835166541, 0.000000000000000000, -0.6090822316522841451 ) ) ;
#6878 = DIRECTION ( 'NONE',  ( 0.000000000000000000, 0.000000000000000000, -1.000000000000000000 ) ) ;
#6879 = EDGE_CURVE ( 'NONE', #7038, #1206, #5561, .T. ) ;
#6880 = PLANE ( 'NONE',  #3286 ) ;
#6881 = ORIENTED_EDGE ( 'NONE', *, *, #6343, .F. ) ;
#6882 = EDGE_LOOP ( 'NONE', ( #1530, #7172, #371, #4183 ) ) ;
#6883 = CARTESIAN_POINT ( 'NONE',  ( 4.580830753584762327, -4.529666666666667396, 1.197954844642777461 ) ) ;
#6884 = CARTESIAN_POINT ( 'NONE',  ( 4.581000000000000405, 0.8890000000000000124, 1.197999999999999954 ) ) ;
#6885 = CARTESIAN_POINT ( 'NONE',  ( 4.783000000000000362, -4.698999999999999844, 0.4420000000000000040 ) ) ;
#6886 = ORIENTED_EDGE ( 'NONE', *, *, #4129, .F. ) ;
#6887 = AXIS2_PLACEMENT_3D ( 'NONE', #1347, #7148, #1874 ) ;
#6888 = VERTEX_POINT ( 'NONE', #6832 ) ;
#6889 = EDGE_CURVE ( 'NONE', #1053, #4777, #3618, .T. ) ;
#6890 = LINE ( 'NONE', #6276, #3459 ) ;
#6891 = CIRCLE ( 'NONE', #3950, 0.5080000000000001181 ) ;
#6892 = EDGE_CURVE ( 'NONE', #4839, #4690, #2797, .T. ) ;
#6893 = ADVANCED_FACE ( 'NONE', ( #3345 ), #4601, .T. ) ;
#6894 = CARTESIAN_POINT ( 'NONE',  ( -3.797000000000000153, 0.3810000000000000053, 1.320999999999999952 ) ) ;
#6895 = VERTEX_POINT ( 'NONE', #2174 ) ;
#6896 = B_SPLINE_CURVE_WITH_KNOTS ( 'NONE', 3,
 ( #5094, #6901, #3407, #5053 ),
 .UNSPECIFIED., .F., .F.,
 ( 4, 4 ),
 ( 0.000000000000000000, 1.000000000000000000 ),
 .UNSPECIFIED. ) ;
#6897 = ORIENTED_EDGE ( 'NONE', *, *, #7526, .T. ) ;
#6898 = EDGE_CURVE ( 'NONE', #4575, #688, #4525, .T. ) ;
#6899 = CARTESIAN_POINT ( 'NONE',  ( -3.797000000000000153, -4.698999999999999844, 1.320999999999999952 ) ) ;
#6900 = FACE_OUTER_BOUND ( 'NONE', #1076, .T. ) ;
#6901 = CARTESIAN_POINT ( 'NONE',  ( -3.738762471874396365, 5.211079724515979450, 0.9551963908272763648 ) ) ;
#6902 = CARTESIAN_POINT ( 'NONE',  ( 4.783675919342393890, 1.989666666666666472, 0.4421813442138124439 ) ) ;
#6903 = CARTESIAN_POINT ( 'NONE',  ( -4.334999999999999964, 0.8890000000000000124, 1.132999999999999785 ) ) ;
#6904 = CARTESIAN_POINT ( 'NONE',  ( 4.783000000000000362, -0.8890000000000000124, 0.4420000000000000040 ) ) ;
#6905 = ORIENTED_EDGE ( 'NONE', *, *, #1351, .T. ) ;
#6906 = DIRECTION ( 'NONE',  ( 0.000000000000000000, -1.000000000000000000, 0.000000000000000000 ) ) ;
#6907 = DIRECTION ( 'NONE',  ( 0.000000000000000000, -1.000000000000000000, 0.000000000000000000 ) ) ;
#6908 = ORIENTED_EDGE ( 'NONE', *, *, #5306, .F. ) ;
#6909 = DIRECTION ( 'NONE',  ( 0.000000000000000000, 0.000000000000000000, -1.000000000000000000 ) ) ;
#6910 = CARTESIAN_POINT ( 'NONE',  ( 5.028999999999999915, -2.158999999999999808, 0.5080000000000000071 ) ) ;
#6911 = PLANE ( 'NONE',  #7326 ) ;
#6912 = FACE_OUTER_BOUND ( 'NONE', #2909, .T. ) ;
#6913 = CARTESIAN_POINT ( 'NONE',  ( 4.089999999999999858, 0.3810000000000000053, 1.066999999999999948 ) ) ;
#6914 = ORIENTED_EDGE ( 'NONE', *, *, #4805, .T. ) ;
#6915 = VERTEX_POINT ( 'NONE', #3994 ) ;
#6916 = DIRECTION ( 'NONE',  ( 0.000000000000000000, 0.000000000000000000, 1.000000000000000000 ) ) ;
#6917 = VECTOR ( 'NONE', #2844, 1000.000000000000000 ) ;
#6918 = DIRECTION ( 'NONE',  ( 0.7931070766835153218, 0.000000000000000000, 0.6090822316522856994 ) ) ;
#6919 = CARTESIAN_POINT ( 'NONE',  ( -4.581000000000000405, -2.158999999999999808, 1.197999999999999954 ) ) ;
#6920 = VECTOR ( 'NONE', #4638, 1000.000000000000000 ) ;
#6921 = EDGE_CURVE ( 'NONE', #609, #3300, #459, .T. ) ;
#6922 = ORIENTED_EDGE ( 'NONE', *, *, #3820, .F. ) ;
#6923 = AXIS2_PLACEMENT_3D ( 'NONE', #3017, #1100, #6937 ) ;
#6924 = AXIS2_PLACEMENT_3D ( 'NONE', #2863, #5783, #5052 ) ;
#6925 = VERTEX_POINT ( 'NONE', #3571 ) ;
#6926 = CARTESIAN_POINT ( 'NONE',  ( 4.089999999999999858, -0.8890000000000000124, 1.574999999999999956 ) ) ;
#6927 = DIRECTION ( 'NONE',  ( -1.000000000000000000, 0.000000000000000000, 0.000000000000000000 ) ) ;
#6928 = ORIENTED_EDGE ( 'NONE', *, *, #2619, .T. ) ;
#6929 = ADVANCED_FACE ( 'NONE', ( #1891 ), #1285, .T. ) ;
#6930 = VERTEX_POINT ( 'NONE', #5873 ) ;
#6931 = EDGE_CURVE ( 'NONE', #2393, #4649, #5943, .T. ) ;
#6932 = DIRECTION ( 'NONE',  ( 0.000000000000000000, 1.000000000000000000, 0.000000000000000000 ) ) ;
#6933 = CARTESIAN_POINT ( 'NONE',  ( -5.321000000000000618, 0.8890000000000000124, 0.000000000000000000 ) ) ;
#6934 = DIRECTION ( 'NONE',  ( 0.000000000000000000, -1.000000000000000000, 0.000000000000000000 ) ) ;
#6935 = CARTESIAN_POINT ( 'NONE',  ( 4.402572021097666877, 2.920999999999999819, 0.8809746240141085316 ) ) ;
#6936 = LINE ( 'NONE', #491, #3306 ) ;
#6937 = DIRECTION ( 'NONE',  ( -0.7931070766835153218, 0.000000000000000000, 0.6090822316522856994 ) ) ;
#6938 = ORIENTED_EDGE ( 'NONE', *, *, #2647, .F. ) ;
#6939 = CARTESIAN_POINT ( 'NONE',  ( -4.538000000000000256, -2.920999999999999819, 0.3770000000000000018 ) ) ;
#6940 = CARTESIAN_POINT ( 'NONE',  ( 5.321000000000000618, -3.429000000000000270, 0.000000000000000000 ) ) ;
#6941 = ORIENTED_EDGE ( 'NONE', *, *, #3421, .T. ) ;
#6942 = CYLINDRICAL_SURFACE ( 'NONE', #5573, 0.5080000000000000071 ) ;
#6943 = CARTESIAN_POINT ( 'NONE',  ( -4.334999999999999964, -0.3810000000000000053, 1.132999999999999785 ) ) ;
#6944 = DIRECTION ( 'NONE',  ( -1.000000000000000000, 0.000000000000000000, 0.000000000000000000 ) ) ;
#6945 = DIRECTION ( 'NONE',  ( 0.000000000000000000, 1.000000000000000000, 0.000000000000000000 ) ) ;
#6946 = MECHANICAL_DESIGN_GEOMETRIC_PRESENTATION_REPRESENTATION (  '', ( #7187 ), #4496 ) ;
#6947 = EDGE_CURVE ( 'NONE', #1731, #6222, #2402, .T. ) ;
#6948 = PLANE ( 'NONE',  #4460 ) ;
#6949 = ORIENTED_EDGE ( 'NONE', *, *, #7364, .T. ) ;
#6950 = ORIENTED_EDGE ( 'NONE', *, *, #5467, .T. ) ;
#6951 = STYLED_ITEM ( 'NONE', ( #197 ), #2725 ) ;
#6952 = CARTESIAN_POINT ( 'NONE',  ( 4.334999999999999964, 1.650999999999999801, 1.132999999999999785 ) ) ;
#6953 = DIRECTION ( 'NONE',  ( 0.000000000000000000, -1.000000000000000000, 0.000000000000000000 ) ) ;
#6954 = CARTESIAN_POINT ( 'NONE',  ( -4.089999999999999858, 0.8890000000000000124, 1.066999999999999948 ) ) ;
#6955 = CIRCLE ( 'NONE', #1785, 0.2540000000000000591 ) ;
#6956 = ORIENTED_EDGE ( 'NONE', *, *, #2701, .F. ) ;
#6957 = AXIS2_PLACEMENT_3D ( 'NONE', #5750, #3410, #6250 ) ;
#6958 =( GEOMETRIC_REPRESENTATION_CONTEXT ( 3 ) GLOBAL_UNCERTAINTY_ASSIGNED_CONTEXT ( ( #5253 ) ) GLOBAL_UNIT_ASSIGNED_CONTEXT ( ( #6991, #3465, #5799 ) ) REPRESENTATION_CONTEXT ( 'NONE', 'WORKASPACE' ) );
#6959 = VERTEX_POINT ( 'NONE', #7056 ) ;
#6960 = EDGE_CURVE ( 'NONE', #5313, #7391, #5444, .T. ) ;
#6961 = CARTESIAN_POINT ( 'NONE',  ( -5.028999999999999915, -0.8890000000000000124, 0.2540000000000000036 ) ) ;
#6962 = CARTESIAN_POINT ( 'NONE',  ( -3.797000000000000153, -3.429000000000000270, 1.574999999999999956 ) ) ;
#6963 = VERTEX_POINT ( 'NONE', #4820 ) ;
#6964 = AXIS2_PLACEMENT_3D ( 'NONE', #4448, #1371, #6790 ) ;
#6965 = ORIENTED_EDGE ( 'NONE', *, *, #2373, .T. ) ;
#6966 = ORIENTED_EDGE ( 'NONE', *, *, #5006, .T. ) ;
#6967 = EDGE_CURVE ( 'NONE', #1982, #4622, #3678, .T. ) ;
#6968 = VECTOR ( 'NONE', #5988, 1000.000000000000000 ) ;
#6969 = FACE_OUTER_BOUND ( 'NONE', #4145, .T. ) ;
#6970 = CARTESIAN_POINT ( 'NONE',  ( 4.538000000000000256, 3.429000000000000270, 0.3770000000000000018 ) ) ;
#6971 = CARTESIAN_POINT ( 'NONE',  ( 4.089999999999999858, 3.429000000000000270, 1.066999999999999948 ) ) ;
#6972 = LINE ( 'NONE', #3906, #6612 ) ;
#6973 = ADVANCED_FACE ( 'NONE', ( #141 ), #2988, .T. ) ;
#6974 = VECTOR ( 'NONE', #2626, 1000.000000000000000 ) ;
#6975 = CIRCLE ( 'NONE', #2678, 0.2540000000000000591 ) ;
#6976 = SURFACE_STYLE_FILL_AREA ( #527 ) ;
#6977 = VERTEX_POINT ( 'NONE', #6016 ) ;
#6978 = CARTESIAN_POINT ( 'NONE',  ( 4.581000000000000405, -2.920999999999999819, 1.197999999999999954 ) ) ;
#6979 = EDGE_CURVE ( 'NONE', #3013, #724, #1744, .T. ) ;
#6980 = CARTESIAN_POINT ( 'NONE',  ( 4.335256734746894658, 0.7196666666666667878, 1.133069161197122865 ) ) ;
#6981 = ORIENTED_EDGE ( 'NONE', *, *, #3853, .T. ) ;
#6982 = CARTESIAN_POINT ( 'NONE',  ( 5.028999999999999915, 0.8890000000000000124, 0.5080000000000000071 ) ) ;
#6983 = LINE ( 'NONE', #6874, #2449 ) ;
#6984 = EDGE_CURVE ( 'NONE', #4174, #7346, #7092, .T. ) ;
#6985 = DIRECTION ( 'NONE',  ( 0.000000000000000000, 0.000000000000000000, 1.000000000000000000 ) ) ;
#6986 = EDGE_CURVE ( 'NONE', #4232, #5325, #2957, .T. ) ;
#6987 = DIRECTION ( 'NONE',  ( 0.7931070766835157659, 0.000000000000000000, -0.6090822316522848112 ) ) ;
#6988 = ADVANCED_FACE ( 'NONE', ( #4137 ), #5300, .T. ) ;
#6989 = LINE ( 'NONE', #7135, #7532 ) ;
#6990 = DIRECTION ( 'NONE',  ( -0.7931070766835157659, 0.000000000000000000, 0.6090822316522848112 ) ) ;
#6991 =( LENGTH_UNIT ( ) NAMED_UNIT ( * ) SI_UNIT ( .MILLI., .METRE. ) );
#6992 = ORIENTED_EDGE ( 'NONE', *, *, #2491, .F. ) ;
#6993 = ORIENTED_EDGE ( 'NONE', *, *, #649, .F. ) ;
#6994 = DIRECTION ( 'NONE',  ( 0.7931070766835157659, 0.000000000000000000, 0.6090822316522848112 ) ) ;
#6995 = EDGE_CURVE ( 'NONE', #507, #4761, #1821, .T. ) ;
#6996 = CARTESIAN_POINT ( 'NONE',  ( 4.783000000000000362, 2.158999999999999808, 0.4420000000000000040 ) ) ;
#6997 = CARTESIAN_POINT ( 'NONE',  ( 4.089999999999999858, 4.191000000000000725, 1.066999999999999948 ) ) ;
#6998 = ORIENTED_EDGE ( 'NONE', *, *, #738, .T. ) ;
#6999 = VECTOR ( 'NONE', #4695, 1000.000000000000000 ) ;
#7000 = CARTESIAN_POINT ( 'NONE',  ( 4.538000000000000256, -0.3810000000000000053, 0.3770000000000000018 ) ) ;
#7001 = ORIENTED_EDGE ( 'NONE', *, *, #4039, .T. ) ;
#7002 = EDGE_CURVE ( 'NONE', #2365, #92, #30, .T. ) ;
#7003 = DIRECTION ( 'NONE',  ( 0.000000000000000000, -1.000000000000000000, 0.000000000000000000 ) ) ;
#7004 = DIRECTION ( 'NONE',  ( 0.000000000000000000, 0.000000000000000000, -1.000000000000000000 ) ) ;
#7005 = EDGE_LOOP ( 'NONE', ( #6536, #1447, #1048, #239 ) ) ;
#7006 = PRESENTATION_LAYER_ASSIGNMENT (  '', '', ( #6021 ) ) ;
#7007 = EDGE_LOOP ( 'NONE', ( #7584, #3086, #6801, #4044 ) ) ;
#7008 = ORIENTED_EDGE ( 'NONE', *, *, #478, .F. ) ;
#7009 = VERTEX_POINT ( 'NONE', #3535 ) ;
#7010 = VECTOR ( 'NONE', #5043, 1000.000000000000000 ) ;
#7011 = CARTESIAN_POINT ( 'NONE',  ( 4.538169246415237446, 4.360333333333333172, 0.3770451553572226611 ) ) ;
#7012 = CARTESIAN_POINT ( 'NONE',  ( -4.089999999999999858, 4.191000000000000725, 1.320999999999999952 ) ) ;
#7013 = UNCERTAINTY_MEASURE_WITH_UNIT (LENGTH_MEASURE( 1.000000000000000082E-05 ), #3348, 'distance_accuracy_value', 'NONE');
#7014 = CARTESIAN_POINT ( 'NONE',  ( -4.089999999999999858, -1.650999999999999801, 1.574999999999999956 ) ) ;
#7015 = FACE_OUTER_BOUND ( 'NONE', #4728, .T. ) ;
#7016 = EDGE_CURVE ( 'NONE', #1129, #5941, #1853, .T. ) ;
#7017 = LINE ( 'NONE', #4025, #5702 ) ;
#7018 = ORIENTED_EDGE ( 'NONE', *, *, #6215, .T. ) ;
#7019 = CARTESIAN_POINT ( 'NONE',  ( 3.797000000000000153, -4.698999999999999844, 1.574999999999999956 ) ) ;
#7020 = ORIENTED_EDGE ( 'NONE', *, *, #1423, .F. ) ;
#7021 = LINE ( 'NONE', #3022, #668 ) ;
#7022 = CARTESIAN_POINT ( 'NONE',  ( -3.797000000000000153, -4.191000000000000725, 1.574999999999999956 ) ) ;
#7023 = CARTESIAN_POINT ( 'NONE',  ( -3.797000000000000153, 0.3810000000000000053, 1.574999999999999956 ) ) ;
#7024 = CARTESIAN_POINT ( 'NONE',  ( -3.798145634621056921, 1.748333333333336181, 1.305805962493186811 ) ) ;
#7025 = EDGE_CURVE ( 'NONE', #4313, #7346, #680, .T. ) ;
#7026 = PLANE ( 'NONE',  #5635 ) ;
#7027 =( NAMED_UNIT ( * ) PLANE_ANGLE_UNIT ( ) SI_UNIT ( $, .RADIAN. ) );
#7028 = ORIENTED_EDGE ( 'NONE', *, *, #5467, .F. ) ;
#7029 = EDGE_CURVE ( 'NONE', #6159, #1520, #7021, .T. ) ;
#7030 = ORIENTED_EDGE ( 'NONE', *, *, #1651, .F. ) ;
#7031 = EDGE_CURVE ( 'NONE', #1353, #6685, #2077, .T. ) ;
#7032 = DIRECTION ( 'NONE',  ( 1.000000000000000000, 0.000000000000000000, 0.000000000000000000 ) ) ;
#7033 = PLANE ( 'NONE',  #4037 ) ;
#7034 = VERTEX_POINT ( 'NONE', #5340 ) ;
#7035 = MECHANICAL_DESIGN_GEOMETRIC_PRESENTATION_REPRESENTATION (  '', ( #7153 ), #3360 ) ;
#7036 =( NAMED_UNIT ( * ) SI_UNIT ( $, .STERADIAN. ) SOLID_ANGLE_UNIT ( ) );
#7037 = VECTOR ( 'NONE', #1975, 1000.000000000000000 ) ;
#7038 = VERTEX_POINT ( 'NONE', #5373 ) ;
#7039 = VECTOR ( 'NONE', #4114, 1000.000000000000000 ) ;
#7040 = CARTESIAN_POINT ( 'NONE',  ( 4.580830753584762327, 0.5503333333333333410, 1.197954844642777461 ) ) ;
#7041 = ORIENTED_EDGE ( 'NONE', *, *, #3593, .F. ) ;
#7042 = AXIS2_PLACEMENT_3D ( 'NONE', #5022, #6251, #1469 ) ;
#7043 = EDGE_CURVE ( 'NONE', #229, #1570, #7574, .T. ) ;
#7044 = VECTOR ( 'NONE', #1244, 1000.000000000000000 ) ;
#7045 = ORIENTED_EDGE ( 'NONE', *, *, #6001, .T. ) ;
#7046 = ORIENTED_EDGE ( 'NONE', *, *, #2467, .T. ) ;
#7047 = ORIENTED_EDGE ( 'NONE', *, *, #4287, .F. ) ;
#7048 = CARTESIAN_POINT ( 'NONE',  ( -3.797000000000000153, 2.158999999999999808, 1.320999999999999952 ) ) ;
#7049 = DIRECTION ( 'NONE',  ( 0.000000000000000000, 1.000000000000000000, 0.000000000000000000 ) ) ;
#7050 = CARTESIAN_POINT ( 'NONE',  ( 4.538000000000000256, 0.8890000000000000124, 0.3770000000000000018 ) ) ;
#7051 = PLANE ( 'NONE',  #825 ) ;
#7052 = CARTESIAN_POINT ( 'NONE',  ( -4.089999999999999858, 0.8890000000000000124, 1.320999999999999952 ) ) ;
#7053 = VERTEX_POINT ( 'NONE', #1182 ) ;
#7054 = DIRECTION ( 'NONE',  ( 0.000000000000000000, -1.000000000000000000, 0.000000000000000000 ) ) ;
#7055 = ORIENTED_EDGE ( 'NONE', *, *, #1018, .T. ) ;
#7056 = CARTESIAN_POINT ( 'NONE',  ( -5.028999999999999915, -0.3810000000000000053, 0.2540000000000000036 ) ) ;
#7057 = LINE ( 'NONE', #142, #18 ) ;
#7058 = EDGE_CURVE ( 'NONE', #2312, #27, #6783, .T. ) ;
#7059 = DIRECTION ( 'NONE',  ( 0.000000000000000000, 0.000000000000000000, -1.000000000000000000 ) ) ;
#7060 = CARTESIAN_POINT ( 'NONE',  ( 4.580830753584762327, 3.259666666666666934, 1.197954844642777461 ) ) ;
#7061 = DIRECTION ( 'NONE',  ( 0.000000000000000000, 1.000000000000000000, 0.000000000000000000 ) ) ;
#7062 = VERTEX_POINT ( 'NONE', #4359 ) ;
#7063 = ORIENTED_EDGE ( 'NONE', *, *, #919, .F. ) ;
#7064 = CARTESIAN_POINT ( 'NONE',  ( -5.028999999999999915, 4.698999999999999844, 0.5080000000000000071 ) ) ;
#7065 = CARTESIAN_POINT ( 'NONE',  ( -5.028999999999999915, 4.191000000000000725, 0.5080000000000000071 ) ) ;
#7066 = EDGE_LOOP ( 'NONE', ( #5430, #4842, #3561, #5938 ) ) ;
#7067 = ADVANCED_FACE ( 'NONE', ( #4931 ), #1430, .T. ) ;
#7068 = CARTESIAN_POINT ( 'NONE',  ( -4.581000000000000405, 2.920999999999999819, 1.197999999999999954 ) ) ;
#7069 = ORIENTED_EDGE ( 'NONE', *, *, #3880, .F. ) ;
#7070 = DIRECTION ( 'NONE',  ( 0.000000000000000000, 0.000000000000000000, -1.000000000000000000 ) ) ;
#7071 = VECTOR ( 'NONE', #5543, 1000.000000000000000 ) ;
#7072 = DIRECTION ( 'NONE',  ( 0.000000000000000000, 0.000000000000000000, 1.000000000000000000 ) ) ;
#7073 = AXIS2_PLACEMENT_3D ( 'NONE', #840, #4526, #2758 ) ;
#7074 = ORIENTED_EDGE ( 'NONE', *, *, #5672, .F. ) ;
#7075 = COLOUR_RGB ( '',0.4274509803921568429, 0.4274509803921568429, 0.4274509803921568429 ) ;
#7076 = ORIENTED_EDGE ( 'NONE', *, *, #1904, .F. ) ;
#7077 = VERTEX_POINT ( 'NONE', #790 ) ;
#7078 = VERTEX_POINT ( 'NONE', #5481 ) ;
#7079 = CARTESIAN_POINT ( 'NONE',  ( -3.797000000000000153, 1.650999999999999801, 1.574999999999999956 ) ) ;
#7080 = DIRECTION ( 'NONE',  ( -0.7931070766835157659, 0.000000000000000000, -0.6090822316522848112 ) ) ;
#7081 = CIRCLE ( 'NONE', #1795, 0.2539999999999996705 ) ;
#7082 = ADVANCED_FACE ( 'NONE', ( #256 ), #2087, .T. ) ;
#7083 = UNCERTAINTY_MEASURE_WITH_UNIT (LENGTH_MEASURE( 1.000000000000000082E-05 ), #7424, 'distance_accuracy_value', 'NONE');
#7084 = AXIS2_PLACEMENT_3D ( 'NONE', #4523, #5178, #5062 ) ;
#7085 = CARTESIAN_POINT ( 'NONE',  ( 5.321000000000000618, -2.920999999999999819, 0.000000000000000000 ) ) ;
#7086 = DIRECTION ( 'NONE',  ( 0.000000000000000000, 0.000000000000000000, 1.000000000000000000 ) ) ;
#7087 = EDGE_LOOP ( 'NONE', ( #2885, #5398, #4046, #3615, #6059, #5299, #287, #167, #2157, #4511, #4293, #771 ) ) ;
#7088 = COLOUR_RGB ( '',0.7215686274509803821, 0.7215686274509803821, 0.7215686274509803821 ) ;
#7089 = VECTOR ( 'NONE', #1322, 1000.000000000000000 ) ;
#7090 = CARTESIAN_POINT ( 'NONE',  ( -5.028999999999999915, 4.698999999999999844, 0.2540000000000000036 ) ) ;
#7091 = EDGE_LOOP ( 'NONE', ( #2266, #5027, #1425, #2526 ) ) ;
#7092 = LINE ( 'NONE', #645, #1160 ) ;
#7093 = CARTESIAN_POINT ( 'NONE',  ( 4.334999999999999964, -2.158999999999999808, 1.132999999999999785 ) ) ;
#7094 = CARTESIAN_POINT ( 'NONE',  ( 5.321000000000000618, 1.650999999999999801, 0.2540000000000000036 ) ) ;
#7095 = VECTOR ( 'NONE', #3385, 1000.000000000000000 ) ;
#7096 = AXIS2_PLACEMENT_3D ( 'NONE', #2566, #5538, #3193 ) ;
#7097 = CARTESIAN_POINT ( 'NONE',  ( -4.783000000000000362, -0.3810000000000000053, 0.4420000000000000040 ) ) ;
#7098 = DIRECTION ( 'NONE',  ( 0.000000000000000000, 1.000000000000000000, 0.000000000000000000 ) ) ;
#7099 = CARTESIAN_POINT ( 'NONE',  ( -4.089999999999999858, -3.429000000000000270, 1.320999999999999952 ) ) ;
#7100 = ORIENTED_EDGE ( 'NONE', *, *, #5092, .T. ) ;
#7101 = VECTOR ( 'NONE', #1678, 1000.000000000000000 ) ;
#7102 = ORIENTED_EDGE ( 'NONE', *, *, #5249, .T. ) ;
#7103 = PLANE ( 'NONE',  #4338 ) ;
#7104 = CARTESIAN_POINT ( 'NONE',  ( 3.679379309127736253, -5.177159449031959682, 0.6045868191613660292 ) ) ;
#7105 = ORIENTED_EDGE ( 'NONE', *, *, #79, .T. ) ;
#7106 = B_SPLINE_CURVE_WITH_KNOTS ( 'NONE', 3,
 ( #5786, #6399, #5714, #6903 ),
 .UNSPECIFIED., .F., .F.,
 ( 4, 4 ),
 ( 0.000000000000000000, 1.000000000000000000 ),
 .UNSPECIFIED. ) ;
#7107 = ADVANCED_FACE ( 'NONE', ( #7359 ), #3715, .T. ) ;
#7108 =( NAMED_UNIT ( * ) PLANE_ANGLE_UNIT ( ) SI_UNIT ( $, .RADIAN. ) );
#7109 = VERTEX_POINT ( 'NONE', #1463 ) ;
#7110 = LINE ( 'NONE', #6502, #5368 ) ;
#7111 = CARTESIAN_POINT ( 'NONE',  ( -4.783675919342393890, -3.259666666666666490, 0.4421813442138124439 ) ) ;
#7112 = AXIS2_PLACEMENT_3D ( 'NONE', #1624, #5784, #7548 ) ;
#7113 = VERTEX_POINT ( 'NONE', #3136 ) ;
#7114 = VERTEX_POINT ( 'NONE', #6128 ) ;
#7115 = EDGE_CURVE ( 'NONE', #4649, #3379, #4404, .T. ) ;
#7116 = ORIENTED_EDGE ( 'NONE', *, *, #3326, .T. ) ;
#7117 = ORIENTED_EDGE ( 'NONE', *, *, #7264, .F. ) ;
#7118 = ADVANCED_FACE ( 'NONE', ( #4283 ), #6052, .T. ) ;
#7119 = DIRECTION ( 'NONE',  ( 0.000000000000000000, -1.000000000000000000, 0.000000000000000000 ) ) ;
#7120 = CARTESIAN_POINT ( 'NONE',  ( -4.538000000000000256, -4.698999999999999844, 0.3770000000000000018 ) ) ;
#7121 = EDGE_CURVE ( 'NONE', #5817, #2731, #3292, .T. ) ;
#7122 = DIRECTION ( 'NONE',  ( -0.7931070766835153218, 0.000000000000000000, 0.6090822316522856994 ) ) ;
#7123 = CARTESIAN_POINT ( 'NONE',  ( 5.321000000000000618, -2.158999999999999808, 0.000000000000000000 ) ) ;
#7124 = AXIS2_PLACEMENT_3D ( 'NONE', #12, #5242, #3514 ) ;
#7125 = EDGE_LOOP ( 'NONE', ( #5661, #2732, #7442, #3322 ) ) ;
#7126 = EDGE_CURVE ( 'NONE', #3583, #4337, #987, .T. ) ;
#7127 = EDGE_CURVE ( 'NONE', #3839, #3844, #4895, .T. ) ;
#7128 = CARTESIAN_POINT ( 'NONE',  ( 4.089999999999999858, -1.650999999999999801, 1.574999999999999956 ) ) ;
#7129 = ORIENTED_EDGE ( 'NONE', *, *, #2641, .F. ) ;
#7130 = DIRECTION ( 'NONE',  ( 1.000000000000000000, 0.000000000000000000, 0.000000000000000000 ) ) ;
#7131 = FACE_OUTER_BOUND ( 'NONE', #949, .T. ) ;
#7132 = CARTESIAN_POINT ( 'NONE',  ( -4.538169246415237446, 3.090333333333333599, 0.3770451553572226611 ) ) ;
#7133 = DIRECTION ( 'NONE',  ( 1.000000000000000000, 0.000000000000000000, 0.000000000000000000 ) ) ;
#7134 = VECTOR ( 'NONE', #830, 1000.000000000000000 ) ;
#7135 = CARTESIAN_POINT ( 'NONE',  ( 4.089999999999999858, -0.3810000000000000053, 1.574999999999999956 ) ) ;
#7136 = ORIENTED_EDGE ( 'NONE', *, *, #7357, .T. ) ;
#7137 = EDGE_CURVE ( 'NONE', #4904, #1277, #6810, .T. ) ;
#7138 = FACE_OUTER_BOUND ( 'NONE', #4112, .T. ) ;
#7139 = ORIENTED_EDGE ( 'NONE', *, *, #4164, .F. ) ;
#7140 = ORIENTED_EDGE ( 'NONE', *, *, #5868, .F. ) ;
#7141 = DIRECTION ( 'NONE',  ( -0.7931070766835153218, 0.000000000000000000, 0.6090822316522856994 ) ) ;
#7142 = CARTESIAN_POINT ( 'NONE',  ( -5.321000000000000618, 3.429000000000000270, 0.2540000000000000036 ) ) ;
#7143 = CARTESIAN_POINT ( 'NONE',  ( 4.089999999999999858, -4.191000000000000725, 1.574999999999999956 ) ) ;
#7144 = ORIENTED_EDGE ( 'NONE', *, *, #6275, .F. ) ;
#7145 = LINE ( 'NONE', #4838, #6338 ) ;
#7146 = ORIENTED_EDGE ( 'NONE', *, *, #6082, .F. ) ;
#7147 = DIRECTION ( 'NONE',  ( 1.000000000000000000, 0.000000000000000000, 0.000000000000000000 ) ) ;
#7148 = DIRECTION ( 'NONE',  ( 0.000000000000000000, 1.000000000000000000, 0.000000000000000000 ) ) ;
#7149 = EDGE_CURVE ( 'NONE', #5011, #4418, #5555, .T. ) ;
#7150 = ORIENTED_EDGE ( 'NONE', *, *, #4495, .F. ) ;
#7151 = EDGE_LOOP ( 'NONE', ( #2501, #3713, #1291, #1131 ) ) ;
#7152 = ORIENTED_EDGE ( 'NONE', *, *, #7455, .T. ) ;
#7153 = STYLED_ITEM ( 'NONE', ( #2857 ), #251 ) ;
#7154 = ORIENTED_EDGE ( 'NONE', *, *, #7126, .T. ) ;
#7155 = PLANE ( 'NONE',  #172 ) ;
#7156 = CARTESIAN_POINT ( 'NONE',  ( 4.089999999999999858, -2.920999999999999819, 1.320999999999999952 ) ) ;
#7157 = VECTOR ( 'NONE', #1589, 1000.000000000000000 ) ;
#7158 = DIRECTION ( 'NONE',  ( 0.000000000000000000, 0.000000000000000000, 1.000000000000000000 ) ) ;
#7159 = EDGE_CURVE ( 'NONE', #4560, #531, #4222, .T. ) ;
#7160 = AXIS2_PLACEMENT_3D ( 'NONE', #433, #7497, #2223 ) ;
#7161 = EDGE_CURVE ( 'NONE', #7415, #6645, #3748, .T. ) ;
#7162 = DIRECTION ( 'NONE',  ( -1.000000000000000000, 0.000000000000000000, 0.000000000000000000 ) ) ;
#7163 = VERTEX_POINT ( 'NONE', #6630 ) ;
#7164 = DIRECTION ( 'NONE',  ( 0.000000000000000000, 1.000000000000000000, 0.000000000000000000 ) ) ;
#7165 = VERTEX_POINT ( 'NONE', #3247 ) ;
#7166 = VECTOR ( 'NONE', #2050, 1000.000000000000000 ) ;
#7167 = DIRECTION ( 'NONE',  ( 0.000000000000000000, -1.000000000000000000, 0.000000000000000000 ) ) ;
#7168 = LINE ( 'NONE', #1892, #6753 ) ;
#7169 = CARTESIAN_POINT ( 'NONE',  ( 5.028999999999999915, 2.920999999999999819, 0.5080000000000000071 ) ) ;
#7170 = CARTESIAN_POINT ( 'NONE',  ( 4.648549666062477215, 3.429000000000000270, 0.9460580022534657019 ) ) ;
#7171 = LINE ( 'NONE', #4900, #424 ) ;
#7172 = ORIENTED_EDGE ( 'NONE', *, *, #4039, .F. ) ;
#7173 = CARTESIAN_POINT ( 'NONE',  ( 3.797000000000000153, 2.920999999999999819, 1.574999999999999956 ) ) ;
#7174 = DIRECTION ( 'NONE',  ( 0.000000000000000000, -1.000000000000000000, 0.000000000000000000 ) ) ;
#7175 = ORIENTED_EDGE ( 'NONE', *, *, #1604, .T. ) ;
#7176 = CARTESIAN_POINT ( 'NONE',  ( -5.028999999999999915, 4.191000000000000725, 0.2540000000000000036 ) ) ;
#7177 = DIRECTION ( 'NONE',  ( -0.7931070766835157659, 0.000000000000000000, -0.6090822316522848112 ) ) ;
#7178 = EDGE_CURVE ( 'NONE', #6895, #5209, #978, .T. ) ;
#7179 = CARTESIAN_POINT ( 'NONE',  ( 5.028999999999999915, 0.8890000000000000124, 0.2540000000000000036 ) ) ;
#7180 = EDGE_LOOP ( 'NONE', ( #1890, #3827, #6354, #712 ) ) ;
#7181 = LINE ( 'NONE', #6682, #2063 ) ;
#7182 = FILL_AREA_STYLE ('',( #3329 ) ) ;
#7183 = ORIENTED_EDGE ( 'NONE', *, *, #350, .T. ) ;
#7184 = CARTESIAN_POINT ( 'NONE',  ( 4.089999999999999858, 4.191000000000000725, 1.320999999999999952 ) ) ;
#7185 = CARTESIAN_POINT ( 'NONE',  ( -4.089999999999999858, 2.920999999999999819, 1.574999999999999956 ) ) ;
#7186 = ORIENTED_EDGE ( 'NONE', *, *, #3666, .F. ) ;
#7187 = STYLED_ITEM ( 'NONE', ( #3287 ), #2617 ) ;
#7188 = CLOSED_SHELL ( 'NONE', ( #4263, #7067, #7263, #2219, #2897, #3025, #6973, #2227, #1249, #3294, #6387, #3134, #1929, #2093 ) ) ;
#7189 = ORIENTED_EDGE ( 'NONE', *, *, #2899, .T. ) ;
#7190 = EDGE_LOOP ( 'NONE', ( #1912, #5335, #1101, #1041 ) ) ;
#7191 = VERTEX_POINT ( 'NONE', #6203 ) ;
#7192 = LINE ( 'NONE', #3776, #1764 ) ;
#7193 = DIRECTION ( 'NONE',  ( -0.2589693139543370881, 0.000000000000000000, 0.9658855493432024764 ) ) ;
#7194 =( GEOMETRIC_REPRESENTATION_CONTEXT ( 3 ) GLOBAL_UNCERTAINTY_ASSIGNED_CONTEXT ( ( #2007 ) ) GLOBAL_UNIT_ASSIGNED_CONTEXT ( ( #2068, #6804, #1953 ) ) REPRESENTATION_CONTEXT ( 'NONE', 'WORKASPACE' ) );
#7195 = PLANE ( 'NONE',  #2926 ) ;
#7196 = CIRCLE ( 'NONE', #5245, 0.2540000000000003366 ) ;
#7197 = CARTESIAN_POINT ( 'NONE',  ( 4.538169246415237446, 0.5503333333333333410, 0.3770451553572226611 ) ) ;
#7198 = ORIENTED_EDGE ( 'NONE', *, *, #1123, .T. ) ;
#7199 = ADVANCED_FACE ( 'NONE', ( #6969 ), #2784, .F. ) ;
#7200 = CIRCLE ( 'NONE', #3653, 0.2540000000000003366 ) ;
#7201 = LINE ( 'NONE', #2048, #7089 ) ;
#7202 = ORIENTED_EDGE ( 'NONE', *, *, #2482, .F. ) ;
#7203 = AXIS2_PLACEMENT_3D ( 'NONE', #4998, #396, #6270 ) ;
#7204 = CARTESIAN_POINT ( 'NONE',  ( 3.797000000000000153, 5.244999999999999218, 1.590000000000000080 ) ) ;
#7205 = ADVANCED_FACE ( 'NONE', ( #1541 ), #6358, .T. ) ;
#7206 = DIRECTION ( 'NONE',  ( 1.000000000000000000, 0.000000000000000000, 0.000000000000000000 ) ) ;
#7207 = CARTESIAN_POINT ( 'NONE',  ( -3.797000000000000153, -2.158999999999999808, 1.574999999999999956 ) ) ;
#7208 = AXIS2_PLACEMENT_3D ( 'NONE', #6894, #6350, #6816 ) ;
#7209 = CIRCLE ( 'NONE', #3414, 0.2539999999999996705 ) ;
#7210 = CARTESIAN_POINT ( 'NONE',  ( -3.797000000000000153, -5.244999999999999218, 1.306000000000000050 ) ) ;
#7211 = ORIENTED_EDGE ( 'NONE', *, *, #729, .F. ) ;
#7212 = DIRECTION ( 'NONE',  ( 0.000000000000000000, 0.000000000000000000, 1.000000000000000000 ) ) ;
#7213 = LINE ( 'NONE', #1509, #1796 ) ;
#7214 = VERTEX_POINT ( 'NONE', #5136 ) ;
#7215 = ADVANCED_FACE ( 'NONE', ( #373 ), #3445, .T. ) ;
#7216 = FACE_OUTER_BOUND ( 'NONE', #1841, .T. ) ;
#7217 = VECTOR ( 'NONE', #1986, 1000.000000000000000 ) ;
#7218 = EDGE_CURVE ( 'NONE', #415, #6773, #2348, .T. ) ;
#7219 = AXIS2_PLACEMENT_3D ( 'NONE', #2753, #4522, #3301 ) ;
#7220 = EDGE_CURVE ( 'NONE', #4585, #4160, #5711, .T. ) ;
#7221 = CARTESIAN_POINT ( 'NONE',  ( 5.028999999999999915, -4.698999999999999844, 0.2540000000000000036 ) ) ;
#7222 = PLANE ( 'NONE',  #95 ) ;
#7223 = VERTEX_POINT ( 'NONE', #488 ) ;
#7224 = CARTESIAN_POINT ( 'NONE',  ( -3.620000000000000107, -5.142999999999999794, 0.2540000000000000036 ) ) ;
#7225 = MECHANICAL_DESIGN_GEOMETRIC_PRESENTATION_REPRESENTATION (  '', ( #6244 ), #842 ) ;
#7226 = PRESENTATION_STYLE_ASSIGNMENT (( #351 ) ) ;
#7227 = ADVANCED_FACE ( 'NONE', ( #6900 ), #5747, .T. ) ;
#7228 = ORIENTED_EDGE ( 'NONE', *, *, #6002, .T. ) ;
#7229 = CARTESIAN_POINT ( 'NONE',  ( -3.797000000000000153, 4.191000000000000725, 1.574999999999999956 ) ) ;
#7230 = CARTESIAN_POINT ( 'NONE',  ( -4.089999999999999858, 0.3810000000000000053, 1.066999999999999948 ) ) ;
#7231 = B_SPLINE_CURVE_WITH_KNOTS ( 'NONE', 3,
 ( #5598, #1900, #6756, #3143 ),
 .UNSPECIFIED., .F., .F.,
 ( 4, 4 ),
 ( 0.000000000000000000, 1.000000000000000000 ),
 .UNSPECIFIED. ) ;
#7232 = VERTEX_POINT ( 'NONE', #2828 ) ;
#7233 = ORIENTED_EDGE ( 'NONE', *, *, #7418, .T. ) ;
#7234 = EDGE_LOOP ( 'NONE', ( #19, #3078, #607, #3720 ) ) ;
#7235 = PLANE ( 'NONE',  #3850 ) ;
#7236 = LINE ( 'NONE', #6696, #7363 ) ;
#7237 = VECTOR ( 'NONE', #1745, 1000.000000000000000 ) ;
#7238 = LINE ( 'NONE', #3400, #5869 ) ;
#7239 = VECTOR ( 'NONE', #1579, 1000.000000000000000 ) ;
#7240 = EDGE_LOOP ( 'NONE', ( #3765, #3734, #3396, #2944 ) ) ;
#7241 = DIRECTION ( 'NONE',  ( 0.000000000000000000, -1.000000000000000000, 0.000000000000000000 ) ) ;
#7242 = CARTESIAN_POINT ( 'NONE',  ( 3.797000000000000153, -4.698999999999999844, 1.320999999999999952 ) ) ;
#7243 = PLANE ( 'NONE',  #6624 ) ;
#7244 = LINE ( 'NONE', #2015, #4558 ) ;
#7245 = DIRECTION ( 'NONE',  ( 0.000000000000000000, -1.000000000000000000, 0.000000000000000000 ) ) ;
#7246 = EDGE_CURVE ( 'NONE', #4977, #2554, #5207, .T. ) ;
#7247 = AXIS2_PLACEMENT_3D ( 'NONE', #3807, #2607, #6074 ) ;
#7248 = PLANE ( 'NONE',  #4341 ) ;
#7249 = VERTEX_POINT ( 'NONE', #3903 ) ;
#7250 = DIRECTION ( 'NONE',  ( 0.000000000000000000, -1.000000000000000000, 0.000000000000000000 ) ) ;
#7251 = CARTESIAN_POINT ( 'NONE',  ( 4.783000000000000362, -4.698999999999999844, 0.4420000000000000040 ) ) ;
#7252 = VECTOR ( 'NONE', #408, 1000.000000000000000 ) ;
#7253 = VERTEX_POINT ( 'NONE', #2275 ) ;
#7254 = LINE ( 'NONE', #5566, #2376 ) ;
#7255 = LINE ( 'NONE', #4907, #2994 ) ;
#7256 = AXIS2_PLACEMENT_3D ( 'NONE', #3681, #7534, #1894 ) ;
#7257 = CARTESIAN_POINT ( 'NONE',  ( 5.028999999999999915, -1.650999999999999801, 0.2540000000000000036 ) ) ;
#7258 = DIRECTION ( 'NONE',  ( 0.000000000000000000, 0.000000000000000000, 1.000000000000000000 ) ) ;
#7259 = B_SPLINE_CURVE_WITH_KNOTS ( 'NONE', 3,
 ( #2238, #2276, #1542, #2785 ),
 .UNSPECIFIED., .F., .F.,
 ( 4, 4 ),
 ( 0.000000000000000000, 1.000000000000000000 ),
 .UNSPECIFIED. ) ;
#7260 = VERTEX_POINT ( 'NONE', #7512 ) ;
#7261 = ADVANCED_FACE ( 'NONE', ( #3333 ), #1698, .T. ) ;
#7262 = DIRECTION ( 'NONE',  ( 1.000000000000000000, 0.000000000000000000, 0.000000000000000000 ) ) ;
#7263 = ADVANCED_FACE ( 'NONE', ( #6395 ), #407, .T. ) ;
#7264 = EDGE_CURVE ( 'NONE', #2099, #5103, #7476, .T. ) ;
#7265 = VERTEX_POINT ( 'NONE', #1586 ) ;
#7266 = DIRECTION ( 'NONE',  ( 0.000000000000000000, 1.000000000000000000, 0.000000000000000000 ) ) ;
#7267 = PLANE ( 'NONE',  #7247 ) ;
#7268 = LINE ( 'NONE', #313, #4872 ) ;
#7269 = ORIENTED_EDGE ( 'NONE', *, *, #6230, .F. ) ;
#7270 = ORIENTED_EDGE ( 'NONE', *, *, #514, .T. ) ;
#7271 = VERTEX_POINT ( 'NONE', #1656 ) ;
#7272 = CARTESIAN_POINT ( 'NONE',  ( -5.321000000000000618, 2.158999999999999808, 0.000000000000000000 ) ) ;
#7273 = CARTESIAN_POINT ( 'NONE',  ( 4.581000000000000405, 4.698999999999999844, 1.197999999999999954 ) ) ;
#7274 = CARTESIAN_POINT ( 'NONE',  ( 3.797000000000000153, -2.920999999999999819, 1.574999999999999956 ) ) ;
#7275 = EDGE_CURVE ( 'NONE', #6925, #1301, #1415, .T. ) ;
#7276 = DIRECTION ( 'NONE',  ( 0.000000000000000000, 1.000000000000000000, 0.000000000000000000 ) ) ;
#7277 = EDGE_LOOP ( 'NONE', ( #6819, #5905, #2447, #703, #542, #4769, #4911, #4886, #7228, #431, #5824, #3195 ) ) ;
#7278 = LINE ( 'NONE', #2547, #2426 ) ;
#7279 = VECTOR ( 'NONE', #6707, 1000.000000000000000 ) ;
#7280 = CIRCLE ( 'NONE', #2371, 0.5080000000000001181 ) ;
#7281 = CARTESIAN_POINT ( 'NONE',  ( 4.089999999999999858, 0.8890000000000000124, 1.066999999999999948 ) ) ;
#7282 = CARTESIAN_POINT ( 'NONE',  ( 4.581000000000000405, -1.650999999999999801, 1.197999999999999954 ) ) ;
#7283 = CARTESIAN_POINT ( 'NONE',  ( -4.334999999999999964, -4.191000000000000725, 1.132999999999999785 ) ) ;
#7284 = VECTOR ( 'NONE', #4715, 1000.000000000000000 ) ;
#7285 = DIRECTION ( 'NONE',  ( 0.000000000000000000, 0.000000000000000000, -1.000000000000000000 ) ) ;
#7286 = AXIS2_PLACEMENT_3D ( 'NONE', #295, #2628, #187 ) ;
#7287 = CYLINDRICAL_SURFACE ( 'NONE', #5336, 0.2540000000000000036 ) ;
#7288 = ORIENTED_EDGE ( 'NONE', *, *, #3836, .T. ) ;
#7289 = CARTESIAN_POINT ( 'NONE',  ( 5.028999999999999915, 3.429000000000000270, 0.000000000000000000 ) ) ;
#7290 = VECTOR ( 'NONE', #4206, 1000.000000000000000 ) ;
#7291 = EDGE_CURVE ( 'NONE', #2085, #2462, #4514, .T. ) ;
#7292 = DIRECTION ( 'NONE',  ( 0.000000000000000000, 0.000000000000000000, -1.000000000000000000 ) ) ;
#7293 = ORIENTED_EDGE ( 'NONE', *, *, #5344, .F. ) ;
#7294 = FACE_OUTER_BOUND ( 'NONE', #5122, .T. ) ;
#7295 = FILL_AREA_STYLE_COLOUR ( '', #1722 ) ;
#7296 = FACE_OUTER_BOUND ( 'NONE', #4186, .T. ) ;
#7297 = DIRECTION ( 'NONE',  ( 0.000000000000000000, -1.000000000000000000, 0.000000000000000000 ) ) ;
#7298 = ORIENTED_EDGE ( 'NONE', *, *, #4816, .F. ) ;
#7299 = FACE_OUTER_BOUND ( 'NONE', #1386, .T. ) ;
#7300 = CARTESIAN_POINT ( 'NONE',  ( -4.538000000000000256, 1.650999999999999801, 0.3770000000000000018 ) ) ;
#7301 = ORIENTED_EDGE ( 'NONE', *, *, #6324, .T. ) ;
#7302 = CARTESIAN_POINT ( 'NONE',  ( 4.402572021097666877, 0.3810000000000000053, 0.8809746240141085316 ) ) ;
#7303 = DIRECTION ( 'NONE',  ( 1.000000000000000000, 0.000000000000000000, 0.000000000000000000 ) ) ;
#7304 = CARTESIAN_POINT ( 'NONE',  ( -4.581000000000000405, -4.698999999999999844, 1.197999999999999954 ) ) ;
#7305 = ADVANCED_FACE ( 'NONE', ( #1021 ), #3984, .T. ) ;
#7306 = ORIENTED_EDGE ( 'NONE', *, *, #6986, .T. ) ;
#7307 = VERTEX_POINT ( 'NONE', #6436 ) ;
#7308 = LINE ( 'NONE', #5007, #3122 ) ;
#7309 = PLANE ( 'NONE',  #5034 ) ;
#7310 = AXIS2_PLACEMENT_3D ( 'NONE', #1360, #2507, #860 ) ;
#7311 = DIRECTION ( 'NONE',  ( 0.9658855493432024764, 0.000000000000000000, 0.2589693139543370881 ) ) ;
#7312 = EDGE_LOOP ( 'NONE', ( #5767, #7427, #5927, #3638, #3011, #5801, #5951, #4396, #5323, #6042, #4265, #4299 ) ) ;
#7313 = CARTESIAN_POINT ( 'NONE',  ( -4.581000000000000405, -3.429000000000000270, 1.197999999999999954 ) ) ;
#7314 = VERTEX_POINT ( 'NONE', #7079 ) ;
#7315 = AXIS2_PLACEMENT_3D ( 'NONE', #6457, #2386, #1834 ) ;
#7316 = EDGE_CURVE ( 'NONE', #6685, #2365, #6656, .T. ) ;
#7317 = FACE_OUTER_BOUND ( 'NONE', #5517, .T. ) ;
#7318 = DIRECTION ( 'NONE',  ( -0.7931070766835157659, 0.000000000000000000, -0.6090822316522849222 ) ) ;
#7319 = PLANE ( 'NONE',  #2199 ) ;
#7320 = AXIS2_PLACEMENT_3D ( 'NONE', #1484, #2108, #6267 ) ;
#7321 = CARTESIAN_POINT ( 'NONE',  ( -5.321000000000000618, 3.429000000000000270, 0.000000000000000000 ) ) ;
#7322 = DIRECTION ( 'NONE',  ( 0.000000000000000000, 1.000000000000000000, 0.000000000000000000 ) ) ;
#7323 = CARTESIAN_POINT ( 'NONE',  ( -4.783000000000000362, -0.8890000000000000124, 0.4420000000000000040 ) ) ;
#7324 = AXIS2_PLACEMENT_3D ( 'NONE', #4707, #3606, #682 ) ;
#7325 = ORIENTED_EDGE ( 'NONE', *, *, #505, .T. ) ;
#7326 = AXIS2_PLACEMENT_3D ( 'NONE', #7560, #7446, #1071 ) ;
#7327 = PLANE ( 'NONE',  #1442 ) ;
#7328 = CARTESIAN_POINT ( 'NONE',  ( 4.334999999999999964, -2.920999999999999819, 1.132999999999999785 ) ) ;
#7329 = ORIENTED_EDGE ( 'NONE', *, *, #2328, .T. ) ;
#7330 = PLANE ( 'NONE',  #2001 ) ;
#7331 = CARTESIAN_POINT ( 'NONE',  ( -3.679383162746660219, -5.176920275484011569, 0.6046095716659108943 ) ) ;
#7332 = PLANE ( 'NONE',  #1320 ) ;
#7333 = CIRCLE ( 'NONE', #2177, 0.2540000000000000591 ) ;
#7334 = AXIS2_PLACEMENT_3D ( 'NONE', #6327, #1065, #2246 ) ;
#7335 = DIRECTION ( 'NONE',  ( 0.000000000000000000, 0.000000000000000000, -1.000000000000000000 ) ) ;
#7336 = EDGE_LOOP ( 'NONE', ( #1207, #3310, #2221, #5166, #3397, #5895, #6998, #3883, #568, #3, #513, #4312 ) ) ;
#7337 = CARTESIAN_POINT ( 'NONE',  ( -5.321000000000000618, 2.158999999999999808, 0.000000000000000000 ) ) ;
#7338 = AXIS2_PLACEMENT_3D ( 'NONE', #5066, #386, #7408 ) ;
#7339 = ORIENTED_EDGE ( 'NONE', *, *, #3863, .T. ) ;
#7340 = VERTEX_POINT ( 'NONE', #4730 ) ;
#7341 = CARTESIAN_POINT ( 'NONE',  ( -4.538000000000000256, -3.429000000000000270, 0.3770000000000000018 ) ) ;
#7342 = CARTESIAN_POINT ( 'NONE',  ( -5.321000000000000618, -2.158999999999999808, 0.000000000000000000 ) ) ;
#7343 = PLANE ( 'NONE',  #5863 ) ;
#7344 = ADVANCED_FACE ( 'NONE', ( #1278 ), #1735, .T. ) ;
#7345 = VECTOR ( 'NONE', #6447, 1000.000000000000000 ) ;
#7346 = VERTEX_POINT ( 'NONE', #5250 ) ;
#7347 = VECTOR ( 'NONE', #237, 1000.000000000000000 ) ;
#7348 = VERTEX_POINT ( 'NONE', #5898 ) ;
#7349 = CARTESIAN_POINT ( 'NONE',  ( 3.797000000000000153, -2.920999999999999819, 1.320999999999999952 ) ) ;
#7350 = CARTESIAN_POINT ( 'NONE',  ( 5.028999999999999915, 0.8890000000000000124, 0.2540000000000000036 ) ) ;
#7351 = DIRECTION ( 'NONE',  ( -1.000000000000000000, 0.000000000000000000, 0.000000000000000000 ) ) ;
#7352 = ORIENTED_EDGE ( 'NONE', *, *, #6743, .F. ) ;
#7353 = ADVANCED_FACE ( 'NONE', ( #4664 ), #7155, .T. ) ;
#7354 = SURFACE_STYLE_USAGE ( .BOTH. , #2045 ) ;
#7355 = VERTEX_POINT ( 'NONE', #4772 ) ;
#7356 = EDGE_CURVE ( 'NONE', #1614, #2345, #133, .T. ) ;
#7357 = EDGE_CURVE ( 'NONE', #6777, #5357, #5454, .T. ) ;
#7358 = CARTESIAN_POINT ( 'NONE',  ( 3.797000000000000153, -5.244999999999999218, 1.306000000000000050 ) ) ;
#7359 = FACE_OUTER_BOUND ( 'NONE', #6572, .T. ) ;
#7360 = PRESENTATION_STYLE_ASSIGNMENT (( #865 ) ) ;
#7361 = CARTESIAN_POINT ( 'NONE',  ( -5.028999999999999915, 2.920999999999999819, 0.2540000000000000036 ) ) ;
#7362 = CARTESIAN_POINT ( 'NONE',  ( -4.581000000000000405, -0.3810000000000000053, 1.197999999999999954 ) ) ;
#7363 = VECTOR ( 'NONE', #283, 1000.000000000000000 ) ;
#7364 = EDGE_CURVE ( 'NONE', #6509, #5317, #3269, .T. ) ;
#7365 = DIRECTION ( 'NONE',  ( 0.000000000000000000, 0.000000000000000000, -1.000000000000000000 ) ) ;
#7366 = EDGE_CURVE ( 'NONE', #5490, #6888, #1616, .T. ) ;
#7367 = ORIENTED_EDGE ( 'NONE', *, *, #3281, .F. ) ;
#7368 = FACE_OUTER_BOUND ( 'NONE', #1384, .T. ) ;
#7369 = CARTESIAN_POINT ( 'NONE',  ( 5.028999999999999915, -4.698999999999999844, 0.5080000000000000071 ) ) ;
#7370 = ORIENTED_EDGE ( 'NONE', *, *, #7316, .T. ) ;
#7371 = DIRECTION ( 'NONE',  ( 0.000000000000000000, -1.000000000000000000, 0.000000000000000000 ) ) ;
#7372 = CARTESIAN_POINT ( 'NONE',  ( 4.089999999999999858, 0.3810000000000000053, 1.574999999999999956 ) ) ;
#7373 = CARTESIAN_POINT ( 'NONE',  ( -4.783675919342393890, 1.820333333333333359, 0.4421813442138124439 ) ) ;
#7374 = DIRECTION ( 'NONE',  ( 1.000000000000000000, 0.000000000000000000, 0.000000000000000000 ) ) ;
#7375 = ORIENTED_EDGE ( 'NONE', *, *, #7149, .F. ) ;
#7376 = EDGE_CURVE ( 'NONE', #5894, #4113, #637, .T. ) ;
#7377 = DIRECTION ( 'NONE',  ( 0.000000000000000000, 1.000000000000000000, 0.000000000000000000 ) ) ;
#7378 = DIRECTION ( 'NONE',  ( -0.2589693139543370881, 0.000000000000000000, 0.9658855493432024764 ) ) ;
#7379 = ORIENTED_EDGE ( 'NONE', *, *, #1907, .F. ) ;
#7380 = ORIENTED_EDGE ( 'NONE', *, *, #2461, .F. ) ;
#7381 = CARTESIAN_POINT ( 'NONE',  ( 3.797000000000000153, 5.244999999999999218, 1.306000000000000050 ) ) ;
#7382 = CARTESIAN_POINT ( 'NONE',  ( 4.783000000000000362, 4.698999999999999844, 0.4420000000000000040 ) ) ;
#7383 = FACE_OUTER_BOUND ( 'NONE', #1378, .T. ) ;
#7384 = ORIENTED_EDGE ( 'NONE', *, *, #380, .F. ) ;
#7385 = VERTEX_POINT ( 'NONE', #2945 ) ;
#7386 = EDGE_CURVE ( 'NONE', #6145, #3163, #6577, .T. ) ;
#7387 = CARTESIAN_POINT ( 'NONE',  ( 5.028999999999999915, -2.920999999999999819, 0.2540000000000000036 ) ) ;
#7388 = CARTESIAN_POINT ( 'NONE',  ( -5.028999999999999915, -2.920999999999999819, 0.000000000000000000 ) ) ;
#7389 = ORIENTED_EDGE ( 'NONE', *, *, #976, .F. ) ;
#7390 = DIRECTION ( 'NONE',  ( 0.9658855493432024764, 0.000000000000000000, 0.2589693139543370881 ) ) ;
#7391 = VERTEX_POINT ( 'NONE', #5291 ) ;
#7392 = DIRECTION ( 'NONE',  ( 0.000000000000000000, 0.000000000000000000, 1.000000000000000000 ) ) ;
#7393 = DIRECTION ( 'NONE',  ( 0.000000000000000000, -1.000000000000000000, 0.000000000000000000 ) ) ;
#7394 = CARTESIAN_POINT ( 'NONE',  ( -3.797000000000000153, -4.191000000000000725, 1.320999999999999952 ) ) ;
#7395 = DIRECTION ( 'NONE',  ( 0.000000000000000000, 0.000000000000000000, -1.000000000000000000 ) ) ;
#7396 = LINE ( 'NONE', #3633, #1547 ) ;
#7397 = EDGE_CURVE ( 'NONE', #3704, #560, #2009, .T. ) ;
#7398 = ADVANCED_FACE ( 'NONE', ( #5931 ), #2432, .T. ) ;
#7399 = PLANE ( 'NONE',  #667 ) ;
#7400 = ORIENTED_EDGE ( 'NONE', *, *, #3177, .T. ) ;
#7401 = AXIS2_PLACEMENT_3D ( 'NONE', #7491, #3350, #7525 ) ;
#7402 = LINE ( 'NONE', #2097, #6118 ) ;
#7403 = PLANE ( 'NONE',  #7084 ) ;
#7404 = ORIENTED_EDGE ( 'NONE', *, *, #1018, .F. ) ;
#7405 = VECTOR ( 'NONE', #5275, 1000.000000000000000 ) ;
#7406 = PLANE ( 'NONE',  #1385 ) ;
#7407 = DIRECTION ( 'NONE',  ( 0.000000000000000000, 1.000000000000000000, 0.000000000000000000 ) ) ;
#7408 = DIRECTION ( 'NONE',  ( 0.000000000000000000, 0.000000000000000000, 1.000000000000000000 ) ) ;
#7409 = VECTOR ( 'NONE', #1367, 1000.000000000000000 ) ;
#7410 = CYLINDRICAL_SURFACE ( 'NONE', #4877, 0.5080000000000000071 ) ;
#7411 = ORIENTED_EDGE ( 'NONE', *, *, #3608, .T. ) ;
#7412 = AXIS2_PLACEMENT_3D ( 'NONE', #3370, #1095, #6863 ) ;
#7413 = CARTESIAN_POINT ( 'NONE',  ( 4.089999999999999858, 2.158999999999999808, 1.066999999999999948 ) ) ;
#7414 = CARTESIAN_POINT ( 'NONE',  ( 4.538000000000000256, -2.158999999999999808, 0.3770000000000000018 ) ) ;
#7415 = VERTEX_POINT ( 'NONE', #7587 ) ;
#7416 = EDGE_LOOP ( 'NONE', ( #3151, #318, #5587, #6240 ) ) ;
#7417 = DIRECTION ( 'NONE',  ( 1.000000000000000000, 0.000000000000000000, 0.000000000000000000 ) ) ;
#7418 = EDGE_CURVE ( 'NONE', #1044, #4752, #2524, .T. ) ;
#7419 = AXIS2_PLACEMENT_3D ( 'NONE', #2003, #4351, #2040 ) ;
#7420 = CARTESIAN_POINT ( 'NONE',  ( -4.538000000000000256, -3.429000000000000270, 0.3770000000000000018 ) ) ;
#7421 = CARTESIAN_POINT ( 'NONE',  ( 4.783000000000000362, 4.698999999999999844, 0.4420000000000000040 ) ) ;
#7422 = ORIENTED_EDGE ( 'NONE', *, *, #6461, .T. ) ;
#7423 = ORIENTED_EDGE ( 'NONE', *, *, #5624, .F. ) ;
#7424 =( LENGTH_UNIT ( ) NAMED_UNIT ( * ) SI_UNIT ( .MILLI., .METRE. ) );
#7425 = FACE_OUTER_BOUND ( 'NONE', #2192, .T. ) ;
#7426 = CARTESIAN_POINT ( 'NONE',  ( -4.538000000000000256, 4.191000000000000725, 0.3770000000000000018 ) ) ;
#7427 = ORIENTED_EDGE ( 'NONE', *, *, #5396, .T. ) ;
#7428 =( NAMED_UNIT ( * ) PLANE_ANGLE_UNIT ( ) SI_UNIT ( $, .RADIAN. ) );
#7429 = ORIENTED_EDGE ( 'NONE', *, *, #7435, .T. ) ;
#7430 = CARTESIAN_POINT ( 'NONE',  ( -3.797000000000000153, -4.698999999999999844, 1.574999999999999956 ) ) ;
#7431 = DIRECTION ( 'NONE',  ( 0.000000000000000000, 0.000000000000000000, -1.000000000000000000 ) ) ;
#7432 = DIRECTION ( 'NONE',  ( 0.000000000000000000, 0.000000000000000000, -1.000000000000000000 ) ) ;
#7433 = DIRECTION ( 'NONE',  ( 0.000000000000000000, 0.000000000000000000, -1.000000000000000000 ) ) ;
#7434 = CARTESIAN_POINT ( 'NONE',  ( -4.783000000000000362, 4.191000000000000725, 0.4420000000000000040 ) ) ;
#7435 = EDGE_CURVE ( 'NONE', #2890, #4608, #4694, .T. ) ;
#7436 = LINE ( 'NONE', #2129, #2743 ) ;
#7437 = VECTOR ( 'NONE', #6241, 1000.000000000000000 ) ;
#7438 = ORIENTED_EDGE ( 'NONE', *, *, #4076, .T. ) ;
#7439 = FACE_OUTER_BOUND ( 'NONE', #7180, .T. ) ;
#7440 = CLOSED_SHELL ( 'NONE', ( #3460, #4200, #5308, #878, #5636, #7261, #4254, #4078, #6796, #4960, #1802, #3998, #423, #1511 ) ) ;
#7441 = CARTESIAN_POINT ( 'NONE',  ( -4.581000000000000405, -0.8890000000000000124, 1.197999999999999954 ) ) ;
#7442 = ORIENTED_EDGE ( 'NONE', *, *, #4282, .T. ) ;
#7443 = DIRECTION ( 'NONE',  ( 0.000000000000000000, -1.000000000000000000, 0.000000000000000000 ) ) ;
#7444 = DIRECTION ( 'NONE',  ( 0.000000000000000000, 0.000000000000000000, -1.000000000000000000 ) ) ;
#7445 = FACE_OUTER_BOUND ( 'NONE', #6745, .T. ) ;
#7446 = DIRECTION ( 'NONE',  ( 0.000000000000000000, 0.000000000000000000, -1.000000000000000000 ) ) ;
#7447 = EDGE_LOOP ( 'NONE', ( #1451, #2557, #1272, #3740 ) ) ;
#7448 =( GEOMETRIC_REPRESENTATION_CONTEXT ( 3 ) GLOBAL_UNCERTAINTY_ASSIGNED_CONTEXT ( ( #7013 ) ) GLOBAL_UNIT_ASSIGNED_CONTEXT ( ( #3348, #5797, #6876 ) ) REPRESENTATION_CONTEXT ( 'NONE', 'WORKASPACE' ) );
#7449 = LINE ( 'NONE', #5032, #899 ) ;
#7450 = ADVANCED_FACE ( 'NONE', ( #1772 ), #1883, .T. ) ;
#7451 = CARTESIAN_POINT ( 'NONE',  ( 4.783675919342393890, 3.090333333333333599, 0.4421813442138124439 ) ) ;
#7452 = ORIENTED_EDGE ( 'NONE', *, *, #2316, .F. ) ;
#7453 = ADVANCED_FACE ( 'NONE', ( #2503 ), #746, .T. ) ;
#7454 = VERTEX_POINT ( 'NONE', #6774 ) ;
#7455 = EDGE_CURVE ( 'NONE', #4052, #5190, #5433, .T. ) ;
#7456 = AXIS2_PLACEMENT_3D ( 'NONE', #1176, #5900, #1214 ) ;
#7457 = CARTESIAN_POINT ( 'NONE',  ( -4.470144042195333789, -1.650999999999999801, 0.6289492480282171671 ) ) ;
#7458 = AXIS2_PLACEMENT_3D ( 'NONE', #4533, #5189, #2847 ) ;
#7459 = ORIENTED_EDGE ( 'NONE', *, *, #4440, .F. ) ;
#7460 = LINE ( 'NONE', #2815, #2218 ) ;
#7461 = CARTESIAN_POINT ( 'NONE',  ( 5.321000000000000618, 0.3810000000000000053, 0.2540000000000000036 ) ) ;
#7462 = ORIENTED_EDGE ( 'NONE', *, *, #380, .T. ) ;
#7463 = EDGE_CURVE ( 'NONE', #1496, #4977, #1980, .T. ) ;
#7464 = CIRCLE ( 'NONE', #4148, 0.2540000000000003366 ) ;
#7465 = AXIS2_PLACEMENT_3D ( 'NONE', #2955, #643, #6547 ) ;
#7466 = ORIENTED_EDGE ( 'NONE', *, *, #4922, .F. ) ;
#7467 = DIRECTION ( 'NONE',  ( 1.000000000000000000, 0.000000000000000000, 0.000000000000000000 ) ) ;
#7468 = CARTESIAN_POINT ( 'NONE',  ( -4.538169246415237446, -4.360333333333333172, 0.3770451553572226611 ) ) ;
#7469 = AXIS2_PLACEMENT_3D ( 'NONE', #1070, #5225, #6985 ) ;
#7470 = AXIS2_PLACEMENT_3D ( 'NONE', #3730, #6764, #6182 ) ;
#7471 = FACE_OUTER_BOUND ( 'NONE', #7336, .T. ) ;
#7472 = ORIENTED_EDGE ( 'NONE', *, *, #3177, .F. ) ;
#7473 = EDGE_LOOP ( 'NONE', ( #1887, #3436, #3159, #2977 ) ) ;
#7474 =( GEOMETRIC_REPRESENTATION_CONTEXT ( 3 ) GLOBAL_UNCERTAINTY_ASSIGNED_CONTEXT ( ( #3710 ) ) GLOBAL_UNIT_ASSIGNED_CONTEXT ( ( #1519, #6684, #6071 ) ) REPRESENTATION_CONTEXT ( 'NONE', 'WORKASPACE' ) );
#7475 = DIRECTION ( 'NONE',  ( -1.000000000000000000, 0.000000000000000000, 0.000000000000000000 ) ) ;
#7476 = LINE ( 'NONE', #6933, #52 ) ;
#7477 = PLANE ( 'NONE',  #1968 ) ;
#7478 = FACE_OUTER_BOUND ( 'NONE', #341, .T. ) ;
#7479 = PLANE ( 'NONE',  #5271 ) ;
#7480 = CARTESIAN_POINT ( 'NONE',  ( -3.797000000000000153, 3.429000000000000270, 1.320999999999999952 ) ) ;
#7481 = ORIENTED_EDGE ( 'NONE', *, *, #5901, .T. ) ;
#7482 = CARTESIAN_POINT ( 'NONE',  ( -5.321000000000000618, -4.191000000000000725, 0.000000000000000000 ) ) ;
#7483 = FACE_OUTER_BOUND ( 'NONE', #5704, .T. ) ;
#7484 = ORIENTED_EDGE ( 'NONE', *, *, #933, .F. ) ;
#7485 = DIRECTION ( 'NONE',  ( 0.000000000000000000, 1.000000000000000000, 0.000000000000000000 ) ) ;
#7486 = SURFACE_STYLE_FILL_AREA ( #3957 ) ;
#7487 = EDGE_CURVE ( 'NONE', #6773, #5894, #5583, .T. ) ;
#7488 = DIRECTION ( 'NONE',  ( 0.000000000000000000, -1.000000000000000000, 0.000000000000000000 ) ) ;
#7489 = AXIS2_PLACEMENT_3D ( 'NONE', #5224, #5148, #460 ) ;
#7490 = DIRECTION ( 'NONE',  ( 1.000000000000000000, 0.000000000000000000, 0.000000000000000000 ) ) ;
#7491 = CARTESIAN_POINT ( 'NONE',  ( 5.321000000000000618, -4.698999999999999844, 0.2540000000000000036 ) ) ;
#7492 = CARTESIAN_POINT ( 'NONE',  ( 5.028999999999999915, -1.650999999999999801, 0.5080000000000000071 ) ) ;
#7493 = LINE ( 'NONE', #1113, #6346 ) ;
#7494 = B_SPLINE_CURVE_WITH_KNOTS ( 'NONE', 3,
 ( #1757, #2263, #4612, #4115 ),
 .UNSPECIFIED., .F., .F.,
 ( 4, 4 ),
 ( 0.000000000000000000, 1.000000000000000000 ),
 .UNSPECIFIED. ) ;
#7495 = EDGE_LOOP ( 'NONE', ( #3209, #6234, #1170, #3810, #5623, #5837, #4014, #4738, #4826, #2112, #918, #4661 ) ) ;
#7496 = ORIENTED_EDGE ( 'NONE', *, *, #4024, .T. ) ;
#7497 = DIRECTION ( 'NONE',  ( 0.000000000000000000, -1.000000000000000000, 0.000000000000000000 ) ) ;
#7498 = CARTESIAN_POINT ( 'NONE',  ( -3.797000000000000153, 0.3810000000000000053, 1.320999999999999952 ) ) ;
#7499 = CARTESIAN_POINT ( 'NONE',  ( -4.538000000000000256, 4.698999999999999844, 0.3770000000000000018 ) ) ;
#7500 = EDGE_CURVE ( 'NONE', #3413, #2421, #4925, .T. ) ;
#7501 = ORIENTED_EDGE ( 'NONE', *, *, #6792, .F. ) ;
#7502 = EDGE_CURVE ( 'NONE', #1216, #1169, #4276, .T. ) ;
#7503 = AXIS2_PLACEMENT_3D ( 'NONE', #1127, #5427, #6729 ) ;
#7504 = VERTEX_POINT ( 'NONE', #3089 ) ;
#7505 = CARTESIAN_POINT ( 'NONE',  ( 4.580830753584762327, -3.090333333333333599, 1.197954844642777461 ) ) ;
#7506 = DIRECTION ( 'NONE',  ( 0.000000000000000000, 1.000000000000000000, 0.000000000000000000 ) ) ;
#7507 = AXIS2_PLACEMENT_3D ( 'NONE', #757, #144, #7569 ) ;
#7508 = CARTESIAN_POINT ( 'NONE',  ( -3.797000000000000153, -2.158999999999999808, 1.320999999999999952 ) ) ;
#7509 = ORIENTED_EDGE ( 'NONE', *, *, #6228, .F. ) ;
#7510 = ORIENTED_EDGE ( 'NONE', *, *, #5820, .T. ) ;
#7511 = DIRECTION ( 'NONE',  ( 0.000000000000000000, 1.000000000000000000, 0.000000000000000000 ) ) ;
#7512 = CARTESIAN_POINT ( 'NONE',  ( -3.797000000000000153, 2.920999999999999819, 1.574999999999999956 ) ) ;
#7513 = CARTESIAN_POINT ( 'NONE',  ( 5.028999999999999915, 3.429000000000000270, 0.5080000000000000071 ) ) ;
#7514 = EDGE_CURVE ( 'NONE', #101, #5011, #7192, .T. ) ;
#7515 = CARTESIAN_POINT ( 'NONE',  ( 5.028999999999999915, 0.3810000000000000053, 0.000000000000000000 ) ) ;
#7516 = CARTESIAN_POINT ( 'NONE',  ( -3.797000000000000153, 5.244999999999999218, 1.306000000000000050 ) ) ;
#7517 = CARTESIAN_POINT ( 'NONE',  ( 4.783000000000000362, 0.8890000000000000124, 0.4420000000000000040 ) ) ;
#7518 = ORIENTED_EDGE ( 'NONE', *, *, #4990, .T. ) ;
#7519 = CARTESIAN_POINT ( 'NONE',  ( -4.089999999999999858, 2.158999999999999808, 1.574999999999999956 ) ) ;
#7520 = CARTESIAN_POINT ( 'NONE',  ( -4.783000000000000362, 4.698999999999999844, 0.4420000000000000040 ) ) ;
#7521 = ORIENTED_EDGE ( 'NONE', *, *, #3341, .T. ) ;
#7522 = CARTESIAN_POINT ( 'NONE',  ( -5.321000000000000618, -2.920999999999999819, 0.000000000000000000 ) ) ;
#7523 = CARTESIAN_POINT ( 'NONE',  ( 4.334999999999999964, -4.698999999999999844, 1.132999999999999785 ) ) ;
#7524 = DIRECTION ( 'NONE',  ( 0.000000000000000000, 0.000000000000000000, -1.000000000000000000 ) ) ;
#7525 = DIRECTION ( 'NONE',  ( 1.000000000000000000, 0.000000000000000000, 0.000000000000000000 ) ) ;
#7526 = EDGE_CURVE ( 'NONE', #4306, #6535, #7308, .T. ) ;
#7527 = LINE ( 'NONE', #2255, #7101 ) ;
#7528 = CARTESIAN_POINT ( 'NONE',  ( -3.620000000000000107, -5.142999999999999794, 0.2540000000000000036 ) ) ;
#7529 = ORIENTED_EDGE ( 'NONE', *, *, #4084, .T. ) ;
#7530 = EDGE_LOOP ( 'NONE', ( #3793, #3558, #2282, #5744 ) ) ;
#7531 = CARTESIAN_POINT ( 'NONE',  ( -4.538000000000000256, -0.8890000000000000124, 0.3770000000000000018 ) ) ;
#7532 = VECTOR ( 'NONE', #1859, 1000.000000000000000 ) ;
#7533 = ORIENTED_EDGE ( 'NONE', *, *, #536, .F. ) ;
#7534 = DIRECTION ( 'NONE',  ( 0.000000000000000000, -1.000000000000000000, 0.000000000000000000 ) ) ;
#7535 = DIRECTION ( 'NONE',  ( 0.000000000000000000, 1.000000000000000000, 0.000000000000000000 ) ) ;
#7536 = AXIS2_PLACEMENT_3D ( 'NONE', #5157, #4047, #6916 ) ;
#7537 = VERTEX_POINT ( 'NONE', #7272 ) ;
#7538 = ADVANCED_FACE ( 'NONE', ( #856 ), #3165, .T. ) ;
#7539 = ORIENTED_EDGE ( 'NONE', *, *, #6084, .F. ) ;
#7540 = ADVANCED_FACE ( 'NONE', ( #6122 ), #3202, .F. ) ;
#7541 = DIRECTION ( 'NONE',  ( 0.000000000000000000, -1.000000000000000000, 0.000000000000000000 ) ) ;
#7542 = CARTESIAN_POINT ( 'NONE',  ( 4.089999999999999858, -1.650999999999999801, 1.066999999999999948 ) ) ;
#7543 = ORIENTED_EDGE ( 'NONE', *, *, #2893, .T. ) ;
#7544 = VERTEX_POINT ( 'NONE', #282 ) ;
#7545 = ADVANCED_FACE ( 'NONE', ( #892 ), #6007, .T. ) ;
#7546 = ORIENTED_EDGE ( 'NONE', *, *, #363, .T. ) ;
#7547 = DIRECTION ( 'NONE',  ( 0.000000000000000000, 0.000000000000000000, 1.000000000000000000 ) ) ;
#7548 = DIRECTION ( 'NONE',  ( 0.000000000000000000, -1.000000000000000000, 0.000000000000000000 ) ) ;
#7549 = EDGE_CURVE ( 'NONE', #7077, #5970, #2132, .T. ) ;
#7550 = FACE_OUTER_BOUND ( 'NONE', #29, .T. ) ;
#7551 = CARTESIAN_POINT ( 'NONE',  ( -4.538000000000000256, 1.650999999999999801, 0.3770000000000000018 ) ) ;
#7552 = VERTEX_POINT ( 'NONE', #6156 ) ;
#7553 = ADVANCED_FACE ( 'NONE', ( #4391 ), #3239, .T. ) ;
#7554 = CARTESIAN_POINT ( 'NONE',  ( -5.321000000000000618, 4.191000000000000725, 0.000000000000000000 ) ) ;
#7555 = CARTESIAN_POINT ( 'NONE',  ( 3.797000000000000153, 4.191000000000000725, 1.574999999999999956 ) ) ;
#7556 = ORIENTED_EDGE ( 'NONE', *, *, #5774, .F. ) ;
#7557 = CARTESIAN_POINT ( 'NONE',  ( -4.581000000000000405, -0.8890000000000000124, 1.197999999999999954 ) ) ;
#7558 = LINE ( 'NONE', #4565, #858 ) ;
#7559 = LINE ( 'NONE', #1147, #358 ) ;
#7560 = CARTESIAN_POINT ( 'NONE',  ( 5.028999999999999915, 4.191000000000000725, 0.000000000000000000 ) ) ;
#7561 = COLOUR_RGB ( '',0.7215686274509803821, 0.7215686274509803821, 0.7215686274509803821 ) ;
#7562 = FACE_OUTER_BOUND ( 'NONE', #2621, .T. ) ;
#7563 =( LENGTH_UNIT ( ) NAMED_UNIT ( * ) SI_UNIT ( .MILLI., .METRE. ) );
#7564 = DIRECTION ( 'NONE',  ( 0.000000000000000000, 0.000000000000000000, -1.000000000000000000 ) ) ;
#7565 = ORIENTED_EDGE ( 'NONE', *, *, #2434, .F. ) ;
#7566 = VERTEX_POINT ( 'NONE', #1355 ) ;
#7567 = VECTOR ( 'NONE', #7378, 1000.000000000000000 ) ;
#7568 = DIRECTION ( 'NONE',  ( -1.000000000000000000, 0.000000000000000000, 0.000000000000000000 ) ) ;
#7569 = DIRECTION ( 'NONE',  ( -0.7931070766835157659, 0.000000000000000000, -0.6090822316522848112 ) ) ;
#7570 = CARTESIAN_POINT ( 'NONE',  ( -4.538000000000000256, -4.698999999999999844, 0.3770000000000000018 ) ) ;
#7571 = VECTOR ( 'NONE', #2826, 1000.000000000000000 ) ;
#7572 = ORIENTED_EDGE ( 'NONE', *, *, #43, .F. ) ;
#7573 = AXIS2_PLACEMENT_3D ( 'NONE', #4556, #988, #2279 ) ;
#7574 = B_SPLINE_CURVE_WITH_KNOTS ( 'NONE', 3,
 ( #6704, #939, #4970, #2548 ),
 .UNSPECIFIED., .F., .F.,
 ( 4, 4 ),
 ( 0.000000000000000000, 1.000000000000000000 ),
 .UNSPECIFIED. ) ;
#7575 = EDGE_CURVE ( 'NONE', #5146, #4194, #3707, .T. ) ;
#7576 = ORIENTED_EDGE ( 'NONE', *, *, #4990, .F. ) ;
#7577 = DIRECTION ( 'NONE',  ( 0.000000000000000000, 0.000000000000000000, 1.000000000000000000 ) ) ;
#7578 = ADVANCED_FACE ( 'NONE', ( #6695 ), #7235, .T. ) ;
#7579 = CARTESIAN_POINT ( 'NONE',  ( 5.321000000000000618, 4.191000000000000725, 0.2540000000000000036 ) ) ;
#7580 = CIRCLE ( 'NONE', #5133, 0.5080000000000001181 ) ;
#7581 = ORIENTED_EDGE ( 'NONE', *, *, #4763, .F. ) ;
#7582 = CIRCLE ( 'NONE', #7465, 0.5080000000000001181 ) ;
#7583 = VERTEX_POINT ( 'NONE', #6235 ) ;
#7584 = ORIENTED_EDGE ( 'NONE', *, *, #1711, .T. ) ;
#7585 = ORIENTED_EDGE ( 'NONE', *, *, #5059, .F. ) ;
#7586 = CIRCLE ( 'NONE', #6607, 0.5080000000000001181 ) ;
#7587 = CARTESIAN_POINT ( 'NONE',  ( 4.089999999999999858, -4.698999999999999844, 1.574999999999999956 ) ) ;
#7588 = DIRECTION ( 'NONE',  ( 0.000000000000000000, 0.000000000000000000, -1.000000000000000000 ) ) ;
#7589 = DIRECTION ( 'NONE',  ( -0.7931070766835157659, 0.000000000000000000, -0.6090822316522848112 ) ) ;
#7590 = CARTESIAN_POINT ( 'NONE',  ( 5.028999999999999915, 4.698999999999999844, 0.5080000000000000071 ) ) ;
#7591 = EDGE_CURVE ( 'NONE', #5116, #5957, #4367, .T. ) ;
#7592 = CIRCLE ( 'NONE', #4274, 0.2540000000000003366 ) ;
#7593 = ADVANCED_FACE ( 'NONE', ( #366 ), #5739, .T. ) ;
#7594 = AXIS2_PLACEMENT_3D ( 'NONE', #7492, #1640, #5764 ) ;
#7595 = EDGE_CURVE ( 'NONE', #4232, #4761, #1531, .T. ) ;
#7596 = EDGE_LOOP ( 'NONE', ( #6310, #2954, #694, #2355 ) ) ;
#7597 = CARTESIAN_POINT ( 'NONE',  ( -4.334999999999999964, 1.650999999999999801, 1.132999999999999785 ) ) ;
#7598 = ORIENTED_EDGE ( 'NONE', *, *, #3634, .T. ) ;
#7599 = CARTESIAN_POINT ( 'NONE',  ( 3.798145634621056921, 1.748333333333333517, 1.305805962493186811 ) ) ;
#7600 = LINE ( 'NONE', #3537, #4625 ) ;
#7601 = CARTESIAN_POINT ( 'NONE',  ( -5.321000000000000618, 0.3810000000000000053, 0.000000000000000000 ) ) ;
ENDSEC;
END-ISO-10303-21;
